0 verbose cli C:\Program Files\nodejs\node.exe C:\Program Files\nodejs\node_modules\npm\bin\npm-cli.js
1 info using npm@11.9.0
2 info using node@v24.14.0
3 silly config load:file:C:\Program Files\nodejs\node_modules\npm\npmrc
4 silly config load:file:C:\Users\andre\OneDrive - Universidad Pontificia Comillas\TiempoConEnrique\.npmrc
5 silly config load:file:C:\Users\andre\.npmrc
6 silly config load:file:C:\Users\andre\AppData\Roaming\npm\etc\npmrc
7 verbose title npm install
8 verbose argv "install" "--cache" ".npm-cache" "--no-audit" "--no-fund"
9 verbose logfile logs-max:10 dir:C:\Users\andre\OneDrive - Universidad Pontificia Comillas\TiempoConEnrique\.npm-cache\_logs\2026-06-18T20_50_48_418Z-
10 verbose logfile C:\Users\andre\OneDrive - Universidad Pontificia Comillas\TiempoConEnrique\.npm-cache\_logs\2026-06-18T20_50_48_418Z-debug-0.log
11 silly logfile done cleaning log files
12 silly packumentCache heap:2348810240 maxSize:587202560 maxEntrySize:293601280
13 silly idealTree buildDeps
14 silly fetch manifest @supabase/ssr@latest
15 silly packumentCache full:https://registry.npmjs.org/@supabase%2fssr cache-miss
16 http fetch GET 200 https://registry.npmjs.org/@supabase%2fssr 524ms (cache miss)
17 silly packumentCache full:https://registry.npmjs.org/@supabase%2fssr set size:undefined disposed:false
18 silly fetch manifest @supabase/supabase-js@latest
19 silly packumentCache full:https://registry.npmjs.org/@supabase%2fsupabase-js cache-miss
20 http fetch GET 200 https://registry.npmjs.org/@supabase%2fsupabase-js 215ms (cache miss)
21 silly packumentCache full:https://registry.npmjs.org/@supabase%2fsupabase-js set size:undefined disposed:false
22 silly fetch manifest @tiptap/core@latest
23 silly packumentCache full:https://registry.npmjs.org/@tiptap%2fcore cache-miss
24 http fetch GET 200 https://registry.npmjs.org/@tiptap%2fcore 150ms (cache miss)
25 silly packumentCache full:https://registry.npmjs.org/@tiptap%2fcore set size:undefined disposed:false
26 silly fetch manifest @tiptap/pm@3.27.1
27 silly packumentCache full:https://registry.npmjs.org/@tiptap%2fpm cache-miss
28 http fetch GET 200 https://registry.npmjs.org/@tiptap%2fpm 262ms (cache miss)
29 silly packumentCache full:https://registry.npmjs.org/@tiptap%2fpm set size:undefined disposed:false
30 silly fetch manifest @tiptap/extension-link@latest
31 silly packumentCache full:https://registry.npmjs.org/@tiptap%2fextension-link cache-miss
32 http fetch GET 200 https://registry.npmjs.org/@tiptap%2fextension-link 315ms (cache miss)
33 silly packumentCache full:https://registry.npmjs.org/@tiptap%2fextension-link set size:undefined disposed:false
34 silly fetch manifest @tiptap/extension-text-style@latest
35 silly packumentCache full:https://registry.npmjs.org/@tiptap%2fextension-text-style cache-miss
36 http fetch GET 200 https://registry.npmjs.org/@tiptap%2fextension-text-style 492ms (cache miss)
37 silly packumentCache full:https://registry.npmjs.org/@tiptap%2fextension-text-style set size:undefined disposed:false
38 silly fetch manifest @tiptap/react@latest
39 silly packumentCache full:https://registry.npmjs.org/@tiptap%2freact cache-miss
40 http fetch GET 200 https://registry.npmjs.org/@tiptap%2freact 326ms (cache miss)
41 silly packumentCache full:https://registry.npmjs.org/@tiptap%2freact set size:undefined disposed:false
42 silly fetch manifest @types/react@latest
43 silly packumentCache full:https://registry.npmjs.org/@types%2freact cache-miss
44 http fetch GET 200 https://registry.npmjs.org/@types%2freact 244ms (cache miss)
45 silly packumentCache full:https://registry.npmjs.org/@types%2freact set size:undefined disposed:false
46 silly fetch manifest @types/react-dom@latest
47 silly packumentCache full:https://registry.npmjs.org/@types%2freact-dom cache-miss
48 http fetch GET 200 https://registry.npmjs.org/@types%2freact-dom 106ms (cache miss)
49 silly packumentCache full:https://registry.npmjs.org/@types%2freact-dom set size:undefined disposed:false
50 silly fetch manifest react@latest
51 silly packumentCache full:https://registry.npmjs.org/react cache-miss
52 http fetch GET 200 https://registry.npmjs.org/react 515ms (cache miss)
53 silly packumentCache full:https://registry.npmjs.org/react set size:undefined disposed:false
54 silly fetch manifest react-dom@latest
55 silly packumentCache full:https://registry.npmjs.org/react-dom cache-miss
56 http fetch GET 200 https://registry.npmjs.org/react-dom 480ms (cache miss)
57 silly packumentCache full:https://registry.npmjs.org/react-dom set size:undefined disposed:false
58 silly fetch manifest @tiptap/starter-kit@latest
59 silly packumentCache full:https://registry.npmjs.org/@tiptap%2fstarter-kit cache-miss
60 http fetch GET 200 https://registry.npmjs.org/@tiptap%2fstarter-kit 538ms (cache miss)
61 silly packumentCache full:https://registry.npmjs.org/@tiptap%2fstarter-kit set size:undefined disposed:false
62 silly fetch manifest clsx@latest
63 silly packumentCache full:https://registry.npmjs.org/clsx cache-miss
64 http fetch GET 200 https://registry.npmjs.org/clsx 79ms (cache miss)
65 silly packumentCache full:https://registry.npmjs.org/clsx set size:undefined disposed:false
66 silly fetch manifest next@latest
67 silly packumentCache full:https://registry.npmjs.org/next cache-miss
68 http fetch GET 200 https://registry.npmjs.org/next 1304ms (cache miss)
69 silly packumentCache full:https://registry.npmjs.org/next set size:undefined disposed:false
70 silly fetch manifest @opentelemetry/api@^1.1.0
71 silly packumentCache full:https://registry.npmjs.org/@opentelemetry%2fapi cache-miss
72 http fetch GET 200 https://registry.npmjs.org/@opentelemetry%2fapi 629ms (cache miss)
73 silly packumentCache full:https://registry.npmjs.org/@opentelemetry%2fapi set size:undefined disposed:false
74 silly fetch manifest @playwright/test@^1.51.1
75 silly packumentCache full:https://registry.npmjs.org/@playwright%2ftest cache-miss
76 http fetch GET 200 https://registry.npmjs.org/@playwright%2ftest 968ms (cache miss)
77 silly packumentCache full:https://registry.npmjs.org/@playwright%2ftest set size:undefined disposed:false
78 silly fetch manifest babel-plugin-react-compiler@*
79 silly packumentCache full:https://registry.npmjs.org/babel-plugin-react-compiler cache-miss
80 http fetch GET 200 https://registry.npmjs.org/babel-plugin-react-compiler 100ms (cache miss)
81 silly packumentCache full:https://registry.npmjs.org/babel-plugin-react-compiler set size:undefined disposed:false
82 silly fetch manifest sass@^1.3.0
83 silly packumentCache full:https://registry.npmjs.org/sass cache-miss
84 http fetch GET 200 https://registry.npmjs.org/sass 127ms (cache miss)
85 silly packumentCache full:https://registry.npmjs.org/sass set size:undefined disposed:false
86 silly fetch manifest sanitize-html@latest
87 silly packumentCache full:https://registry.npmjs.org/sanitize-html cache-miss
88 http fetch GET 200 https://registry.npmjs.org/sanitize-html 99ms (cache miss)
89 silly packumentCache full:https://registry.npmjs.org/sanitize-html set size:undefined disposed:false
90 silly fetch manifest @tailwindcss/postcss@latest
91 silly packumentCache full:https://registry.npmjs.org/@tailwindcss%2fpostcss cache-miss
92 http fetch GET 200 https://registry.npmjs.org/@tailwindcss%2fpostcss 178ms (cache miss)
93 silly packumentCache full:https://registry.npmjs.org/@tailwindcss%2fpostcss set size:undefined disposed:false
94 silly fetch manifest @types/node@latest
95 silly packumentCache full:https://registry.npmjs.org/@types%2fnode cache-miss
96 http fetch GET 200 https://registry.npmjs.org/@types%2fnode 631ms (cache miss)
97 silly packumentCache full:https://registry.npmjs.org/@types%2fnode set size:undefined disposed:false
98 silly fetch manifest @types/sanitize-html@latest
99 silly packumentCache full:https://registry.npmjs.org/@types%2fsanitize-html cache-miss
100 http fetch GET 200 https://registry.npmjs.org/@types%2fsanitize-html 394ms (cache miss)
101 silly packumentCache full:https://registry.npmjs.org/@types%2fsanitize-html set size:undefined disposed:false
102 silly fetch manifest eslint@latest
103 silly packumentCache full:https://registry.npmjs.org/eslint cache-miss
104 http fetch GET 200 https://registry.npmjs.org/eslint 153ms (cache miss)
105 silly packumentCache full:https://registry.npmjs.org/eslint set size:undefined disposed:false
106 silly fetch manifest jiti@*
107 silly packumentCache full:https://registry.npmjs.org/jiti cache-miss
108 http fetch GET 200 https://registry.npmjs.org/jiti 127ms (cache miss)
109 silly packumentCache full:https://registry.npmjs.org/jiti set size:undefined disposed:false
110 silly fetch manifest eslint-config-next@latest
111 silly packumentCache full:https://registry.npmjs.org/eslint-config-next cache-miss
112 http fetch GET 200 https://registry.npmjs.org/eslint-config-next 561ms (cache miss)
113 silly packumentCache full:https://registry.npmjs.org/eslint-config-next set size:undefined disposed:false
114 silly fetch manifest typescript@latest
115 silly packumentCache full:https://registry.npmjs.org/typescript cache-miss
116 http fetch GET 200 https://registry.npmjs.org/typescript 776ms (cache miss)
117 silly packumentCache full:https://registry.npmjs.org/typescript set size:undefined disposed:false
118 silly fetch manifest tailwindcss@latest
119 silly packumentCache full:https://registry.npmjs.org/tailwindcss cache-miss
120 http fetch GET 200 https://registry.npmjs.org/tailwindcss 647ms (cache miss)
121 silly packumentCache full:https://registry.npmjs.org/tailwindcss set size:undefined disposed:false
122 silly placeDep ROOT @supabase/ssr@0.12.0 OK for: tiempo-con-enrique@0.1.0 want: latest
123 silly placeDep ROOT @supabase/supabase-js@2.108.2 OK for: @supabase/ssr@0.12.0 want: ^2.108.0
124 silly placeDep ROOT @tailwindcss/postcss@4.3.1 OK for: tiempo-con-enrique@0.1.0 want: latest
125 silly placeDep ROOT @tiptap/core@3.27.1 OK for: tiempo-con-enrique@0.1.0 want: latest
126 silly placeDep ROOT @tiptap/pm@3.27.1 OK for: @tiptap/core@3.27.1 want: 3.27.1
127 silly placeDep ROOT @tiptap/extension-link@3.27.1 OK for: tiempo-con-enrique@0.1.0 want: latest
128 silly placeDep ROOT @tiptap/extension-text-style@3.27.1 OK for: tiempo-con-enrique@0.1.0 want: latest
129 silly placeDep ROOT @tiptap/react@3.27.1 OK for: tiempo-con-enrique@0.1.0 want: latest
130 silly placeDep ROOT @types/react@19.2.17 OK for: @tiptap/react@3.27.1 want: ^17.0.0 || ^18.0.0 || ^19.0.0
131 silly placeDep ROOT @types/react-dom@19.2.3 OK for: @tiptap/react@3.27.1 want: ^17.0.0 || ^18.0.0 || ^19.0.0
132 silly placeDep ROOT react@19.2.7 OK for: @tiptap/react@3.27.1 want: ^17.0.0 || ^18.0.0 || ^19.0.0
133 silly placeDep ROOT react-dom@19.2.7 OK for: @tiptap/react@3.27.1 want: ^17.0.0 || ^18.0.0 || ^19.0.0
134 silly placeDep ROOT @tiptap/starter-kit@3.27.1 OK for: tiempo-con-enrique@0.1.0 want: latest
135 silly placeDep ROOT @types/node@25.9.3 OK for: tiempo-con-enrique@0.1.0 want: latest
136 silly placeDep ROOT @types/sanitize-html@2.16.1 OK for: tiempo-con-enrique@0.1.0 want: latest
137 silly placeDep ROOT clsx@2.1.1 OK for: tiempo-con-enrique@0.1.0 want: latest
138 silly placeDep ROOT eslint@10.5.0 OK for: tiempo-con-enrique@0.1.0 want: latest
139 silly placeDep ROOT eslint-config-next@16.2.9 OK for: tiempo-con-enrique@0.1.0 want: latest
140 silly placeDep ROOT next@16.2.9 OK for: tiempo-con-enrique@0.1.0 want: latest
141 silly placeDep ROOT sanitize-html@2.17.5 OK for: tiempo-con-enrique@0.1.0 want: latest
142 silly placeDep ROOT tailwindcss@4.3.1 OK for: tiempo-con-enrique@0.1.0 want: latest
143 silly placeDep ROOT typescript@6.0.3 OK for: tiempo-con-enrique@0.1.0 want: latest
144 silly fetch manifest cookie@^1.0.2
145 silly packumentCache full:https://registry.npmjs.org/cookie cache-miss
146 silly fetch manifest @supabase/auth-js@2.108.2
147 silly packumentCache full:https://registry.npmjs.org/@supabase%2fauth-js cache-miss
148 silly fetch manifest @supabase/storage-js@2.108.2
149 silly packumentCache full:https://registry.npmjs.org/@supabase%2fstorage-js cache-miss
150 silly fetch manifest @supabase/realtime-js@2.108.2
151 silly packumentCache full:https://registry.npmjs.org/@supabase%2frealtime-js cache-miss
152 silly fetch manifest @supabase/functions-js@2.108.2
153 silly packumentCache full:https://registry.npmjs.org/@supabase%2ffunctions-js cache-miss
154 silly fetch manifest @supabase/postgrest-js@2.108.2
155 silly packumentCache full:https://registry.npmjs.org/@supabase%2fpostgrest-js cache-miss
156 silly fetch manifest postcss@8.5.15
157 silly packumentCache full:https://registry.npmjs.org/postcss cache-miss
158 http fetch GET 200 https://registry.npmjs.org/cookie 67ms (cache miss)
159 silly packumentCache full:https://registry.npmjs.org/cookie set size:undefined disposed:false
160 silly fetch manifest tailwindcss@4.3.1
161 silly packumentCache full:https://registry.npmjs.org/tailwindcss cache-miss
162 http cache https://registry.npmjs.org/tailwindcss 42ms (cache hit)
163 silly packumentCache full:https://registry.npmjs.org/tailwindcss set size:10678571 disposed:false
164 silly fetch manifest @alloc/quick-lru@^5.2.0
165 silly packumentCache full:https://registry.npmjs.org/@alloc%2fquick-lru cache-miss
166 http fetch GET 200 https://registry.npmjs.org/postcss 283ms (cache miss)
167 silly packumentCache full:https://registry.npmjs.org/postcss set size:undefined disposed:false
168 silly fetch manifest @tailwindcss/node@4.3.1
169 silly packumentCache full:https://registry.npmjs.org/@tailwindcss%2fnode cache-miss
170 http fetch GET 200 https://registry.npmjs.org/@supabase%2ffunctions-js 311ms (cache miss)
171 silly packumentCache full:https://registry.npmjs.org/@supabase%2ffunctions-js set size:undefined disposed:false
172 silly fetch manifest @tailwindcss/oxide@4.3.1
173 silly packumentCache full:https://registry.npmjs.org/@tailwindcss%2foxide cache-miss
174 http fetch GET 200 https://registry.npmjs.org/@supabase%2fauth-js 328ms (cache miss)
175 silly packumentCache full:https://registry.npmjs.org/@supabase%2fauth-js set size:undefined disposed:false
176 silly fetch manifest prosemirror-changeset@^2.3.0
177 silly packumentCache full:https://registry.npmjs.org/prosemirror-changeset cache-miss
178 http fetch GET 200 https://registry.npmjs.org/@supabase%2fpostgrest-js 367ms (cache miss)
179 silly packumentCache full:https://registry.npmjs.org/@supabase%2fpostgrest-js set size:undefined disposed:false
180 silly fetch manifest prosemirror-commands@^1.6.2
181 silly packumentCache full:https://registry.npmjs.org/prosemirror-commands cache-miss
182 http fetch GET 200 https://registry.npmjs.org/@supabase%2frealtime-js 390ms (cache miss)
183 silly packumentCache full:https://registry.npmjs.org/@supabase%2frealtime-js set size:undefined disposed:false
184 silly fetch manifest prosemirror-dropcursor@^1.8.1
185 silly packumentCache full:https://registry.npmjs.org/prosemirror-dropcursor cache-miss
186 http fetch GET 200 https://registry.npmjs.org/@supabase%2fstorage-js 410ms (cache miss)
187 silly packumentCache full:https://registry.npmjs.org/@supabase%2fstorage-js set size:undefined disposed:false
188 silly fetch manifest prosemirror-gapcursor@^1.3.2
189 silly packumentCache full:https://registry.npmjs.org/prosemirror-gapcursor cache-miss
190 http fetch GET 200 https://registry.npmjs.org/prosemirror-changeset 89ms (cache miss)
191 silly packumentCache full:https://registry.npmjs.org/prosemirror-changeset set size:undefined disposed:false
192 silly fetch manifest prosemirror-history@^1.4.1
193 silly packumentCache full:https://registry.npmjs.org/prosemirror-history cache-miss
194 http fetch GET 200 https://registry.npmjs.org/@alloc%2fquick-lru 289ms (cache miss)
195 silly packumentCache full:https://registry.npmjs.org/@alloc%2fquick-lru set size:undefined disposed:false
196 silly fetch manifest prosemirror-inputrules@^1.4.0
197 silly packumentCache full:https://registry.npmjs.org/prosemirror-inputrules cache-miss
198 http fetch GET 200 https://registry.npmjs.org/prosemirror-gapcursor 57ms (cache miss)
199 silly packumentCache full:https://registry.npmjs.org/prosemirror-gapcursor set size:undefined disposed:false
200 silly fetch manifest prosemirror-keymap@^1.2.3
201 silly packumentCache full:https://registry.npmjs.org/prosemirror-keymap cache-miss
202 http fetch GET 200 https://registry.npmjs.org/prosemirror-inputrules 54ms (cache miss)
203 silly packumentCache full:https://registry.npmjs.org/prosemirror-inputrules set size:undefined disposed:false
204 silly fetch manifest prosemirror-model@^1.25.7
205 silly packumentCache full:https://registry.npmjs.org/prosemirror-model cache-miss
206 http fetch GET 200 https://registry.npmjs.org/@tailwindcss%2fnode 221ms (cache miss)
207 silly packumentCache full:https://registry.npmjs.org/@tailwindcss%2fnode set size:undefined disposed:false
208 silly fetch manifest prosemirror-schema-list@^1.5.0
209 silly packumentCache full:https://registry.npmjs.org/prosemirror-schema-list cache-miss
210 http fetch GET 200 https://registry.npmjs.org/prosemirror-keymap 86ms (cache miss)
211 silly packumentCache full:https://registry.npmjs.org/prosemirror-keymap set size:undefined disposed:false
212 silly fetch manifest prosemirror-state@^1.4.4
213 silly packumentCache full:https://registry.npmjs.org/prosemirror-state cache-miss
214 http fetch GET 200 https://registry.npmjs.org/prosemirror-dropcursor 235ms (cache miss)
215 silly packumentCache full:https://registry.npmjs.org/prosemirror-dropcursor set size:undefined disposed:false
216 silly fetch manifest prosemirror-tables@^1.8.0
217 silly packumentCache full:https://registry.npmjs.org/prosemirror-tables cache-miss
218 http fetch GET 200 https://registry.npmjs.org/@tailwindcss%2foxide 318ms (cache miss)
219 silly packumentCache full:https://registry.npmjs.org/@tailwindcss%2foxide set size:undefined disposed:false
220 silly fetch manifest prosemirror-transform@^1.12.0
221 silly packumentCache full:https://registry.npmjs.org/prosemirror-transform cache-miss
222 http fetch GET 200 https://registry.npmjs.org/prosemirror-commands 278ms (cache miss)
223 silly packumentCache full:https://registry.npmjs.org/prosemirror-commands set size:undefined disposed:false
224 silly fetch manifest prosemirror-view@^1.41.8
225 silly packumentCache full:https://registry.npmjs.org/prosemirror-view cache-miss
226 http fetch GET 200 https://registry.npmjs.org/prosemirror-history 252ms (cache miss)
227 silly packumentCache full:https://registry.npmjs.org/prosemirror-history set size:undefined disposed:false
228 silly fetch manifest linkifyjs@^4.3.3
229 silly packumentCache full:https://registry.npmjs.org/linkifyjs cache-miss
230 http fetch GET 200 https://registry.npmjs.org/prosemirror-tables 73ms (cache miss)
231 silly packumentCache full:https://registry.npmjs.org/prosemirror-tables set size:undefined disposed:false
232 silly fetch manifest @types/use-sync-external-store@^0.0.6
233 silly packumentCache full:https://registry.npmjs.org/@types%2fuse-sync-external-store cache-miss
234 http fetch GET 200 https://registry.npmjs.org/prosemirror-model 236ms (cache miss)
235 silly packumentCache full:https://registry.npmjs.org/prosemirror-model set size:undefined disposed:false
236 silly fetch manifest fast-equals@^5.3.3
237 silly packumentCache full:https://registry.npmjs.org/fast-equals cache-miss
238 http fetch GET 200 https://registry.npmjs.org/prosemirror-transform 96ms (cache miss)
239 silly packumentCache full:https://registry.npmjs.org/prosemirror-transform set size:undefined disposed:false
240 silly fetch manifest use-sync-external-store@^1.4.0
241 silly packumentCache full:https://registry.npmjs.org/use-sync-external-store cache-miss
242 http fetch GET 200 https://registry.npmjs.org/linkifyjs 108ms (cache miss)
243 silly packumentCache full:https://registry.npmjs.org/linkifyjs set size:undefined disposed:false
244 silly fetch manifest @tiptap/extension-floating-menu@^3.27.1
245 silly packumentCache full:https://registry.npmjs.org/@tiptap%2fextension-floating-menu cache-miss
246 http fetch GET 200 https://registry.npmjs.org/prosemirror-schema-list 276ms (cache miss)
247 silly packumentCache full:https://registry.npmjs.org/prosemirror-schema-list set size:undefined disposed:false
248 silly fetch manifest @tiptap/extension-bubble-menu@^3.27.1
249 silly packumentCache full:https://registry.npmjs.org/@tiptap%2fextension-bubble-menu cache-miss
250 http fetch GET 200 https://registry.npmjs.org/prosemirror-state 241ms (cache miss)
251 silly packumentCache full:https://registry.npmjs.org/prosemirror-state set size:undefined disposed:false
252 silly fetch manifest scheduler@^0.27.0
253 silly packumentCache full:https://registry.npmjs.org/scheduler cache-miss
254 http fetch GET 200 https://registry.npmjs.org/fast-equals 82ms (cache miss)
255 silly packumentCache full:https://registry.npmjs.org/fast-equals set size:undefined disposed:false
256 silly fetch manifest csstype@^3.2.2
257 silly packumentCache full:https://registry.npmjs.org/csstype cache-miss
258 http fetch GET 200 https://registry.npmjs.org/prosemirror-view 178ms (cache miss)
259 silly packumentCache full:https://registry.npmjs.org/prosemirror-view set size:undefined disposed:false
260 silly fetch manifest @tiptap/extension-blockquote@^3.27.1
261 silly packumentCache full:https://registry.npmjs.org/@tiptap%2fextension-blockquote cache-miss
262 http fetch GET 200 https://registry.npmjs.org/csstype 170ms (cache miss)
263 silly packumentCache full:https://registry.npmjs.org/csstype set size:undefined disposed:false
264 silly fetch manifest @tiptap/extension-bold@^3.27.1
265 silly packumentCache full:https://registry.npmjs.org/@tiptap%2fextension-bold cache-miss
266 http fetch GET 200 https://registry.npmjs.org/@types%2fuse-sync-external-store 516ms (cache miss)
267 silly packumentCache full:https://registry.npmjs.org/@types%2fuse-sync-external-store set size:undefined disposed:false
268 silly fetch manifest @tiptap/extension-bullet-list@^3.27.1
269 silly packumentCache full:https://registry.npmjs.org/@tiptap%2fextension-bullet-list cache-miss
270 http fetch GET 200 https://registry.npmjs.org/@tiptap%2fextension-blockquote 424ms (cache miss)
271 silly packumentCache full:https://registry.npmjs.org/@tiptap%2fextension-blockquote set size:undefined disposed:false
272 silly fetch manifest @tiptap/extension-code@^3.27.1
273 silly packumentCache full:https://registry.npmjs.org/@tiptap%2fextension-code cache-miss
274 http fetch GET 200 https://registry.npmjs.org/@tiptap%2fextension-bubble-menu 478ms (cache miss)
275 silly packumentCache full:https://registry.npmjs.org/@tiptap%2fextension-bubble-menu set size:undefined disposed:false
276 silly fetch manifest @tiptap/extension-code-block@^3.27.1
277 silly packumentCache full:https://registry.npmjs.org/@tiptap%2fextension-code-block cache-miss
278 http fetch GET 200 https://registry.npmjs.org/@tiptap%2fextension-floating-menu 497ms (cache miss)
279 silly packumentCache full:https://registry.npmjs.org/@tiptap%2fextension-floating-menu set size:undefined disposed:false
280 silly fetch manifest @tiptap/extension-document@^3.27.1
281 silly packumentCache full:https://registry.npmjs.org/@tiptap%2fextension-document cache-miss
282 http fetch GET 200 https://registry.npmjs.org/use-sync-external-store 585ms (cache miss)
283 silly packumentCache full:https://registry.npmjs.org/use-sync-external-store set size:undefined disposed:false
284 silly fetch manifest @tiptap/extension-dropcursor@^3.27.1
285 silly packumentCache full:https://registry.npmjs.org/@tiptap%2fextension-dropcursor cache-miss
286 http fetch GET 200 https://registry.npmjs.org/@tiptap%2fextension-bullet-list 208ms (cache miss)
287 silly packumentCache full:https://registry.npmjs.org/@tiptap%2fextension-bullet-list set size:undefined disposed:false
288 silly fetch manifest @tiptap/extension-gapcursor@^3.27.1
289 silly packumentCache full:https://registry.npmjs.org/@tiptap%2fextension-gapcursor cache-miss
290 http fetch GET 200 https://registry.npmjs.org/@tiptap%2fextension-bold 500ms (cache miss)
291 silly packumentCache full:https://registry.npmjs.org/@tiptap%2fextension-bold set size:undefined disposed:false
292 silly fetch manifest @tiptap/extension-hard-break@^3.27.1
293 silly packumentCache full:https://registry.npmjs.org/@tiptap%2fextension-hard-break cache-miss
294 http fetch GET 200 https://registry.npmjs.org/@tiptap%2fextension-dropcursor 234ms (cache miss)
295 silly packumentCache full:https://registry.npmjs.org/@tiptap%2fextension-dropcursor set size:undefined disposed:false
296 silly fetch manifest @tiptap/extension-heading@^3.27.1
297 silly packumentCache full:https://registry.npmjs.org/@tiptap%2fextension-heading cache-miss
298 http fetch GET 200 https://registry.npmjs.org/@tiptap%2fextension-code 440ms (cache miss)
299 silly packumentCache full:https://registry.npmjs.org/@tiptap%2fextension-code set size:undefined disposed:false
300 silly fetch manifest @tiptap/extension-horizontal-rule@^3.27.1
301 silly packumentCache full:https://registry.npmjs.org/@tiptap%2fextension-horizontal-rule cache-miss
302 http fetch GET 200 https://registry.npmjs.org/@tiptap%2fextension-gapcursor 444ms (cache miss)
303 silly packumentCache full:https://registry.npmjs.org/@tiptap%2fextension-gapcursor set size:undefined disposed:false
304 silly fetch manifest @tiptap/extension-italic@^3.27.1
305 silly packumentCache full:https://registry.npmjs.org/@tiptap%2fextension-italic cache-miss
306 http fetch GET 200 https://registry.npmjs.org/@tiptap%2fextension-code-block 612ms (cache miss)
307 silly packumentCache full:https://registry.npmjs.org/@tiptap%2fextension-code-block set size:undefined disposed:false
308 silly fetch manifest @tiptap/extension-list@^3.27.1
309 silly packumentCache full:https://registry.npmjs.org/@tiptap%2fextension-list cache-miss
310 http fetch GET 200 https://registry.npmjs.org/scheduler 1106ms (cache miss)
311 silly packumentCache full:https://registry.npmjs.org/scheduler set size:undefined disposed:false
312 silly fetch manifest @tiptap/extension-list-item@^3.27.1
313 silly packumentCache full:https://registry.npmjs.org/@tiptap%2fextension-list-item cache-miss
314 http fetch GET 200 https://registry.npmjs.org/@tiptap%2fextension-document 679ms (cache miss)
315 silly packumentCache full:https://registry.npmjs.org/@tiptap%2fextension-document set size:undefined disposed:false
316 silly fetch manifest @tiptap/extension-list-keymap@^3.27.1
317 silly packumentCache full:https://registry.npmjs.org/@tiptap%2fextension-list-keymap cache-miss
318 http fetch GET 200 https://registry.npmjs.org/@tiptap%2fextension-hard-break 462ms (cache miss)
319 silly packumentCache full:https://registry.npmjs.org/@tiptap%2fextension-hard-break set size:undefined disposed:false
320 silly fetch manifest @tiptap/extension-ordered-list@^3.27.1
321 silly packumentCache full:https://registry.npmjs.org/@tiptap%2fextension-ordered-list cache-miss
322 http fetch GET 200 https://registry.npmjs.org/@tiptap%2fextension-heading 394ms (cache miss)
323 silly packumentCache full:https://registry.npmjs.org/@tiptap%2fextension-heading set size:undefined disposed:false
324 silly fetch manifest @tiptap/extension-paragraph@^3.27.1
325 silly packumentCache full:https://registry.npmjs.org/@tiptap%2fextension-paragraph cache-miss
326 http fetch GET 200 https://registry.npmjs.org/@tiptap%2fextension-horizontal-rule 320ms (cache miss)
327 silly packumentCache full:https://registry.npmjs.org/@tiptap%2fextension-horizontal-rule set size:undefined disposed:false
328 silly fetch manifest @tiptap/extension-strike@^3.27.1
329 silly packumentCache full:https://registry.npmjs.org/@tiptap%2fextension-strike cache-miss
330 http fetch GET 200 https://registry.npmjs.org/@tiptap%2fextension-list-item 690ms (cache miss)
331 silly packumentCache full:https://registry.npmjs.org/@tiptap%2fextension-list-item set size:undefined disposed:false
332 silly fetch manifest @tiptap/extension-text@^3.27.1
333 silly packumentCache full:https://registry.npmjs.org/@tiptap%2fextension-text cache-miss
334 http fetch GET 200 https://registry.npmjs.org/@tiptap%2fextension-list-keymap 800ms (cache miss)
335 silly packumentCache full:https://registry.npmjs.org/@tiptap%2fextension-list-keymap set size:undefined disposed:false
336 silly fetch manifest @tiptap/extension-underline@^3.27.1
337 silly packumentCache full:https://registry.npmjs.org/@tiptap%2fextension-underline cache-miss
338 http fetch GET 200 https://registry.npmjs.org/@tiptap%2fextension-list 876ms (cache miss)
339 silly packumentCache full:https://registry.npmjs.org/@tiptap%2fextension-list set size:undefined disposed:false
340 silly fetch manifest @tiptap/extensions@^3.27.1
341 silly packumentCache full:https://registry.npmjs.org/@tiptap%2fextensions cache-miss
342 http fetch GET 200 https://registry.npmjs.org/@tiptap%2fextension-ordered-list 893ms (cache miss)
343 silly packumentCache full:https://registry.npmjs.org/@tiptap%2fextension-ordered-list set size:undefined disposed:false
344 silly fetch manifest undici-types@>=7.24.0 <7.24.7
345 silly packumentCache full:https://registry.npmjs.org/undici-types cache-miss
346 http fetch GET 200 https://registry.npmjs.org/@tiptap%2fextension-italic 1052ms (cache miss)
347 silly packumentCache full:https://registry.npmjs.org/@tiptap%2fextension-italic set size:undefined disposed:false
348 silly fetch manifest htmlparser2@^10.1
349 silly packumentCache full:https://registry.npmjs.org/htmlparser2 cache-miss
350 http fetch GET 200 https://registry.npmjs.org/@tiptap%2fextension-paragraph 1161ms (cache miss)
351 silly packumentCache full:https://registry.npmjs.org/@tiptap%2fextension-paragraph set size:undefined disposed:false
352 silly fetch manifest @eslint-community/eslint-utils@^4.8.0
353 silly packumentCache full:https://registry.npmjs.org/@eslint-community%2feslint-utils cache-miss
354 http fetch GET 200 https://registry.npmjs.org/@tiptap%2fextension-strike 1125ms (cache miss)
355 silly packumentCache full:https://registry.npmjs.org/@tiptap%2fextension-strike set size:undefined disposed:false
356 silly fetch manifest @eslint-community/regexpp@^4.12.2
357 silly packumentCache full:https://registry.npmjs.org/@eslint-community%2fregexpp cache-miss
358 http fetch GET 200 https://registry.npmjs.org/@tiptap%2fextension-text 657ms (cache miss)
359 silly packumentCache full:https://registry.npmjs.org/@tiptap%2fextension-text set size:undefined disposed:false
360 silly fetch manifest @eslint/config-array@^0.23.5
361 silly packumentCache full:https://registry.npmjs.org/@eslint%2fconfig-array cache-miss
362 http fetch GET 200 https://registry.npmjs.org/undici-types 524ms (cache miss)
363 silly packumentCache full:https://registry.npmjs.org/undici-types set size:undefined disposed:false
364 silly fetch manifest @eslint/config-helpers@^0.6.0
365 silly packumentCache full:https://registry.npmjs.org/@eslint%2fconfig-helpers cache-miss
366 http fetch GET 200 https://registry.npmjs.org/htmlparser2 623ms (cache miss)
367 silly packumentCache full:https://registry.npmjs.org/htmlparser2 set size:undefined disposed:false
368 silly fetch manifest @eslint/core@^1.2.1
369 silly packumentCache full:https://registry.npmjs.org/@eslint%2fcore cache-miss
370 http fetch GET 200 https://registry.npmjs.org/@tiptap%2fextensions 862ms (cache miss)
371 silly packumentCache full:https://registry.npmjs.org/@tiptap%2fextensions set size:undefined disposed:false
372 silly fetch manifest @eslint/plugin-kit@^0.7.2
373 silly packumentCache full:https://registry.npmjs.org/@eslint%2fplugin-kit cache-miss
374 http fetch GET 200 https://registry.npmjs.org/@eslint-community%2fregexpp 478ms (cache miss)
375 silly packumentCache full:https://registry.npmjs.org/@eslint-community%2fregexpp set size:undefined disposed:false
376 silly fetch manifest @humanfs/node@^0.16.6
377 silly packumentCache full:https://registry.npmjs.org/@humanfs%2fnode cache-miss
378 http fetch GET 200 https://registry.npmjs.org/@eslint-community%2feslint-utils 589ms (cache miss)
379 silly packumentCache full:https://registry.npmjs.org/@eslint-community%2feslint-utils set size:undefined disposed:false
380 silly fetch manifest @humanwhocodes/module-importer@^1.0.1
381 silly packumentCache full:https://registry.npmjs.org/@humanwhocodes%2fmodule-importer cache-miss
382 http fetch GET 200 https://registry.npmjs.org/@tiptap%2fextension-underline 1074ms (cache miss)
383 silly packumentCache full:https://registry.npmjs.org/@tiptap%2fextension-underline set size:undefined disposed:false
384 silly fetch manifest @humanwhocodes/retry@^0.4.2
385 silly packumentCache full:https://registry.npmjs.org/@humanwhocodes%2fretry cache-miss
386 http fetch GET 200 https://registry.npmjs.org/@eslint%2fconfig-helpers 517ms (cache miss)
387 silly packumentCache full:https://registry.npmjs.org/@eslint%2fconfig-helpers set size:undefined disposed:false
388 silly fetch manifest @types/estree@^1.0.6
389 silly packumentCache full:https://registry.npmjs.org/@types%2festree cache-miss
390 http fetch GET 200 https://registry.npmjs.org/@eslint%2fconfig-array 626ms (cache miss)
391 silly packumentCache full:https://registry.npmjs.org/@eslint%2fconfig-array set size:undefined disposed:false
392 silly fetch manifest ajv@^6.14.0
393 silly packumentCache full:https://registry.npmjs.org/ajv cache-miss
394 http fetch GET 200 https://registry.npmjs.org/@humanfs%2fnode 455ms (cache miss)
395 silly packumentCache full:https://registry.npmjs.org/@humanfs%2fnode set size:undefined disposed:false
396 silly fetch manifest cross-spawn@^7.0.6
397 silly packumentCache full:https://registry.npmjs.org/cross-spawn cache-miss
398 http fetch GET 200 https://registry.npmjs.org/@eslint%2fplugin-kit 670ms (cache miss)
399 silly packumentCache full:https://registry.npmjs.org/@eslint%2fplugin-kit set size:undefined disposed:false
400 silly fetch manifest debug@^4.3.2
401 silly packumentCache full:https://registry.npmjs.org/debug cache-miss
402 http fetch GET 200 https://registry.npmjs.org/@humanwhocodes%2fmodule-importer 564ms (cache miss)
403 silly packumentCache full:https://registry.npmjs.org/@humanwhocodes%2fmodule-importer set size:undefined disposed:false
404 silly fetch manifest escape-string-regexp@^4.0.0
405 silly packumentCache full:https://registry.npmjs.org/escape-string-regexp cache-miss
406 http fetch GET 200 https://registry.npmjs.org/@eslint%2fcore 810ms (cache miss)
407 silly packumentCache full:https://registry.npmjs.org/@eslint%2fcore set size:undefined disposed:false
408 silly fetch manifest eslint-scope@^9.1.2
409 silly packumentCache full:https://registry.npmjs.org/eslint-scope cache-miss
410 http fetch GET 200 https://registry.npmjs.org/@humanwhocodes%2fretry 601ms (cache miss)
411 silly packumentCache full:https://registry.npmjs.org/@humanwhocodes%2fretry set size:undefined disposed:false
412 silly fetch manifest eslint-visitor-keys@^5.0.1
413 silly packumentCache full:https://registry.npmjs.org/eslint-visitor-keys cache-miss
414 http fetch GET 200 https://registry.npmjs.org/@types%2festree 535ms (cache miss)
415 silly packumentCache full:https://registry.npmjs.org/@types%2festree set size:undefined disposed:false
416 silly fetch manifest espree@^11.2.0
417 silly packumentCache full:https://registry.npmjs.org/espree cache-miss
418 http fetch GET 200 https://registry.npmjs.org/ajv 706ms (cache miss)
419 silly packumentCache full:https://registry.npmjs.org/ajv set size:undefined disposed:false
420 silly fetch manifest esquery@^1.7.0
421 silly packumentCache full:https://registry.npmjs.org/esquery cache-miss
422 http fetch GET 200 https://registry.npmjs.org/cross-spawn 537ms (cache miss)
423 silly packumentCache full:https://registry.npmjs.org/cross-spawn set size:undefined disposed:false
424 silly fetch manifest esutils@^2.0.2
425 silly packumentCache full:https://registry.npmjs.org/esutils cache-miss
426 http fetch GET 200 https://registry.npmjs.org/debug 330ms (cache miss)
427 silly packumentCache full:https://registry.npmjs.org/debug set size:undefined disposed:false
428 silly fetch manifest fast-deep-equal@^3.1.3
429 silly packumentCache full:https://registry.npmjs.org/fast-deep-equal cache-miss
430 http fetch GET 200 https://registry.npmjs.org/escape-string-regexp 335ms (cache miss)
431 silly packumentCache full:https://registry.npmjs.org/escape-string-regexp set size:undefined disposed:false
432 silly fetch manifest file-entry-cache@^8.0.0
433 silly packumentCache full:https://registry.npmjs.org/file-entry-cache cache-miss
434 http fetch GET 200 https://registry.npmjs.org/eslint-scope 277ms (cache miss)
435 silly packumentCache full:https://registry.npmjs.org/eslint-scope set size:undefined disposed:false
436 silly fetch manifest find-up@^5.0.0
437 silly packumentCache full:https://registry.npmjs.org/find-up cache-miss
438 http fetch GET 200 https://registry.npmjs.org/eslint-visitor-keys 209ms (cache miss)
439 silly packumentCache full:https://registry.npmjs.org/eslint-visitor-keys set size:undefined disposed:false
440 silly fetch manifest glob-parent@^6.0.2
441 silly packumentCache full:https://registry.npmjs.org/glob-parent cache-miss
442 http fetch GET 200 https://registry.npmjs.org/espree 211ms (cache miss)
443 silly packumentCache full:https://registry.npmjs.org/espree set size:undefined disposed:false
444 silly fetch manifest ignore@^5.2.0
445 silly packumentCache full:https://registry.npmjs.org/ignore cache-miss
446 http fetch GET 200 https://registry.npmjs.org/esquery 58ms (cache miss)
447 silly packumentCache full:https://registry.npmjs.org/esquery set size:undefined disposed:false
448 silly fetch manifest imurmurhash@^0.1.4
449 silly packumentCache full:https://registry.npmjs.org/imurmurhash cache-miss
450 http fetch GET 200 https://registry.npmjs.org/fast-deep-equal 62ms (cache miss)
451 silly packumentCache full:https://registry.npmjs.org/fast-deep-equal set size:undefined disposed:false
452 silly fetch manifest is-glob@^4.0.0
453 silly packumentCache full:https://registry.npmjs.org/is-glob cache-miss
454 http fetch GET 200 https://registry.npmjs.org/file-entry-cache 70ms (cache miss)
455 silly packumentCache full:https://registry.npmjs.org/file-entry-cache set size:undefined disposed:false
456 silly fetch manifest json-stable-stringify-without-jsonify@^1.0.1
457 silly packumentCache full:https://registry.npmjs.org/json-stable-stringify-without-jsonify cache-miss
458 http fetch GET 200 https://registry.npmjs.org/esutils 85ms (cache miss)
459 silly packumentCache full:https://registry.npmjs.org/esutils set size:undefined disposed:false
460 silly fetch manifest minimatch@^10.2.4
461 silly packumentCache full:https://registry.npmjs.org/minimatch cache-miss
462 http fetch GET 200 https://registry.npmjs.org/find-up 73ms (cache miss)
463 silly packumentCache full:https://registry.npmjs.org/find-up set size:undefined disposed:false
464 silly fetch manifest natural-compare@^1.4.0
465 silly packumentCache full:https://registry.npmjs.org/natural-compare cache-miss
466 http fetch GET 200 https://registry.npmjs.org/glob-parent 83ms (cache miss)
467 silly packumentCache full:https://registry.npmjs.org/glob-parent set size:undefined disposed:false
468 silly fetch manifest optionator@^0.9.3
469 silly packumentCache full:https://registry.npmjs.org/optionator cache-miss
470 http fetch GET 200 https://registry.npmjs.org/imurmurhash 64ms (cache miss)
471 silly packumentCache full:https://registry.npmjs.org/imurmurhash set size:undefined disposed:false
472 silly fetch manifest globals@16.4.0
473 silly packumentCache full:https://registry.npmjs.org/globals cache-miss
474 http fetch GET 200 https://registry.npmjs.org/ignore 100ms (cache miss)
475 silly packumentCache full:https://registry.npmjs.org/ignore set size:undefined disposed:false
476 silly fetch manifest typescript-eslint@^8.46.0
477 silly packumentCache full:https://registry.npmjs.org/typescript-eslint cache-miss
478 http fetch GET 200 https://registry.npmjs.org/is-glob 72ms (cache miss)
479 silly packumentCache full:https://registry.npmjs.org/is-glob set size:undefined disposed:false
480 silly fetch manifest eslint-plugin-react@^7.37.0
481 silly packumentCache full:https://registry.npmjs.org/eslint-plugin-react cache-miss
482 http fetch GET 200 https://registry.npmjs.org/json-stable-stringify-without-jsonify 64ms (cache miss)
483 silly packumentCache full:https://registry.npmjs.org/json-stable-stringify-without-jsonify set size:undefined disposed:false
484 silly fetch manifest eslint-plugin-import@^2.32.0
485 silly packumentCache full:https://registry.npmjs.org/eslint-plugin-import cache-miss
486 http fetch GET 200 https://registry.npmjs.org/natural-compare 86ms (cache miss)
487 silly packumentCache full:https://registry.npmjs.org/natural-compare set size:undefined disposed:false
488 silly fetch manifest eslint-plugin-jsx-a11y@^6.10.0
489 silly packumentCache full:https://registry.npmjs.org/eslint-plugin-jsx-a11y cache-miss
490 http fetch GET 200 https://registry.npmjs.org/minimatch 109ms (cache miss)
491 silly packumentCache full:https://registry.npmjs.org/minimatch set size:undefined disposed:false
492 silly fetch manifest @next/eslint-plugin-next@16.2.9
493 silly packumentCache full:https://registry.npmjs.org/@next%2feslint-plugin-next cache-miss
494 http fetch GET 200 https://registry.npmjs.org/optionator 90ms (cache miss)
495 silly packumentCache full:https://registry.npmjs.org/optionator set size:undefined disposed:false
496 silly fetch manifest eslint-plugin-react-hooks@^7.0.0
497 silly packumentCache full:https://registry.npmjs.org/eslint-plugin-react-hooks cache-miss
498 http fetch GET 200 https://registry.npmjs.org/globals 145ms (cache miss)
499 silly packumentCache full:https://registry.npmjs.org/globals set size:undefined disposed:false
500 silly fetch manifest eslint-import-resolver-node@^0.3.6
501 silly packumentCache full:https://registry.npmjs.org/eslint-import-resolver-node cache-miss
502 http fetch GET 200 https://registry.npmjs.org/eslint-plugin-import 153ms (cache miss)
503 silly packumentCache full:https://registry.npmjs.org/eslint-plugin-import set size:undefined disposed:false
504 silly fetch manifest eslint-import-resolver-typescript@^3.5.2
505 silly packumentCache full:https://registry.npmjs.org/eslint-import-resolver-typescript cache-miss
506 http fetch GET 200 https://registry.npmjs.org/eslint-plugin-react 181ms (cache miss)
507 silly packumentCache full:https://registry.npmjs.org/eslint-plugin-react set size:undefined disposed:false
508 silly fetch manifest postcss@8.4.31
509 silly packumentCache full:https://registry.npmjs.org/postcss cache-miss
510 http cache https://registry.npmjs.org/postcss 13ms (cache hit)
511 silly packumentCache full:https://registry.npmjs.org/postcss set size:723316 disposed:false
512 silly fetch manifest @next/env@16.2.9
513 silly packumentCache full:https://registry.npmjs.org/@next%2fenv cache-miss
514 http fetch GET 200 https://registry.npmjs.org/eslint-import-resolver-typescript 163ms (cache miss)
515 silly packumentCache full:https://registry.npmjs.org/eslint-import-resolver-typescript set size:undefined disposed:false
516 silly fetch manifest styled-jsx@5.1.6
517 silly packumentCache full:https://registry.npmjs.org/styled-jsx cache-miss
518 http fetch GET 200 https://registry.npmjs.org/eslint-plugin-jsx-a11y 318ms (cache miss)
519 silly packumentCache full:https://registry.npmjs.org/eslint-plugin-jsx-a11y set size:undefined disposed:false
520 silly fetch manifest @swc/helpers@0.5.15
521 silly packumentCache full:https://registry.npmjs.org/@swc%2fhelpers cache-miss
522 http fetch GET 200 https://registry.npmjs.org/typescript-eslint 389ms (cache miss)
523 silly packumentCache full:https://registry.npmjs.org/typescript-eslint set size:undefined disposed:false
524 silly fetch manifest caniuse-lite@^1.0.30001579
525 silly packumentCache full:https://registry.npmjs.org/caniuse-lite cache-miss
526 http fetch GET 200 https://registry.npmjs.org/eslint-import-resolver-node 406ms (cache miss)
527 silly packumentCache full:https://registry.npmjs.org/eslint-import-resolver-node set size:undefined disposed:false
528 silly fetch manifest baseline-browser-mapping@^2.9.19
529 silly packumentCache full:https://registry.npmjs.org/baseline-browser-mapping cache-miss
530 http fetch GET 200 https://registry.npmjs.org/styled-jsx 258ms (cache miss)
531 silly packumentCache full:https://registry.npmjs.org/styled-jsx set size:undefined disposed:false
532 silly fetch manifest sharp@^0.34.5
533 silly packumentCache full:https://registry.npmjs.org/sharp cache-miss
534 http fetch GET 200 https://registry.npmjs.org/@swc%2fhelpers 294ms (cache miss)
535 silly packumentCache full:https://registry.npmjs.org/@swc%2fhelpers set size:undefined disposed:false
536 silly fetch manifest @next/swc-darwin-x64@16.2.9
537 silly packumentCache full:https://registry.npmjs.org/@next%2fswc-darwin-x64 cache-miss
538 http fetch GET 200 https://registry.npmjs.org/baseline-browser-mapping 394ms (cache miss)
539 silly packumentCache full:https://registry.npmjs.org/baseline-browser-mapping set size:undefined disposed:false
540 silly fetch manifest @next/swc-darwin-arm64@16.2.9
541 silly packumentCache full:https://registry.npmjs.org/@next%2fswc-darwin-arm64 cache-miss
542 http fetch GET 200 https://registry.npmjs.org/sharp 403ms (cache miss)
543 silly packumentCache full:https://registry.npmjs.org/sharp set size:undefined disposed:false
544 silly fetch manifest @next/swc-linux-x64-gnu@16.2.9
545 silly packumentCache full:https://registry.npmjs.org/@next%2fswc-linux-x64-gnu cache-miss
546 http fetch GET 200 https://registry.npmjs.org/caniuse-lite 734ms (cache miss)
547 silly packumentCache full:https://registry.npmjs.org/caniuse-lite set size:undefined disposed:false
548 silly fetch manifest @next/swc-linux-x64-musl@16.2.9
549 silly packumentCache full:https://registry.npmjs.org/@next%2fswc-linux-x64-musl cache-miss
550 http fetch GET 200 https://registry.npmjs.org/@next%2fenv 1046ms (cache miss)
551 silly packumentCache full:https://registry.npmjs.org/@next%2fenv set size:undefined disposed:false
552 silly fetch manifest @next/swc-win32-x64-msvc@16.2.9
553 silly packumentCache full:https://registry.npmjs.org/@next%2fswc-win32-x64-msvc cache-miss
554 http fetch GET 200 https://registry.npmjs.org/eslint-plugin-react-hooks 1539ms (cache miss)
555 silly packumentCache full:https://registry.npmjs.org/eslint-plugin-react-hooks set size:undefined disposed:false
556 silly fetch manifest @next/swc-linux-arm64-gnu@16.2.9
557 silly packumentCache full:https://registry.npmjs.org/@next%2fswc-linux-arm64-gnu cache-miss
558 http fetch GET 200 https://registry.npmjs.org/@next%2feslint-plugin-next 1574ms (cache miss)
559 silly packumentCache full:https://registry.npmjs.org/@next%2feslint-plugin-next set size:undefined disposed:false
560 silly fetch manifest @next/swc-linux-arm64-musl@16.2.9
561 silly packumentCache full:https://registry.npmjs.org/@next%2fswc-linux-arm64-musl cache-miss
562 http fetch GET 200 https://registry.npmjs.org/@next%2fswc-darwin-arm64 943ms (cache miss)
563 silly packumentCache full:https://registry.npmjs.org/@next%2fswc-darwin-arm64 set size:undefined disposed:false
564 silly fetch manifest @next/swc-win32-arm64-msvc@16.2.9
565 silly packumentCache full:https://registry.npmjs.org/@next%2fswc-win32-arm64-msvc cache-miss
566 http fetch GET 200 https://registry.npmjs.org/@next%2fswc-linux-x64-gnu 1288ms (cache miss)
567 silly packumentCache full:https://registry.npmjs.org/@next%2fswc-linux-x64-gnu set size:undefined disposed:false
568 silly fetch manifest deepmerge@^4.2.2
569 silly packumentCache full:https://registry.npmjs.org/deepmerge cache-miss
570 http fetch GET 200 https://registry.npmjs.org/deepmerge 335ms (cache miss)
571 silly packumentCache full:https://registry.npmjs.org/deepmerge set size:undefined disposed:false
572 silly fetch manifest htmlparser2@^10.1.0
573 silly packumentCache full:https://registry.npmjs.org/htmlparser2 cache-miss
574 http fetch GET 200 https://registry.npmjs.org/@next%2fswc-win32-x64-msvc 1371ms (cache miss)
575 silly packumentCache full:https://registry.npmjs.org/@next%2fswc-win32-x64-msvc set size:undefined disposed:false
576 silly fetch manifest is-plain-object@^5.0.0
577 silly packumentCache full:https://registry.npmjs.org/is-plain-object cache-miss
578 http cache https://registry.npmjs.org/htmlparser2 34ms (cache hit)
579 silly packumentCache full:https://registry.npmjs.org/htmlparser2 set size:176911 disposed:false
580 silly fetch manifest parse-srcset@^1.0.2
581 silly packumentCache full:https://registry.npmjs.org/parse-srcset cache-miss
582 http fetch GET 200 https://registry.npmjs.org/@next%2fswc-linux-x64-musl 1699ms (cache miss)
583 silly packumentCache full:https://registry.npmjs.org/@next%2fswc-linux-x64-musl set size:undefined disposed:false
584 silly fetch manifest postcss@^8.3.11
585 silly packumentCache full:https://registry.npmjs.org/postcss cache-hit
586 silly fetch manifest launder@^1.7.1
587 silly packumentCache full:https://registry.npmjs.org/launder cache-miss
588 http fetch GET 200 https://registry.npmjs.org/is-plain-object 210ms (cache miss)
589 silly packumentCache full:https://registry.npmjs.org/is-plain-object set size:undefined disposed:false
590 http fetch GET 200 https://registry.npmjs.org/parse-srcset 321ms (cache miss)
591 silly packumentCache full:https://registry.npmjs.org/parse-srcset set size:undefined disposed:false
592 http fetch GET 200 https://registry.npmjs.org/@next%2fswc-darwin-x64 2375ms (cache miss)
593 silly packumentCache full:https://registry.npmjs.org/@next%2fswc-darwin-x64 set size:undefined disposed:false
594 http fetch GET 200 https://registry.npmjs.org/@next%2fswc-linux-arm64-gnu 1447ms (cache miss)
595 silly packumentCache full:https://registry.npmjs.org/@next%2fswc-linux-arm64-gnu set size:undefined disposed:false
596 http fetch GET 200 https://registry.npmjs.org/@next%2fswc-win32-arm64-msvc 1237ms (cache miss)
597 silly packumentCache full:https://registry.npmjs.org/@next%2fswc-win32-arm64-msvc set size:undefined disposed:false
598 http fetch GET 200 https://registry.npmjs.org/launder 291ms (cache miss)
599 silly packumentCache full:https://registry.npmjs.org/launder set size:undefined disposed:false
600 http fetch GET 200 https://registry.npmjs.org/@next%2fswc-linux-arm64-musl 1638ms (cache miss)
601 silly packumentCache full:https://registry.npmjs.org/@next%2fswc-linux-arm64-musl set size:undefined disposed:false
602 silly placeDep ROOT cookie@1.1.1 OK for: @supabase/ssr@0.12.0 want: ^1.0.2
603 silly placeDep ROOT @supabase/auth-js@2.108.2 OK for: @supabase/supabase-js@2.108.2 want: 2.108.2
604 silly placeDep ROOT @supabase/functions-js@2.108.2 OK for: @supabase/supabase-js@2.108.2 want: 2.108.2
605 silly placeDep ROOT @supabase/postgrest-js@2.108.2 OK for: @supabase/supabase-js@2.108.2 want: 2.108.2
606 silly placeDep ROOT @supabase/realtime-js@2.108.2 OK for: @supabase/supabase-js@2.108.2 want: 2.108.2
607 silly placeDep ROOT @supabase/storage-js@2.108.2 OK for: @supabase/supabase-js@2.108.2 want: 2.108.2
608 silly fetch manifest tslib@2.8.1
609 silly packumentCache full:https://registry.npmjs.org/tslib cache-miss
610 silly fetch manifest tslib@2.8.1
611 silly packumentCache full:https://registry.npmjs.org/tslib cache-miss
612 silly fetch manifest tslib@2.8.1
613 silly packumentCache full:https://registry.npmjs.org/tslib cache-miss
614 silly fetch manifest tslib@2.8.1
615 silly packumentCache full:https://registry.npmjs.org/tslib cache-miss
616 silly fetch manifest @supabase/phoenix@^0.4.2
617 silly packumentCache full:https://registry.npmjs.org/@supabase%2fphoenix cache-miss
618 silly fetch manifest tslib@2.8.1
619 silly packumentCache full:https://registry.npmjs.org/tslib cache-miss
620 silly fetch manifest iceberg-js@^0.8.1
621 silly packumentCache full:https://registry.npmjs.org/iceberg-js cache-miss
622 http fetch GET 200 https://registry.npmjs.org/iceberg-js 60ms (cache miss)
623 silly packumentCache full:https://registry.npmjs.org/iceberg-js set size:undefined disposed:false
624 http fetch GET 200 https://registry.npmjs.org/tslib 86ms (cache miss)
625 silly packumentCache full:https://registry.npmjs.org/tslib set size:undefined disposed:false
626 http fetch GET 200 https://registry.npmjs.org/tslib 87ms (cache miss)
627 silly packumentCache full:https://registry.npmjs.org/tslib set size:undefined disposed:false
628 http fetch GET 200 https://registry.npmjs.org/tslib 175ms (cache miss)
629 silly packumentCache full:https://registry.npmjs.org/tslib set size:undefined disposed:false
630 http fetch GET 200 https://registry.npmjs.org/tslib 176ms (cache miss)
631 silly packumentCache full:https://registry.npmjs.org/tslib set size:undefined disposed:false
632 http fetch GET 200 https://registry.npmjs.org/tslib 180ms (cache miss)
633 silly packumentCache full:https://registry.npmjs.org/tslib set size:undefined disposed:false
634 http fetch GET 200 https://registry.npmjs.org/@supabase%2fphoenix 254ms (cache miss)
635 silly packumentCache full:https://registry.npmjs.org/@supabase%2fphoenix set size:undefined disposed:false
636 silly placeDep ROOT tslib@2.8.1 OK for: @supabase/auth-js@2.108.2 want: 2.8.1
637 silly placeDep ROOT @supabase/phoenix@0.4.4 OK for: @supabase/realtime-js@2.108.2 want: ^0.4.2
638 silly placeDep ROOT iceberg-js@0.8.1 OK for: @supabase/storage-js@2.108.2 want: ^0.8.1
639 silly placeDep ROOT @alloc/quick-lru@5.2.0 OK for: @tailwindcss/postcss@4.3.1 want: ^5.2.0
640 silly placeDep ROOT @tailwindcss/node@4.3.1 OK for: @tailwindcss/postcss@4.3.1 want: 4.3.1
641 silly placeDep ROOT @tailwindcss/oxide@4.3.1 OK for: @tailwindcss/postcss@4.3.1 want: 4.3.1
642 silly placeDep ROOT postcss@8.5.15 OK for: @tailwindcss/postcss@4.3.1 want: 8.5.15
643 silly fetch manifest jiti@^2.7.0
644 silly packumentCache full:https://registry.npmjs.org/jiti cache-miss
645 silly fetch manifest lightningcss@1.32.0
646 silly packumentCache full:https://registry.npmjs.org/lightningcss cache-miss
647 silly fetch manifest magic-string@^0.30.21
648 silly packumentCache full:https://registry.npmjs.org/magic-string cache-miss
649 silly fetch manifest source-map-js@^1.2.1
650 silly packumentCache full:https://registry.npmjs.org/source-map-js cache-miss
651 silly fetch manifest enhanced-resolve@5.21.6
652 silly packumentCache full:https://registry.npmjs.org/enhanced-resolve cache-miss
653 silly fetch manifest @jridgewell/remapping@^2.3.5
654 silly packumentCache full:https://registry.npmjs.org/@jridgewell%2fremapping cache-miss
655 silly fetch manifest @tailwindcss/oxide-darwin-x64@4.3.1
656 silly packumentCache full:https://registry.npmjs.org/@tailwindcss%2foxide-darwin-x64 cache-miss
657 http cache https://registry.npmjs.org/jiti 11ms (cache hit)
658 silly packumentCache full:https://registry.npmjs.org/jiti set size:387989 disposed:false
659 silly fetch manifest @tailwindcss/oxide-freebsd-x64@4.3.1
660 silly packumentCache full:https://registry.npmjs.org/@tailwindcss%2foxide-freebsd-x64 cache-miss
661 http fetch GET 200 https://registry.npmjs.org/source-map-js 107ms (cache miss)
662 silly packumentCache full:https://registry.npmjs.org/source-map-js set size:undefined disposed:false
663 silly fetch manifest @tailwindcss/oxide-wasm32-wasi@4.3.1
664 silly packumentCache full:https://registry.npmjs.org/@tailwindcss%2foxide-wasm32-wasi cache-miss
665 http fetch GET 200 https://registry.npmjs.org/@jridgewell%2fremapping 186ms (cache miss)
666 silly packumentCache full:https://registry.npmjs.org/@jridgewell%2fremapping set size:undefined disposed:false
667 silly fetch manifest @tailwindcss/oxide-darwin-arm64@4.3.1
668 silly packumentCache full:https://registry.npmjs.org/@tailwindcss%2foxide-darwin-arm64 cache-miss
669 http fetch GET 200 https://registry.npmjs.org/lightningcss 198ms (cache miss)
670 silly packumentCache full:https://registry.npmjs.org/lightningcss set size:undefined disposed:false
671 silly fetch manifest @tailwindcss/oxide-android-arm64@4.3.1
672 silly packumentCache full:https://registry.npmjs.org/@tailwindcss%2foxide-android-arm64 cache-miss
673 http fetch GET 200 https://registry.npmjs.org/magic-string 209ms (cache miss)
674 silly packumentCache full:https://registry.npmjs.org/magic-string set size:undefined disposed:false
675 silly fetch manifest @tailwindcss/oxide-linux-x64-gnu@4.3.1
676 silly packumentCache full:https://registry.npmjs.org/@tailwindcss%2foxide-linux-x64-gnu cache-miss
677 http fetch GET 200 https://registry.npmjs.org/enhanced-resolve 226ms (cache miss)
678 silly packumentCache full:https://registry.npmjs.org/enhanced-resolve set size:undefined disposed:false
679 silly fetch manifest @tailwindcss/oxide-linux-x64-musl@4.3.1
680 silly packumentCache full:https://registry.npmjs.org/@tailwindcss%2foxide-linux-x64-musl cache-miss
681 http fetch GET 200 https://registry.npmjs.org/@tailwindcss%2foxide-wasm32-wasi 439ms (cache miss)
682 silly packumentCache full:https://registry.npmjs.org/@tailwindcss%2foxide-wasm32-wasi set size:undefined disposed:false
683 silly fetch manifest @tailwindcss/oxide-win32-x64-msvc@4.3.1
684 silly packumentCache full:https://registry.npmjs.org/@tailwindcss%2foxide-win32-x64-msvc cache-miss
685 http fetch GET 200 https://registry.npmjs.org/@tailwindcss%2foxide-freebsd-x64 756ms (cache miss)
686 silly packumentCache full:https://registry.npmjs.org/@tailwindcss%2foxide-freebsd-x64 set size:undefined disposed:false
687 silly fetch manifest @tailwindcss/oxide-linux-arm64-gnu@4.3.1
688 silly packumentCache full:https://registry.npmjs.org/@tailwindcss%2foxide-linux-arm64-gnu cache-miss
689 http fetch GET 200 https://registry.npmjs.org/@tailwindcss%2foxide-android-arm64 635ms (cache miss)
690 silly packumentCache full:https://registry.npmjs.org/@tailwindcss%2foxide-android-arm64 set size:undefined disposed:false
691 silly fetch manifest @tailwindcss/oxide-linux-arm64-musl@4.3.1
692 silly packumentCache full:https://registry.npmjs.org/@tailwindcss%2foxide-linux-arm64-musl cache-miss
693 http fetch GET 200 https://registry.npmjs.org/@tailwindcss%2foxide-linux-x64-musl 935ms (cache miss)
694 silly packumentCache full:https://registry.npmjs.org/@tailwindcss%2foxide-linux-x64-musl set size:undefined disposed:false
695 silly fetch manifest @tailwindcss/oxide-win32-arm64-msvc@4.3.1
696 silly packumentCache full:https://registry.npmjs.org/@tailwindcss%2foxide-win32-arm64-msvc cache-miss
697 http fetch GET 200 https://registry.npmjs.org/@tailwindcss%2foxide-linux-arm64-gnu 522ms (cache miss)
698 silly packumentCache full:https://registry.npmjs.org/@tailwindcss%2foxide-linux-arm64-gnu set size:undefined disposed:false
699 silly fetch manifest @tailwindcss/oxide-linux-arm-gnueabihf@4.3.1
700 silly packumentCache full:https://registry.npmjs.org/@tailwindcss%2foxide-linux-arm-gnueabihf cache-miss
701 http fetch GET 200 https://registry.npmjs.org/@tailwindcss%2foxide-darwin-arm64 1174ms (cache miss)
702 silly packumentCache full:https://registry.npmjs.org/@tailwindcss%2foxide-darwin-arm64 set size:undefined disposed:false
703 silly fetch manifest nanoid@^3.3.12
704 silly packumentCache full:https://registry.npmjs.org/nanoid cache-miss
705 http fetch GET 200 https://registry.npmjs.org/@tailwindcss%2foxide-linux-arm64-musl 542ms (cache miss)
706 silly packumentCache full:https://registry.npmjs.org/@tailwindcss%2foxide-linux-arm64-musl set size:undefined disposed:false
707 silly fetch manifest picocolors@^1.1.1
708 silly packumentCache full:https://registry.npmjs.org/picocolors cache-miss
709 http fetch GET 200 https://registry.npmjs.org/@tailwindcss%2foxide-linux-x64-gnu 1198ms (cache miss)
710 silly packumentCache full:https://registry.npmjs.org/@tailwindcss%2foxide-linux-x64-gnu set size:undefined disposed:false
711 http fetch GET 200 https://registry.npmjs.org/@tailwindcss%2foxide-win32-x64-msvc 879ms (cache miss)
712 silly packumentCache full:https://registry.npmjs.org/@tailwindcss%2foxide-win32-x64-msvc set size:undefined disposed:false
713 http fetch GET 200 https://registry.npmjs.org/nanoid 157ms (cache miss)
714 silly packumentCache full:https://registry.npmjs.org/nanoid set size:undefined disposed:false
715 http fetch GET 200 https://registry.npmjs.org/@tailwindcss%2foxide-darwin-x64 1590ms (cache miss)
716 silly packumentCache full:https://registry.npmjs.org/@tailwindcss%2foxide-darwin-x64 set size:undefined disposed:false
717 http fetch GET 200 https://registry.npmjs.org/picocolors 217ms (cache miss)
718 silly packumentCache full:https://registry.npmjs.org/picocolors set size:undefined disposed:false
719 http fetch GET 200 https://registry.npmjs.org/@tailwindcss%2foxide-linux-arm-gnueabihf 337ms (cache miss)
720 silly packumentCache full:https://registry.npmjs.org/@tailwindcss%2foxide-linux-arm-gnueabihf set size:undefined disposed:false
721 http fetch GET 200 https://registry.npmjs.org/@tailwindcss%2foxide-win32-arm64-msvc 525ms (cache miss)
722 silly packumentCache full:https://registry.npmjs.org/@tailwindcss%2foxide-win32-arm64-msvc set size:undefined disposed:false
723 silly placeDep ROOT @jridgewell/remapping@2.3.5 OK for: @tailwindcss/node@4.3.1 want: ^2.3.5
724 silly placeDep ROOT enhanced-resolve@5.21.6 OK for: @tailwindcss/node@4.3.1 want: 5.21.6
725 silly placeDep ROOT jiti@2.7.0 OK for: @tailwindcss/node@4.3.1 want: ^2.7.0
726 silly placeDep ROOT lightningcss@1.32.0 OK for: @tailwindcss/node@4.3.1 want: 1.32.0
727 silly placeDep ROOT magic-string@0.30.21 OK for: @tailwindcss/node@4.3.1 want: ^0.30.21
728 silly placeDep ROOT source-map-js@1.2.1 OK for: @tailwindcss/node@4.3.1 want: ^1.2.1
729 silly fetch manifest @jridgewell/gen-mapping@^0.3.5
730 silly packumentCache full:https://registry.npmjs.org/@jridgewell%2fgen-mapping cache-miss
731 silly fetch manifest @jridgewell/trace-mapping@^0.3.24
732 silly packumentCache full:https://registry.npmjs.org/@jridgewell%2ftrace-mapping cache-miss
733 silly fetch manifest tapable@^2.3.3
734 silly packumentCache full:https://registry.npmjs.org/tapable cache-miss
735 silly fetch manifest graceful-fs@^4.2.4
736 silly packumentCache full:https://registry.npmjs.org/graceful-fs cache-miss
737 silly fetch manifest detect-libc@^2.0.3
738 silly packumentCache full:https://registry.npmjs.org/detect-libc cache-miss
739 silly fetch manifest lightningcss-darwin-x64@1.32.0
740 silly packumentCache full:https://registry.npmjs.org/lightningcss-darwin-x64 cache-miss
741 silly fetch manifest lightningcss-linux-x64-gnu@1.32.0
742 silly packumentCache full:https://registry.npmjs.org/lightningcss-linux-x64-gnu cache-miss
743 http fetch GET 200 https://registry.npmjs.org/detect-libc 65ms (cache miss)
744 silly packumentCache full:https://registry.npmjs.org/detect-libc set size:undefined disposed:false
745 silly fetch manifest lightningcss-win32-x64-msvc@1.32.0
746 silly packumentCache full:https://registry.npmjs.org/lightningcss-win32-x64-msvc cache-miss
747 http fetch GET 200 https://registry.npmjs.org/lightningcss-darwin-x64 80ms (cache miss)
748 silly packumentCache full:https://registry.npmjs.org/lightningcss-darwin-x64 set size:undefined disposed:false
749 silly fetch manifest lightningcss-win32-arm64-msvc@1.32.0
750 silly packumentCache full:https://registry.npmjs.org/lightningcss-win32-arm64-msvc cache-miss
751 http fetch GET 200 https://registry.npmjs.org/@jridgewell%2fgen-mapping 90ms (cache miss)
752 silly packumentCache full:https://registry.npmjs.org/@jridgewell%2fgen-mapping set size:undefined disposed:false
753 silly fetch manifest lightningcss-darwin-arm64@1.32.0
754 silly packumentCache full:https://registry.npmjs.org/lightningcss-darwin-arm64 cache-miss
755 http fetch GET 200 https://registry.npmjs.org/tapable 101ms (cache miss)
756 silly packumentCache full:https://registry.npmjs.org/tapable set size:undefined disposed:false
757 silly fetch manifest lightningcss-linux-arm64-gnu@1.32.0
758 silly packumentCache full:https://registry.npmjs.org/lightningcss-linux-arm64-gnu cache-miss
759 http fetch GET 200 https://registry.npmjs.org/graceful-fs 106ms (cache miss)
760 silly packumentCache full:https://registry.npmjs.org/graceful-fs set size:undefined disposed:false
761 silly fetch manifest lightningcss-linux-arm-gnueabihf@1.32.0
762 silly packumentCache full:https://registry.npmjs.org/lightningcss-linux-arm-gnueabihf cache-miss
763 http fetch GET 200 https://registry.npmjs.org/@jridgewell%2ftrace-mapping 117ms (cache miss)
764 silly packumentCache full:https://registry.npmjs.org/@jridgewell%2ftrace-mapping set size:undefined disposed:false
765 silly fetch manifest lightningcss-linux-arm64-musl@1.32.0
766 silly packumentCache full:https://registry.npmjs.org/lightningcss-linux-arm64-musl cache-miss
767 http fetch GET 200 https://registry.npmjs.org/lightningcss-win32-x64-msvc 62ms (cache miss)
768 silly packumentCache full:https://registry.npmjs.org/lightningcss-win32-x64-msvc set size:undefined disposed:false
769 silly fetch manifest lightningcss-linux-x64-musl@1.32.0
770 silly packumentCache full:https://registry.npmjs.org/lightningcss-linux-x64-musl cache-miss
771 http fetch GET 200 https://registry.npmjs.org/lightningcss-win32-arm64-msvc 56ms (cache miss)
772 silly packumentCache full:https://registry.npmjs.org/lightningcss-win32-arm64-msvc set size:undefined disposed:false
773 silly fetch manifest lightningcss-freebsd-x64@1.32.0
774 silly packumentCache full:https://registry.npmjs.org/lightningcss-freebsd-x64 cache-miss
775 http fetch GET 200 https://registry.npmjs.org/lightningcss-darwin-arm64 61ms (cache miss)
776 silly packumentCache full:https://registry.npmjs.org/lightningcss-darwin-arm64 set size:undefined disposed:false
777 silly fetch manifest lightningcss-android-arm64@1.32.0
778 silly packumentCache full:https://registry.npmjs.org/lightningcss-android-arm64 cache-miss
779 http fetch GET 200 https://registry.npmjs.org/lightningcss-linux-arm64-gnu 65ms (cache miss)
780 silly packumentCache full:https://registry.npmjs.org/lightningcss-linux-arm64-gnu set size:undefined disposed:false
781 silly fetch manifest @jridgewell/sourcemap-codec@^1.5.5
782 silly packumentCache full:https://registry.npmjs.org/@jridgewell%2fsourcemap-codec cache-miss
783 http fetch GET 200 https://registry.npmjs.org/lightningcss-linux-arm-gnueabihf 89ms (cache miss)
784 silly packumentCache full:https://registry.npmjs.org/lightningcss-linux-arm-gnueabihf set size:undefined disposed:false
785 http fetch GET 200 https://registry.npmjs.org/lightningcss-linux-arm64-musl 81ms (cache miss)
786 silly packumentCache full:https://registry.npmjs.org/lightningcss-linux-arm64-musl set size:undefined disposed:false
787 http fetch GET 200 https://registry.npmjs.org/lightningcss-android-arm64 46ms (cache miss)
788 silly packumentCache full:https://registry.npmjs.org/lightningcss-android-arm64 set size:undefined disposed:false
789 http fetch GET 200 https://registry.npmjs.org/lightningcss-linux-x64-musl 71ms (cache miss)
790 silly packumentCache full:https://registry.npmjs.org/lightningcss-linux-x64-musl set size:undefined disposed:false
791 http fetch GET 200 https://registry.npmjs.org/lightningcss-freebsd-x64 64ms (cache miss)
792 silly packumentCache full:https://registry.npmjs.org/lightningcss-freebsd-x64 set size:undefined disposed:false
793 http fetch GET 200 https://registry.npmjs.org/lightningcss-linux-x64-gnu 204ms (cache miss)
794 silly packumentCache full:https://registry.npmjs.org/lightningcss-linux-x64-gnu set size:undefined disposed:false
795 http fetch GET 200 https://registry.npmjs.org/@jridgewell%2fsourcemap-codec 69ms (cache miss)
796 silly packumentCache full:https://registry.npmjs.org/@jridgewell%2fsourcemap-codec set size:undefined disposed:false
797 silly placeDep ROOT @jridgewell/gen-mapping@0.3.13 OK for: @jridgewell/remapping@2.3.5 want: ^0.3.5
798 silly placeDep ROOT @jridgewell/trace-mapping@0.3.31 OK for: @jridgewell/remapping@2.3.5 want: ^0.3.24
799 silly fetch manifest @jridgewell/sourcemap-codec@^1.5.0
800 silly packumentCache full:https://registry.npmjs.org/@jridgewell%2fsourcemap-codec cache-miss
801 silly fetch manifest @jridgewell/resolve-uri@^3.1.0
802 silly packumentCache full:https://registry.npmjs.org/@jridgewell%2fresolve-uri cache-miss
803 silly fetch manifest @jridgewell/sourcemap-codec@^1.4.14
804 silly packumentCache full:https://registry.npmjs.org/@jridgewell%2fsourcemap-codec cache-miss
805 http cache https://registry.npmjs.org/@jridgewell%2fsourcemap-codec 10ms (cache hit)
806 silly packumentCache full:https://registry.npmjs.org/@jridgewell%2fsourcemap-codec set size:51856 disposed:false
807 http cache https://registry.npmjs.org/@jridgewell%2fsourcemap-codec 12ms (cache hit)
808 silly packumentCache full:https://registry.npmjs.org/@jridgewell%2fsourcemap-codec set size:51856 disposed:false
809 silly packumentCache full:https://registry.npmjs.org/@jridgewell%2fsourcemap-codec dispose
810 http fetch GET 200 https://registry.npmjs.org/@jridgewell%2fresolve-uri 82ms (cache miss)
811 silly packumentCache full:https://registry.npmjs.org/@jridgewell%2fresolve-uri set size:undefined disposed:false
812 silly placeDep ROOT @jridgewell/sourcemap-codec@1.5.5 OK for: @jridgewell/gen-mapping@0.3.13 want: ^1.5.0
813 silly placeDep ROOT @jridgewell/resolve-uri@3.1.2 OK for: @jridgewell/trace-mapping@0.3.31 want: ^3.1.0
814 silly placeDep ROOT @tailwindcss/oxide-android-arm64@4.3.1 OK for: @tailwindcss/oxide@4.3.1 want: 4.3.1
815 silly placeDep ROOT @tailwindcss/oxide-darwin-arm64@4.3.1 OK for: @tailwindcss/oxide@4.3.1 want: 4.3.1
816 silly placeDep ROOT @tailwindcss/oxide-darwin-x64@4.3.1 OK for: @tailwindcss/oxide@4.3.1 want: 4.3.1
817 silly placeDep ROOT @tailwindcss/oxide-freebsd-x64@4.3.1 OK for: @tailwindcss/oxide@4.3.1 want: 4.3.1
818 silly placeDep ROOT @tailwindcss/oxide-linux-arm-gnueabihf@4.3.1 OK for: @tailwindcss/oxide@4.3.1 want: 4.3.1
819 silly placeDep ROOT @tailwindcss/oxide-linux-arm64-gnu@4.3.1 OK for: @tailwindcss/oxide@4.3.1 want: 4.3.1
820 silly placeDep ROOT @tailwindcss/oxide-linux-arm64-musl@4.3.1 OK for: @tailwindcss/oxide@4.3.1 want: 4.3.1
821 silly placeDep ROOT @tailwindcss/oxide-linux-x64-gnu@4.3.1 OK for: @tailwindcss/oxide@4.3.1 want: 4.3.1
822 silly placeDep ROOT @tailwindcss/oxide-linux-x64-musl@4.3.1 OK for: @tailwindcss/oxide@4.3.1 want: 4.3.1
823 silly placeDep ROOT @tailwindcss/oxide-wasm32-wasi@4.3.1 OK for: @tailwindcss/oxide@4.3.1 want: 4.3.1
824 silly placeDep ROOT @tailwindcss/oxide-win32-arm64-msvc@4.3.1 OK for: @tailwindcss/oxide@4.3.1 want: 4.3.1
825 silly placeDep ROOT @tailwindcss/oxide-win32-x64-msvc@4.3.1 OK for: @tailwindcss/oxide@4.3.1 want: 4.3.1
826 silly placeDep ROOT linkifyjs@4.3.3 OK for: @tiptap/extension-link@3.27.1 want: ^4.3.3
827 silly placeDep ROOT prosemirror-changeset@2.4.1 OK for: @tiptap/pm@3.27.1 want: ^2.3.0
828 silly placeDep ROOT prosemirror-commands@1.7.1 OK for: @tiptap/pm@3.27.1 want: ^1.6.2
829 silly placeDep ROOT prosemirror-dropcursor@1.8.2 OK for: @tiptap/pm@3.27.1 want: ^1.8.1
830 silly placeDep ROOT prosemirror-gapcursor@1.4.1 OK for: @tiptap/pm@3.27.1 want: ^1.3.2
831 silly placeDep ROOT prosemirror-history@1.5.0 OK for: @tiptap/pm@3.27.1 want: ^1.4.1
832 silly placeDep ROOT prosemirror-inputrules@1.5.1 OK for: @tiptap/pm@3.27.1 want: ^1.4.0
833 silly placeDep ROOT prosemirror-keymap@1.2.3 OK for: @tiptap/pm@3.27.1 want: ^1.2.3
834 silly placeDep ROOT prosemirror-model@1.25.9 OK for: @tiptap/pm@3.27.1 want: ^1.25.7
835 silly placeDep ROOT prosemirror-schema-list@1.5.1 OK for: @tiptap/pm@3.27.1 want: ^1.5.0
836 silly placeDep ROOT prosemirror-state@1.4.4 OK for: @tiptap/pm@3.27.1 want: ^1.4.4
837 silly placeDep ROOT prosemirror-tables@1.8.5 OK for: @tiptap/pm@3.27.1 want: ^1.8.0
838 silly placeDep ROOT prosemirror-transform@1.12.0 OK for: @tiptap/pm@3.27.1 want: ^1.12.0
839 silly placeDep ROOT prosemirror-view@1.41.9 OK for: @tiptap/pm@3.27.1 want: ^1.41.8
840 silly fetch manifest prosemirror-transform@^1.0.0
841 silly packumentCache full:https://registry.npmjs.org/prosemirror-transform cache-miss
842 silly fetch manifest prosemirror-model@^1.0.0
843 silly packumentCache full:https://registry.npmjs.org/prosemirror-model cache-miss
844 silly fetch manifest prosemirror-transform@^1.10.2
845 silly packumentCache full:https://registry.npmjs.org/prosemirror-transform cache-miss
846 silly fetch manifest prosemirror-state@^1.0.0
847 silly packumentCache full:https://registry.npmjs.org/prosemirror-state cache-miss
848 silly fetch manifest prosemirror-state@^1.0.0
849 silly packumentCache full:https://registry.npmjs.org/prosemirror-state cache-miss
850 silly fetch manifest prosemirror-view@^1.1.0
851 silly packumentCache full:https://registry.npmjs.org/prosemirror-view cache-miss
852 silly fetch manifest prosemirror-transform@^1.1.0
853 silly packumentCache full:https://registry.npmjs.org/prosemirror-transform cache-miss
854 http cache https://registry.npmjs.org/prosemirror-transform 13ms (cache hit)
855 silly packumentCache full:https://registry.npmjs.org/prosemirror-transform set size:165710 disposed:false
856 silly fetch manifest prosemirror-keymap@^1.0.0
857 silly packumentCache full:https://registry.npmjs.org/prosemirror-keymap cache-miss
858 http cache https://registry.npmjs.org/prosemirror-model 17ms (cache hit)
859 silly packumentCache full:https://registry.npmjs.org/prosemirror-model set size:202922 disposed:false
860 silly fetch manifest prosemirror-state@^1.0.0
861 silly packumentCache full:https://registry.npmjs.org/prosemirror-state cache-miss
862 http cache https://registry.npmjs.org/prosemirror-transform 19ms (cache hit)
863 silly packumentCache full:https://registry.npmjs.org/prosemirror-transform set size:165710 disposed:false
864 silly packumentCache full:https://registry.npmjs.org/prosemirror-transform dispose
865 silly fetch manifest prosemirror-view@^1.0.0
866 silly packumentCache full:https://registry.npmjs.org/prosemirror-view cache-miss
867 http cache https://registry.npmjs.org/prosemirror-view 22ms (cache hit)
868 silly packumentCache full:https://registry.npmjs.org/prosemirror-view set size:723196 disposed:false
869 silly fetch manifest prosemirror-state@^1.2.2
870 silly packumentCache full:https://registry.npmjs.org/prosemirror-state cache-miss
871 http cache https://registry.npmjs.org/prosemirror-state 28ms (cache hit)
872 silly packumentCache full:https://registry.npmjs.org/prosemirror-state set size:77139 disposed:false
873 silly fetch manifest prosemirror-view@^1.31.0
874 silly packumentCache full:https://registry.npmjs.org/prosemirror-view cache-hit
875 silly fetch manifest rope-sequence@^1.3.0
876 silly packumentCache full:https://registry.npmjs.org/rope-sequence cache-miss
877 http cache https://registry.npmjs.org/prosemirror-transform 30ms (cache hit)
878 silly packumentCache full:https://registry.npmjs.org/prosemirror-transform set size:165710 disposed:true
879 silly packumentCache full:https://registry.npmjs.org/prosemirror-transform dispose
880 silly fetch manifest w3c-keyname@^2.2.0
881 silly packumentCache full:https://registry.npmjs.org/w3c-keyname cache-miss
882 http cache https://registry.npmjs.org/prosemirror-state 41ms (cache hit)
883 silly packumentCache full:https://registry.npmjs.org/prosemirror-state set size:77139 disposed:false
884 silly packumentCache full:https://registry.npmjs.org/prosemirror-state dispose
885 silly fetch manifest orderedmap@^2.0.0
886 silly packumentCache full:https://registry.npmjs.org/orderedmap cache-miss
887 http cache https://registry.npmjs.org/prosemirror-keymap 79ms (cache hit)
888 silly packumentCache full:https://registry.npmjs.org/prosemirror-keymap set size:58563 disposed:false
889 silly fetch manifest prosemirror-transform@^1.7.3
890 silly packumentCache full:https://registry.npmjs.org/prosemirror-transform cache-hit
891 silly fetch manifest prosemirror-view@^1.27.0
892 silly packumentCache full:https://registry.npmjs.org/prosemirror-view cache-hit
893 silly fetch manifest prosemirror-transform@^1.10.5
894 silly packumentCache full:https://registry.npmjs.org/prosemirror-transform cache-hit
895 silly fetch manifest prosemirror-view@^1.41.4
896 silly packumentCache full:https://registry.npmjs.org/prosemirror-view cache-hit
897 http cache https://registry.npmjs.org/prosemirror-state 87ms (cache hit)
898 silly packumentCache full:https://registry.npmjs.org/prosemirror-state set size:77139 disposed:true
899 silly packumentCache full:https://registry.npmjs.org/prosemirror-state dispose
900 http cache https://registry.npmjs.org/prosemirror-state 82ms (cache hit)
901 silly packumentCache full:https://registry.npmjs.org/prosemirror-state set size:77139 disposed:true
902 silly packumentCache full:https://registry.npmjs.org/prosemirror-state dispose
903 http cache https://registry.npmjs.org/prosemirror-view 90ms (cache hit)
904 silly packumentCache full:https://registry.npmjs.org/prosemirror-view set size:723196 disposed:false
905 silly packumentCache full:https://registry.npmjs.org/prosemirror-view dispose
906 http fetch GET 200 https://registry.npmjs.org/rope-sequence 218ms (cache miss)
907 silly packumentCache full:https://registry.npmjs.org/rope-sequence set size:undefined disposed:false
908 http fetch GET 200 https://registry.npmjs.org/w3c-keyname 217ms (cache miss)
909 silly packumentCache full:https://registry.npmjs.org/w3c-keyname set size:undefined disposed:false
910 http fetch GET 200 https://registry.npmjs.org/orderedmap 283ms (cache miss)
911 silly packumentCache full:https://registry.npmjs.org/orderedmap set size:undefined disposed:false
912 silly fetch manifest react@^17.0.0 || ^18.0.0 || ^19.0.0
913 silly packumentCache full:https://registry.npmjs.org/react cache-miss
914 http cache https://registry.npmjs.org/react 19ms (cache hit)
915 silly packumentCache full:https://registry.npmjs.org/react set size:6720097 disposed:false
916 silly fetch manifest @floating-ui/dom@^1.0.0
917 silly packumentCache full:https://registry.npmjs.org/@floating-ui%2fdom cache-miss
918 http fetch GET 200 https://registry.npmjs.org/@floating-ui%2fdom 118ms (cache miss)
919 silly packumentCache full:https://registry.npmjs.org/@floating-ui%2fdom set size:undefined disposed:false
920 silly fetch manifest @tiptap/core@3.27.1
921 silly packumentCache full:https://registry.npmjs.org/@tiptap%2fcore cache-miss
922 http cache https://registry.npmjs.org/@tiptap%2fcore 10ms (cache hit)
923 silly packumentCache full:https://registry.npmjs.org/@tiptap%2fcore set size:1317501 disposed:false
924 silly placeDep ROOT @tiptap/extension-bubble-menu@3.27.1 OK for: @tiptap/react@3.27.1 want: ^3.27.1
925 silly placeDep ROOT @tiptap/extension-floating-menu@3.27.1 OK for: @tiptap/react@3.27.1 want: ^3.27.1
926 silly placeDep ROOT @floating-ui/dom@1.7.6 OK for: @tiptap/extension-floating-menu@3.27.1 want: ^1.0.0
927 silly placeDep ROOT @types/use-sync-external-store@0.0.6 OK for: @tiptap/react@3.27.1 want: ^0.0.6
928 silly placeDep ROOT fast-equals@5.4.0 OK for: @tiptap/react@3.27.1 want: ^5.3.3
929 silly placeDep ROOT use-sync-external-store@1.6.0 OK for: @tiptap/react@3.27.1 want: ^1.4.0
930 silly fetch manifest @floating-ui/core@^1.7.5
931 silly packumentCache full:https://registry.npmjs.org/@floating-ui%2fcore cache-miss
932 silly fetch manifest @floating-ui/utils@^0.2.11
933 silly packumentCache full:https://registry.npmjs.org/@floating-ui%2futils cache-miss
934 http fetch GET 200 https://registry.npmjs.org/@floating-ui%2futils 58ms (cache miss)
935 silly packumentCache full:https://registry.npmjs.org/@floating-ui%2futils set size:undefined disposed:false
936 http fetch GET 200 https://registry.npmjs.org/@floating-ui%2fcore 99ms (cache miss)
937 silly packumentCache full:https://registry.npmjs.org/@floating-ui%2fcore set size:undefined disposed:false
938 silly placeDep ROOT @floating-ui/core@1.7.5 OK for: @floating-ui/dom@1.7.6 want: ^1.7.5
939 silly placeDep ROOT @floating-ui/utils@0.2.11 OK for: @floating-ui/dom@1.7.6 want: ^0.2.11
940 silly fetch manifest @tiptap/core@^3.27.1
941 silly packumentCache full:https://registry.npmjs.org/@tiptap%2fcore cache-miss
942 http cache https://registry.npmjs.org/@tiptap%2fcore 9ms (cache hit)
943 silly packumentCache full:https://registry.npmjs.org/@tiptap%2fcore set size:1317501 disposed:false
944 silly fetch manifest @tiptap/pm@^3.27.1
945 silly packumentCache full:https://registry.npmjs.org/@tiptap%2fpm cache-miss
946 http cache https://registry.npmjs.org/@tiptap%2fpm 10ms (cache hit)
947 silly packumentCache full:https://registry.npmjs.org/@tiptap%2fpm set size:1641023 disposed:false
948 silly placeDep ROOT @tiptap/extension-blockquote@3.27.1 OK for: @tiptap/starter-kit@3.27.1 want: ^3.27.1
949 silly placeDep ROOT @tiptap/extension-bold@3.27.1 OK for: @tiptap/starter-kit@3.27.1 want: ^3.27.1
950 silly placeDep ROOT @tiptap/extension-bullet-list@3.27.1 OK for: @tiptap/starter-kit@3.27.1 want: ^3.27.1
951 silly placeDep ROOT @tiptap/extension-list@3.27.1 OK for: @tiptap/extension-bullet-list@3.27.1 want: 3.27.1
952 silly placeDep ROOT @tiptap/extension-code@3.27.1 OK for: @tiptap/starter-kit@3.27.1 want: ^3.27.1
953 silly placeDep ROOT @tiptap/extension-code-block@3.27.1 OK for: @tiptap/starter-kit@3.27.1 want: ^3.27.1
954 silly placeDep ROOT @tiptap/extension-document@3.27.1 OK for: @tiptap/starter-kit@3.27.1 want: ^3.27.1
955 silly placeDep ROOT @tiptap/extension-dropcursor@3.27.1 OK for: @tiptap/starter-kit@3.27.1 want: ^3.27.1
956 silly placeDep ROOT @tiptap/extensions@3.27.1 OK for: @tiptap/extension-dropcursor@3.27.1 want: 3.27.1
957 silly placeDep ROOT @tiptap/extension-gapcursor@3.27.1 OK for: @tiptap/starter-kit@3.27.1 want: ^3.27.1
958 silly placeDep ROOT @tiptap/extension-hard-break@3.27.1 OK for: @tiptap/starter-kit@3.27.1 want: ^3.27.1
959 silly placeDep ROOT @tiptap/extension-heading@3.27.1 OK for: @tiptap/starter-kit@3.27.1 want: ^3.27.1
960 silly placeDep ROOT @tiptap/extension-horizontal-rule@3.27.1 OK for: @tiptap/starter-kit@3.27.1 want: ^3.27.1
961 silly placeDep ROOT @tiptap/extension-italic@3.27.1 OK for: @tiptap/starter-kit@3.27.1 want: ^3.27.1
962 silly placeDep ROOT @tiptap/extension-list-item@3.27.1 OK for: @tiptap/starter-kit@3.27.1 want: ^3.27.1
963 silly placeDep ROOT @tiptap/extension-list-keymap@3.27.1 OK for: @tiptap/starter-kit@3.27.1 want: ^3.27.1
964 silly placeDep ROOT @tiptap/extension-ordered-list@3.27.1 OK for: @tiptap/starter-kit@3.27.1 want: ^3.27.1
965 silly placeDep ROOT @tiptap/extension-paragraph@3.27.1 OK for: @tiptap/starter-kit@3.27.1 want: ^3.27.1
966 silly placeDep ROOT @tiptap/extension-strike@3.27.1 OK for: @tiptap/starter-kit@3.27.1 want: ^3.27.1
967 silly placeDep ROOT @tiptap/extension-text@3.27.1 OK for: @tiptap/starter-kit@3.27.1 want: ^3.27.1
968 silly placeDep ROOT @tiptap/extension-underline@3.27.1 OK for: @tiptap/starter-kit@3.27.1 want: ^3.27.1
969 silly placeDep ROOT undici-types@7.24.6 OK for: @types/node@25.9.3 want: >=7.24.0 <7.24.7
970 silly placeDep ROOT csstype@3.2.3 OK for: @types/react@19.2.17 want: ^3.2.2
971 silly placeDep ROOT htmlparser2@10.1.0 OK for: @types/sanitize-html@2.16.1 want: ^10.1
972 silly fetch manifest domutils@^3.2.2
973 silly packumentCache full:https://registry.npmjs.org/domutils cache-miss
974 silly fetch manifest entities@^7.0.1
975 silly packumentCache full:https://registry.npmjs.org/entities cache-miss
976 silly fetch manifest domhandler@^5.0.3
977 silly packumentCache full:https://registry.npmjs.org/domhandler cache-miss
978 silly fetch manifest domelementtype@^2.3.0
979 silly packumentCache full:https://registry.npmjs.org/domelementtype cache-miss
980 http fetch GET 200 https://registry.npmjs.org/domelementtype 70ms (cache miss)
981 silly packumentCache full:https://registry.npmjs.org/domelementtype set size:undefined disposed:false
982 http fetch GET 200 https://registry.npmjs.org/domhandler 74ms (cache miss)
983 silly packumentCache full:https://registry.npmjs.org/domhandler set size:undefined disposed:false
984 http fetch GET 200 https://registry.npmjs.org/entities 80ms (cache miss)
985 silly packumentCache full:https://registry.npmjs.org/entities set size:undefined disposed:false
986 http fetch GET 200 https://registry.npmjs.org/domutils 92ms (cache miss)
987 silly packumentCache full:https://registry.npmjs.org/domutils set size:undefined disposed:false
988 silly placeDep ROOT graceful-fs@4.2.11 OK for: enhanced-resolve@5.21.6 want: ^4.2.4
989 silly placeDep ROOT tapable@2.3.3 OK for: enhanced-resolve@5.21.6 want: ^2.3.3
990 silly fetch manifest eslint@^6.0.0 || ^7.0.0 || >=8.0.0
991 silly packumentCache full:https://registry.npmjs.org/eslint cache-miss
992 http cache https://registry.npmjs.org/eslint 10ms (cache hit)
993 silly packumentCache full:https://registry.npmjs.org/eslint set size:2011545 disposed:false
994 silly placeDep ROOT @eslint-community/eslint-utils@4.9.1 OK for: eslint@10.5.0 want: ^4.8.0
995 silly placeDep ROOT @eslint-community/regexpp@4.12.2 OK for: eslint@10.5.0 want: ^4.12.2
996 silly placeDep ROOT @eslint/config-array@0.23.5 OK for: eslint@10.5.0 want: ^0.23.5
997 silly placeDep ROOT @eslint/config-helpers@0.6.0 OK for: eslint@10.5.0 want: ^0.6.0
998 silly placeDep ROOT @eslint/core@1.2.1 OK for: eslint@10.5.0 want: ^1.2.1
999 silly placeDep ROOT @eslint/plugin-kit@0.7.2 OK for: eslint@10.5.0 want: ^0.7.2
1000 silly placeDep ROOT @humanfs/node@0.16.8 OK for: eslint@10.5.0 want: ^0.16.6
1001 silly placeDep ROOT @humanwhocodes/module-importer@1.0.1 OK for: eslint@10.5.0 want: ^1.0.1
1002 silly placeDep ROOT @humanwhocodes/retry@0.4.3 OK for: eslint@10.5.0 want: ^0.4.2
1003 silly placeDep ROOT @types/estree@1.0.9 OK for: eslint@10.5.0 want: ^1.0.6
1004 silly placeDep ROOT ajv@6.15.0 OK for: eslint@10.5.0 want: ^6.14.0
1005 silly placeDep ROOT cross-spawn@7.0.6 OK for: eslint@10.5.0 want: ^7.0.6
1006 silly placeDep ROOT debug@4.4.3 OK for: eslint@10.5.0 want: ^4.3.2
1007 silly placeDep ROOT escape-string-regexp@4.0.0 OK for: eslint@10.5.0 want: ^4.0.0
1008 silly placeDep ROOT eslint-scope@9.1.2 OK for: eslint@10.5.0 want: ^9.1.2
1009 silly placeDep ROOT eslint-visitor-keys@5.0.1 OK for: eslint@10.5.0 want: ^5.0.1
1010 silly placeDep ROOT espree@11.2.0 OK for: eslint@10.5.0 want: ^11.2.0
1011 silly placeDep ROOT esquery@1.7.0 OK for: eslint@10.5.0 want: ^1.7.0
1012 silly placeDep ROOT esutils@2.0.3 OK for: eslint@10.5.0 want: ^2.0.2
1013 silly placeDep ROOT fast-deep-equal@3.1.3 OK for: eslint@10.5.0 want: ^3.1.3
1014 silly placeDep ROOT file-entry-cache@8.0.0 OK for: eslint@10.5.0 want: ^8.0.0
1015 silly placeDep ROOT find-up@5.0.0 OK for: eslint@10.5.0 want: ^5.0.0
1016 silly placeDep ROOT glob-parent@6.0.2 OK for: eslint@10.5.0 want: ^6.0.2
1017 silly placeDep ROOT ignore@5.3.2 OK for: eslint@10.5.0 want: ^5.2.0
1018 silly placeDep ROOT imurmurhash@0.1.4 OK for: eslint@10.5.0 want: ^0.1.4
1019 silly placeDep ROOT is-glob@4.0.3 OK for: eslint@10.5.0 want: ^4.0.0
1020 silly placeDep ROOT json-stable-stringify-without-jsonify@1.0.1 OK for: eslint@10.5.0 want: ^1.0.1
1021 silly placeDep ROOT minimatch@10.2.5 OK for: eslint@10.5.0 want: ^10.2.4
1022 silly placeDep ROOT natural-compare@1.4.0 OK for: eslint@10.5.0 want: ^1.4.0
1023 silly placeDep ROOT optionator@0.9.4 OK for: eslint@10.5.0 want: ^0.9.3
1024 silly fetch manifest eslint-visitor-keys@^3.4.3
1025 silly packumentCache full:https://registry.npmjs.org/eslint-visitor-keys cache-miss
1026 silly fetch manifest @eslint/object-schema@^3.0.5
1027 silly packumentCache full:https://registry.npmjs.org/@eslint%2fobject-schema cache-miss
1028 silly fetch manifest debug@^4.3.1
1029 silly packumentCache full:https://registry.npmjs.org/debug cache-miss
1030 silly fetch manifest @types/json-schema@^7.0.15
1031 silly packumentCache full:https://registry.npmjs.org/@types%2fjson-schema cache-miss
1032 silly fetch manifest levn@^0.4.1
1033 silly packumentCache full:https://registry.npmjs.org/levn cache-miss
1034 silly fetch manifest @humanwhocodes/retry@^0.4.0
1035 silly packumentCache full:https://registry.npmjs.org/@humanwhocodes%2fretry cache-miss
1036 silly fetch manifest @humanfs/core@^0.19.2
1037 silly packumentCache full:https://registry.npmjs.org/@humanfs%2fcore cache-miss
1038 http cache https://registry.npmjs.org/debug 19ms (cache hit)
1039 silly packumentCache full:https://registry.npmjs.org/debug set size:195840 disposed:false
1040 silly fetch manifest @humanfs/types@^0.15.0
1041 silly packumentCache full:https://registry.npmjs.org/@humanfs%2ftypes cache-miss
1042 http cache https://registry.npmjs.org/eslint-visitor-keys 22ms (cache hit)
1043 silly packumentCache full:https://registry.npmjs.org/eslint-visitor-keys set size:69949 disposed:false
1044 silly fetch manifest uri-js@^4.2.2
1045 silly packumentCache full:https://registry.npmjs.org/uri-js cache-miss
1046 http cache https://registry.npmjs.org/@humanwhocodes%2fretry 22ms (cache hit)
1047 silly packumentCache full:https://registry.npmjs.org/@humanwhocodes%2fretry set size:42348 disposed:false
1048 silly fetch manifest fast-deep-equal@^3.1.1
1049 silly packumentCache full:https://registry.npmjs.org/fast-deep-equal cache-miss
1050 http cache https://registry.npmjs.org/fast-deep-equal 7ms (cache hit)
1051 silly packumentCache full:https://registry.npmjs.org/fast-deep-equal set size:48634 disposed:false
1052 silly fetch manifest json-schema-traverse@^0.4.1
1053 silly packumentCache full:https://registry.npmjs.org/json-schema-traverse cache-miss
1054 http fetch GET 200 https://registry.npmjs.org/levn 57ms (cache miss)
1055 silly packumentCache full:https://registry.npmjs.org/levn set size:undefined disposed:false
1056 silly fetch manifest fast-json-stable-stringify@^2.0.0
1057 silly packumentCache full:https://registry.npmjs.org/fast-json-stable-stringify cache-miss
1058 http fetch GET 200 https://registry.npmjs.org/@types%2fjson-schema 63ms (cache miss)
1059 silly packumentCache full:https://registry.npmjs.org/@types%2fjson-schema set size:undefined disposed:false
1060 silly fetch manifest which@^2.0.1
1061 silly packumentCache full:https://registry.npmjs.org/which cache-miss
1062 http fetch GET 200 https://registry.npmjs.org/@humanfs%2fcore 72ms (cache miss)
1063 silly packumentCache full:https://registry.npmjs.org/@humanfs%2fcore set size:undefined disposed:false
1064 silly fetch manifest path-key@^3.1.0
1065 silly packumentCache full:https://registry.npmjs.org/path-key cache-miss
1066 http fetch GET 200 https://registry.npmjs.org/@eslint%2fobject-schema 84ms (cache miss)
1067 silly packumentCache full:https://registry.npmjs.org/@eslint%2fobject-schema set size:undefined disposed:false
1068 silly fetch manifest shebang-command@^2.0.0
1069 silly packumentCache full:https://registry.npmjs.org/shebang-command cache-miss
1070 http fetch GET 200 https://registry.npmjs.org/uri-js 65ms (cache miss)
1071 silly packumentCache full:https://registry.npmjs.org/uri-js set size:undefined disposed:false
1072 silly fetch manifest ms@^2.1.3
1073 silly packumentCache full:https://registry.npmjs.org/ms cache-miss
1074 http fetch GET 200 https://registry.npmjs.org/json-schema-traverse 56ms (cache miss)
1075 silly packumentCache full:https://registry.npmjs.org/json-schema-traverse set size:undefined disposed:false
1076 silly fetch manifest @types/esrecurse@^4.3.1
1077 silly packumentCache full:https://registry.npmjs.org/@types%2fesrecurse cache-miss
1078 http fetch GET 200 https://registry.npmjs.org/fast-json-stable-stringify 47ms (cache miss)
1079 silly packumentCache full:https://registry.npmjs.org/fast-json-stable-stringify set size:undefined disposed:false
1080 silly fetch manifest esrecurse@^4.3.0
1081 silly packumentCache full:https://registry.npmjs.org/esrecurse cache-miss
1082 http fetch GET 200 https://registry.npmjs.org/@humanfs%2ftypes 87ms (cache miss)
1083 silly packumentCache full:https://registry.npmjs.org/@humanfs%2ftypes set size:undefined disposed:false
1084 silly fetch manifest estraverse@^5.2.0
1085 silly packumentCache full:https://registry.npmjs.org/estraverse cache-miss
1086 http fetch GET 200 https://registry.npmjs.org/path-key 46ms (cache miss)
1087 silly packumentCache full:https://registry.npmjs.org/path-key set size:undefined disposed:false
1088 silly fetch manifest acorn@^8.16.0
1089 silly packumentCache full:https://registry.npmjs.org/acorn cache-miss
1090 http fetch GET 200 https://registry.npmjs.org/which 64ms (cache miss)
1091 silly packumentCache full:https://registry.npmjs.org/which set size:undefined disposed:false
1092 silly fetch manifest acorn-jsx@^5.3.2
1093 silly packumentCache full:https://registry.npmjs.org/acorn-jsx cache-miss
1094 http fetch GET 200 https://registry.npmjs.org/shebang-command 53ms (cache miss)
1095 silly packumentCache full:https://registry.npmjs.org/shebang-command set size:undefined disposed:false
1096 silly fetch manifest estraverse@^5.1.0
1097 silly packumentCache full:https://registry.npmjs.org/estraverse cache-miss
1098 http fetch GET 200 https://registry.npmjs.org/ms 53ms (cache miss)
1099 silly packumentCache full:https://registry.npmjs.org/ms set size:undefined disposed:false
1100 silly fetch manifest flat-cache@^4.0.0
1101 silly packumentCache full:https://registry.npmjs.org/flat-cache cache-miss
1102 http fetch GET 200 https://registry.npmjs.org/esrecurse 56ms (cache miss)
1103 silly packumentCache full:https://registry.npmjs.org/esrecurse set size:undefined disposed:false
1104 silly fetch manifest locate-path@^6.0.0
1105 silly packumentCache full:https://registry.npmjs.org/locate-path cache-miss
1106 http fetch GET 200 https://registry.npmjs.org/estraverse 63ms (cache miss)
1107 silly packumentCache full:https://registry.npmjs.org/estraverse set size:undefined disposed:false
1108 silly fetch manifest path-exists@^4.0.0
1109 silly packumentCache full:https://registry.npmjs.org/path-exists cache-miss
1110 http fetch GET 200 https://registry.npmjs.org/acorn-jsx 68ms (cache miss)
1111 silly packumentCache full:https://registry.npmjs.org/acorn-jsx set size:undefined disposed:false
1112 silly fetch manifest is-glob@^4.0.3
1113 silly packumentCache full:https://registry.npmjs.org/is-glob cache-miss
1114 http fetch GET 200 https://registry.npmjs.org/estraverse 64ms (cache miss)
1115 silly packumentCache full:https://registry.npmjs.org/estraverse set size:undefined disposed:false
1116 silly fetch manifest is-extglob@^2.1.1
1117 silly packumentCache full:https://registry.npmjs.org/is-extglob cache-miss
1118 http cache https://registry.npmjs.org/is-glob 8ms (cache hit)
1119 silly packumentCache full:https://registry.npmjs.org/is-glob set size:40530 disposed:false
1120 silly fetch manifest brace-expansion@^5.0.5
1121 silly packumentCache full:https://registry.npmjs.org/brace-expansion cache-miss
1122 http fetch GET 200 https://registry.npmjs.org/flat-cache 69ms (cache miss)
1123 silly packumentCache full:https://registry.npmjs.org/flat-cache set size:undefined disposed:false
1124 silly fetch manifest prelude-ls@^1.2.1
1125 silly packumentCache full:https://registry.npmjs.org/prelude-ls cache-miss
1126 http fetch GET 200 https://registry.npmjs.org/locate-path 62ms (cache miss)
1127 silly packumentCache full:https://registry.npmjs.org/locate-path set size:undefined disposed:false
1128 silly fetch manifest deep-is@^0.1.3
1129 silly packumentCache full:https://registry.npmjs.org/deep-is cache-miss
1130 http fetch GET 200 https://registry.npmjs.org/path-exists 66ms (cache miss)
1131 silly packumentCache full:https://registry.npmjs.org/path-exists set size:undefined disposed:false
1132 silly fetch manifest word-wrap@^1.2.5
1133 silly packumentCache full:https://registry.npmjs.org/word-wrap cache-miss
1134 http fetch GET 200 https://registry.npmjs.org/is-extglob 54ms (cache miss)
1135 silly packumentCache full:https://registry.npmjs.org/is-extglob set size:undefined disposed:false
1136 silly fetch manifest type-check@^0.4.0
1137 silly packumentCache full:https://registry.npmjs.org/type-check cache-miss
1138 http fetch GET 200 https://registry.npmjs.org/acorn 138ms (cache miss)
1139 silly packumentCache full:https://registry.npmjs.org/acorn set size:undefined disposed:false
1140 silly fetch manifest fast-levenshtein@^2.0.6
1141 silly packumentCache full:https://registry.npmjs.org/fast-levenshtein cache-miss
1142 http fetch GET 200 https://registry.npmjs.org/prelude-ls 55ms (cache miss)
1143 silly packumentCache full:https://registry.npmjs.org/prelude-ls set size:undefined disposed:false
1144 http fetch GET 200 https://registry.npmjs.org/brace-expansion 67ms (cache miss)
1145 silly packumentCache full:https://registry.npmjs.org/brace-expansion set size:undefined disposed:false
1146 http fetch GET 200 https://registry.npmjs.org/deep-is 87ms (cache miss)
1147 silly packumentCache full:https://registry.npmjs.org/deep-is set size:undefined disposed:false
1148 http fetch GET 200 https://registry.npmjs.org/type-check 59ms (cache miss)
1149 silly packumentCache full:https://registry.npmjs.org/type-check set size:undefined disposed:false
1150 http fetch GET 200 https://registry.npmjs.org/fast-levenshtein 56ms (cache miss)
1151 silly packumentCache full:https://registry.npmjs.org/fast-levenshtein set size:undefined disposed:false
1152 http fetch GET 200 https://registry.npmjs.org/@types%2fesrecurse 236ms (cache miss)
1153 silly packumentCache full:https://registry.npmjs.org/@types%2fesrecurse set size:undefined disposed:false
1154 http fetch GET 200 https://registry.npmjs.org/word-wrap 233ms (cache miss)
1155 silly packumentCache full:https://registry.npmjs.org/word-wrap set size:undefined disposed:false
1156 silly placeDep node_modules/@eslint-community/eslint-utils eslint-visitor-keys@3.4.3 OK for: @eslint-community/eslint-utils@4.9.1 want: ^3.4.3
1157 silly placeDep ROOT @eslint/object-schema@3.0.5 OK for: @eslint/config-array@0.23.5 want: ^3.0.5
1158 silly placeDep ROOT @types/json-schema@7.0.15 OK for: @eslint/core@1.2.1 want: ^7.0.15
1159 silly placeDep ROOT levn@0.4.1 OK for: @eslint/plugin-kit@0.7.2 want: ^0.4.1
1160 silly fetch manifest type-check@~0.4.0
1161 silly packumentCache full:https://registry.npmjs.org/type-check cache-miss
1162 http cache https://registry.npmjs.org/type-check 7ms (cache hit)
1163 silly packumentCache full:https://registry.npmjs.org/type-check set size:21221 disposed:false
1164 silly placeDep ROOT @humanfs/core@0.19.2 OK for: @humanfs/node@0.16.8 want: ^0.19.2
1165 silly placeDep ROOT @humanfs/types@0.15.0 OK for: @humanfs/node@0.16.8 want: ^0.15.0
1166 silly placeDep ROOT fast-json-stable-stringify@2.1.0 OK for: ajv@6.15.0 want: ^2.0.0
1167 silly placeDep ROOT json-schema-traverse@0.4.1 OK for: ajv@6.15.0 want: ^0.4.1
1168 silly placeDep ROOT uri-js@4.4.1 OK for: ajv@6.15.0 want: ^4.2.2
1169 silly fetch manifest punycode@^2.1.0
1170 silly packumentCache full:https://registry.npmjs.org/punycode cache-miss
1171 http fetch GET 200 https://registry.npmjs.org/punycode 49ms (cache miss)
1172 silly packumentCache full:https://registry.npmjs.org/punycode set size:undefined disposed:false
1173 silly placeDep ROOT path-key@3.1.1 OK for: cross-spawn@7.0.6 want: ^3.1.0
1174 silly placeDep ROOT shebang-command@2.0.0 OK for: cross-spawn@7.0.6 want: ^2.0.0
1175 silly placeDep ROOT which@2.0.2 OK for: cross-spawn@7.0.6 want: ^2.0.1
1176 silly fetch manifest shebang-regex@^3.0.0
1177 silly packumentCache full:https://registry.npmjs.org/shebang-regex cache-miss
1178 silly fetch manifest isexe@^2.0.0
1179 silly packumentCache full:https://registry.npmjs.org/isexe cache-miss
1180 http fetch GET 200 https://registry.npmjs.org/isexe 42ms (cache miss)
1181 silly packumentCache full:https://registry.npmjs.org/isexe set size:undefined disposed:false
1182 http fetch GET 200 https://registry.npmjs.org/shebang-regex 60ms (cache miss)
1183 silly packumentCache full:https://registry.npmjs.org/shebang-regex set size:undefined disposed:false
1184 silly placeDep ROOT ms@2.1.3 OK for: debug@4.4.3 want: ^2.1.3
1185 silly fetch manifest eslint@>=9.0.0
1186 silly packumentCache full:https://registry.npmjs.org/eslint cache-miss
1187 http cache https://registry.npmjs.org/eslint 10ms (cache hit)
1188 silly packumentCache full:https://registry.npmjs.org/eslint set size:2011545 disposed:false
1189 silly fetch manifest typescript@>=3.3.1
1190 silly packumentCache full:https://registry.npmjs.org/typescript cache-miss
1191 http cache https://registry.npmjs.org/typescript 39ms (cache hit)
1192 silly packumentCache full:https://registry.npmjs.org/typescript set size:15410956 disposed:false
1193 silly fetch manifest eslint@^3 || ^4 || ^5 || ^6 || ^7 || ^8 || ^9.7
1194 silly packumentCache full:https://registry.npmjs.org/eslint cache-miss
1195 http cache https://registry.npmjs.org/eslint 16ms (cache hit)
1196 silly packumentCache full:https://registry.npmjs.org/eslint set size:2011545 disposed:false
1197 silly fetch manifest eslint@^2 || ^3 || ^4 || ^5 || ^6 || ^7.2.0 || ^8 || ^9
1198 silly packumentCache full:https://registry.npmjs.org/eslint cache-miss
1199 http cache https://registry.npmjs.org/eslint 12ms (cache hit)
1200 silly packumentCache full:https://registry.npmjs.org/eslint set size:2011545 disposed:false
1201 silly fetch manifest eslint@^3 || ^4 || ^5 || ^6 || ^7 || ^8 || ^9
1202 silly packumentCache full:https://registry.npmjs.org/eslint cache-miss
1203 http cache https://registry.npmjs.org/eslint 11ms (cache hit)
1204 silly packumentCache full:https://registry.npmjs.org/eslint set size:2011545 disposed:false
1205 silly fetch manifest eslint-plugin-import-x@*
1206 silly packumentCache full:https://registry.npmjs.org/eslint-plugin-import-x cache-miss
1207 http fetch GET 200 https://registry.npmjs.org/eslint-plugin-import-x 92ms (cache miss)
1208 silly packumentCache full:https://registry.npmjs.org/eslint-plugin-import-x set size:undefined disposed:false
1209 silly fetch manifest @typescript-eslint/utils@^8.56.0
1210 silly packumentCache full:https://registry.npmjs.org/@typescript-eslint%2futils cache-miss
1211 http fetch GET 200 https://registry.npmjs.org/@typescript-eslint%2futils 859ms (cache miss)
1212 silly packumentCache full:https://registry.npmjs.org/@typescript-eslint%2futils set size:undefined disposed:false
1213 silly placeDep ROOT @next/eslint-plugin-next@16.2.9 OK for: eslint-config-next@16.2.9 want: 16.2.9
1214 silly placeDep ROOT eslint-import-resolver-node@0.3.10 OK for: eslint-config-next@16.2.9 want: ^0.3.6
1215 silly placeDep ROOT eslint-import-resolver-typescript@3.10.1 OK for: eslint-config-next@16.2.9 want: ^3.5.2
1216 silly placeDep ROOT eslint-plugin-import@2.32.0 OK for: eslint-config-next@16.2.9 want: ^2.32.0
1217 silly placeDep ROOT eslint@9.39.4 REPLACE for: eslint-plugin-import@2.32.0 want: ^2 || ^3 || ^4 || ^5 || ^6 || ^7.2.0 || ^8 || ^9
1218 silly placeDep ROOT eslint-plugin-jsx-a11y@6.10.2 OK for: eslint-config-next@16.2.9 want: ^6.10.0
1219 silly placeDep ROOT eslint-plugin-react@7.37.5 OK for: eslint-config-next@16.2.9 want: ^7.37.0
1220 silly placeDep ROOT eslint-plugin-react-hooks@7.1.1 OK for: eslint-config-next@16.2.9 want: ^7.0.0
1221 silly placeDep ROOT globals@16.4.0 OK for: eslint-config-next@16.2.9 want: 16.4.0
1222 silly placeDep ROOT typescript-eslint@8.61.1 OK for: eslint-config-next@16.2.9 want: ^8.46.0
1223 silly fetch manifest fast-glob@3.3.1
1224 silly packumentCache full:https://registry.npmjs.org/fast-glob cache-miss
1225 silly fetch manifest debug@^3.2.7
1226 silly packumentCache full:https://registry.npmjs.org/debug cache-hit
1227 silly fetch manifest resolve@^2.0.0-next.6
1228 silly packumentCache full:https://registry.npmjs.org/resolve cache-miss
1229 silly fetch manifest is-core-module@^2.16.1
1230 silly packumentCache full:https://registry.npmjs.org/is-core-module cache-miss
1231 silly fetch manifest tinyglobby@^0.2.13
1232 silly packumentCache full:https://registry.npmjs.org/tinyglobby cache-miss
1233 silly fetch manifest stable-hash@^0.0.5
1234 silly packumentCache full:https://registry.npmjs.org/stable-hash cache-miss
1235 silly fetch manifest get-tsconfig@^4.10.0
1236 silly packumentCache full:https://registry.npmjs.org/get-tsconfig cache-miss
1237 silly fetch manifest is-bun-module@^2.0.0
1238 silly packumentCache full:https://registry.npmjs.org/is-bun-module cache-miss
1239 http fetch GET 200 https://registry.npmjs.org/is-bun-module 54ms (cache miss)
1240 silly packumentCache full:https://registry.npmjs.org/is-bun-module set size:undefined disposed:false
1241 silly fetch manifest unrs-resolver@^1.6.2
1242 silly packumentCache full:https://registry.npmjs.org/unrs-resolver cache-miss
1243 http fetch GET 200 https://registry.npmjs.org/tinyglobby 57ms (cache miss)
1244 silly packumentCache full:https://registry.npmjs.org/tinyglobby set size:undefined disposed:false
1245 silly fetch manifest @nolyfill/is-core-module@1.0.39
1246 silly packumentCache full:https://registry.npmjs.org/@nolyfill%2fis-core-module cache-miss
1247 http fetch GET 200 https://registry.npmjs.org/is-core-module 68ms (cache miss)
1248 silly packumentCache full:https://registry.npmjs.org/is-core-module set size:undefined disposed:false
1249 silly fetch manifest @rtsao/scc@^1.1.0
1250 silly packumentCache full:https://registry.npmjs.org/@rtsao%2fscc cache-miss
1251 http fetch GET 200 https://registry.npmjs.org/get-tsconfig 80ms (cache miss)
1252 silly packumentCache full:https://registry.npmjs.org/get-tsconfig set size:undefined disposed:false
1253 silly fetch manifest array-includes@^3.1.9
1254 silly packumentCache full:https://registry.npmjs.org/array-includes cache-miss
1255 http fetch GET 200 https://registry.npmjs.org/resolve 102ms (cache miss)
1256 silly packumentCache full:https://registry.npmjs.org/resolve set size:undefined disposed:false
1257 silly fetch manifest array.prototype.findlastindex@^1.2.6
1258 silly packumentCache full:https://registry.npmjs.org/array.prototype.findlastindex cache-miss
1259 http fetch GET 200 https://registry.npmjs.org/fast-glob 117ms (cache miss)
1260 silly packumentCache full:https://registry.npmjs.org/fast-glob set size:undefined disposed:false
1261 silly fetch manifest array.prototype.flat@^1.3.3
1262 silly packumentCache full:https://registry.npmjs.org/array.prototype.flat cache-miss
1263 http fetch GET 200 https://registry.npmjs.org/unrs-resolver 70ms (cache miss)
1264 silly packumentCache full:https://registry.npmjs.org/unrs-resolver set size:undefined disposed:false
1265 silly fetch manifest array.prototype.flatmap@^1.3.3
1266 silly packumentCache full:https://registry.npmjs.org/array.prototype.flatmap cache-miss
1267 http fetch GET 200 https://registry.npmjs.org/@rtsao%2fscc 69ms (cache miss)
1268 silly packumentCache full:https://registry.npmjs.org/@rtsao%2fscc set size:undefined disposed:false
1269 silly fetch manifest doctrine@^2.1.0
1270 silly packumentCache full:https://registry.npmjs.org/doctrine cache-miss
1271 http fetch GET 200 https://registry.npmjs.org/array-includes 68ms (cache miss)
1272 silly packumentCache full:https://registry.npmjs.org/array-includes set size:undefined disposed:false
1273 silly fetch manifest eslint-module-utils@^2.12.1
1274 silly packumentCache full:https://registry.npmjs.org/eslint-module-utils cache-miss
1275 http fetch GET 200 https://registry.npmjs.org/@nolyfill%2fis-core-module 95ms (cache miss)
1276 silly packumentCache full:https://registry.npmjs.org/@nolyfill%2fis-core-module set size:undefined disposed:false
1277 silly fetch manifest hasown@^2.0.2
1278 silly packumentCache full:https://registry.npmjs.org/hasown cache-miss
1279 http fetch GET 200 https://registry.npmjs.org/array.prototype.findlastindex 59ms (cache miss)
1280 silly packumentCache full:https://registry.npmjs.org/array.prototype.findlastindex set size:undefined disposed:false
1281 silly fetch manifest minimatch@^3.1.2
1282 silly packumentCache full:https://registry.npmjs.org/minimatch cache-miss
1283 http cache https://registry.npmjs.org/minimatch 8ms (cache hit)
1284 silly packumentCache full:https://registry.npmjs.org/minimatch set size:375282 disposed:false
1285 silly fetch manifest object.fromentries@^2.0.8
1286 silly packumentCache full:https://registry.npmjs.org/object.fromentries cache-miss
1287 http fetch GET 200 https://registry.npmjs.org/array.prototype.flat 66ms (cache miss)
1288 silly packumentCache full:https://registry.npmjs.org/array.prototype.flat set size:undefined disposed:false
1289 silly fetch manifest object.groupby@^1.0.3
1290 silly packumentCache full:https://registry.npmjs.org/object.groupby cache-miss
1291 http fetch GET 200 https://registry.npmjs.org/doctrine 58ms (cache miss)
1292 silly packumentCache full:https://registry.npmjs.org/doctrine set size:undefined disposed:false
1293 silly fetch manifest object.values@^1.2.1
1294 silly packumentCache full:https://registry.npmjs.org/object.values cache-miss
1295 http fetch GET 200 https://registry.npmjs.org/array.prototype.flatmap 71ms (cache miss)
1296 silly packumentCache full:https://registry.npmjs.org/array.prototype.flatmap set size:undefined disposed:false
1297 silly fetch manifest semver@^6.3.1
1298 silly packumentCache full:https://registry.npmjs.org/semver cache-miss
1299 http fetch GET 200 https://registry.npmjs.org/hasown 52ms (cache miss)
1300 silly packumentCache full:https://registry.npmjs.org/hasown set size:undefined disposed:false
1301 silly fetch manifest string.prototype.trimend@^1.0.9
1302 silly packumentCache full:https://registry.npmjs.org/string.prototype.trimend cache-miss
1303 http fetch GET 200 https://registry.npmjs.org/eslint-module-utils 63ms (cache miss)
1304 silly packumentCache full:https://registry.npmjs.org/eslint-module-utils set size:undefined disposed:false
1305 silly fetch manifest tsconfig-paths@^3.15.0
1306 silly packumentCache full:https://registry.npmjs.org/tsconfig-paths cache-miss
1307 http fetch GET 200 https://registry.npmjs.org/stable-hash 229ms (cache miss)
1308 silly packumentCache full:https://registry.npmjs.org/stable-hash set size:undefined disposed:false
1309 silly fetch manifest chalk@^4.0.0
1310 silly packumentCache full:https://registry.npmjs.org/chalk cache-miss
1311 http fetch GET 200 https://registry.npmjs.org/object.fromentries 55ms (cache miss)
1312 silly packumentCache full:https://registry.npmjs.org/object.fromentries set size:undefined disposed:false
1313 silly fetch manifest espree@^10.4.0
1314 silly packumentCache full:https://registry.npmjs.org/espree cache-miss
1315 http fetch GET 200 https://registry.npmjs.org/object.groupby 49ms (cache miss)
1316 silly packumentCache full:https://registry.npmjs.org/object.groupby set size:undefined disposed:false
1317 silly fetch manifest minimatch@^3.1.5
1318 silly packumentCache full:https://registry.npmjs.org/minimatch cache-hit
1319 silly fetch manifest @eslint/js@9.39.4
1320 silly packumentCache full:https://registry.npmjs.org/@eslint%2fjs cache-miss
1321 http cache https://registry.npmjs.org/espree 8ms (cache hit)
1322 silly packumentCache full:https://registry.npmjs.org/espree set size:326080 disposed:false
1323 silly fetch manifest @eslint/core@^0.17.0
1324 silly packumentCache full:https://registry.npmjs.org/@eslint%2fcore cache-miss
1325 http cache https://registry.npmjs.org/@eslint%2fcore 7ms (cache hit)
1326 silly packumentCache full:https://registry.npmjs.org/@eslint%2fcore set size:58023 disposed:false
1327 silly fetch manifest eslint-scope@^8.4.0
1328 silly packumentCache full:https://registry.npmjs.org/eslint-scope cache-miss
1329 http fetch GET 200 https://registry.npmjs.org/object.values 58ms (cache miss)
1330 silly packumentCache full:https://registry.npmjs.org/object.values set size:undefined disposed:false
1331 silly fetch manifest lodash.merge@^4.6.2
1332 silly packumentCache full:https://registry.npmjs.org/lodash.merge cache-miss
1333 http cache https://registry.npmjs.org/eslint-scope 11ms (cache hit)
1334 silly packumentCache full:https://registry.npmjs.org/eslint-scope set size:98867 disposed:false
1335 silly fetch manifest @eslint/eslintrc@^3.3.5
1336 silly packumentCache full:https://registry.npmjs.org/@eslint%2feslintrc cache-miss
1337 http fetch GET 200 https://registry.npmjs.org/semver 86ms (cache miss)
1338 silly packumentCache full:https://registry.npmjs.org/semver set size:undefined disposed:false
1339 silly fetch manifest @eslint/plugin-kit@^0.4.1
1340 silly packumentCache full:https://registry.npmjs.org/@eslint%2fplugin-kit cache-miss
1341 http cache https://registry.npmjs.org/@eslint%2fplugin-kit 20ms (cache hit)
1342 silly packumentCache full:https://registry.npmjs.org/@eslint%2fplugin-kit set size:76057 disposed:false
1343 silly fetch manifest eslint-visitor-keys@^4.2.1
1344 silly packumentCache full:https://registry.npmjs.org/eslint-visitor-keys cache-hit
1345 silly fetch manifest @eslint/config-array@^0.21.2
1346 silly packumentCache full:https://registry.npmjs.org/@eslint%2fconfig-array cache-miss
1347 http fetch GET 200 https://registry.npmjs.org/string.prototype.trimend 105ms (cache miss)
1348 silly packumentCache full:https://registry.npmjs.org/string.prototype.trimend set size:undefined disposed:false
1349 silly fetch manifest @eslint/config-helpers@^0.4.2
1350 silly packumentCache full:https://registry.npmjs.org/@eslint%2fconfig-helpers cache-miss
1351 http fetch GET 200 https://registry.npmjs.org/chalk 91ms (cache miss)
1352 silly packumentCache full:https://registry.npmjs.org/chalk set size:undefined disposed:false
1353 silly fetch manifest aria-query@^5.3.2
1354 silly packumentCache full:https://registry.npmjs.org/aria-query cache-miss
1355 http fetch GET 200 https://registry.npmjs.org/tsconfig-paths 110ms (cache miss)
1356 silly packumentCache full:https://registry.npmjs.org/tsconfig-paths set size:undefined disposed:false
1357 silly fetch manifest array-includes@^3.1.8
1358 silly packumentCache full:https://registry.npmjs.org/array-includes cache-miss
1359 http cache https://registry.npmjs.org/@eslint%2fconfig-array 18ms (cache hit)
1360 silly packumentCache full:https://registry.npmjs.org/@eslint%2fconfig-array set size:74140 disposed:false
1361 silly fetch manifest array.prototype.flatmap@^1.3.2
1362 silly packumentCache full:https://registry.npmjs.org/array.prototype.flatmap cache-miss
1363 http cache https://registry.npmjs.org/@eslint%2fconfig-helpers 19ms (cache hit)
1364 silly packumentCache full:https://registry.npmjs.org/@eslint%2fconfig-helpers set size:52610 disposed:false
1365 silly fetch manifest ast-types-flow@^0.0.8
1366 silly packumentCache full:https://registry.npmjs.org/ast-types-flow cache-miss
1367 http fetch GET 200 https://registry.npmjs.org/@eslint%2fjs 101ms (cache miss)
1368 silly packumentCache full:https://registry.npmjs.org/@eslint%2fjs set size:undefined disposed:false
1369 silly fetch manifest axe-core@^4.10.0
1370 silly packumentCache full:https://registry.npmjs.org/axe-core cache-miss
1371 http fetch GET 200 https://registry.npmjs.org/lodash.merge 82ms (cache miss)
1372 silly packumentCache full:https://registry.npmjs.org/lodash.merge set size:undefined disposed:false
1373 silly fetch manifest axobject-query@^4.1.0
1374 silly packumentCache full:https://registry.npmjs.org/axobject-query cache-miss
1375 http cache https://registry.npmjs.org/array-includes 20ms (cache hit)
1376 silly packumentCache full:https://registry.npmjs.org/array-includes set size:77143 disposed:false
1377 silly fetch manifest damerau-levenshtein@^1.0.8
1378 silly packumentCache full:https://registry.npmjs.org/damerau-levenshtein cache-miss
1379 http cache https://registry.npmjs.org/array.prototype.flatmap 20ms (cache hit)
1380 silly packumentCache full:https://registry.npmjs.org/array.prototype.flatmap set size:51458 disposed:false
1381 silly fetch manifest emoji-regex@^9.2.2
1382 silly packumentCache full:https://registry.npmjs.org/emoji-regex cache-miss
1383 http fetch GET 200 https://registry.npmjs.org/@eslint%2feslintrc 91ms (cache miss)
1384 silly packumentCache full:https://registry.npmjs.org/@eslint%2feslintrc set size:undefined disposed:false
1385 silly fetch manifest jsx-ast-utils@^3.3.5
1386 silly packumentCache full:https://registry.npmjs.org/jsx-ast-utils cache-miss
1387 http fetch GET 200 https://registry.npmjs.org/aria-query 55ms (cache miss)
1388 silly packumentCache full:https://registry.npmjs.org/aria-query set size:undefined disposed:false
1389 silly fetch manifest language-tags@^1.0.9
1390 silly packumentCache full:https://registry.npmjs.org/language-tags cache-miss
1391 http fetch GET 200 https://registry.npmjs.org/damerau-levenshtein 62ms (cache miss)
1392 silly packumentCache full:https://registry.npmjs.org/damerau-levenshtein set size:undefined disposed:false
1393 silly fetch manifest safe-regex-test@^1.0.3
1394 silly packumentCache full:https://registry.npmjs.org/safe-regex-test cache-miss
1395 http fetch GET 200 https://registry.npmjs.org/axobject-query 73ms (cache miss)
1396 silly packumentCache full:https://registry.npmjs.org/axobject-query set size:undefined disposed:false
1397 silly fetch manifest string.prototype.includes@^2.0.1
1398 silly packumentCache full:https://registry.npmjs.org/string.prototype.includes cache-miss
1399 http fetch GET 200 https://registry.npmjs.org/emoji-regex 71ms (cache miss)
1400 silly packumentCache full:https://registry.npmjs.org/emoji-regex set size:undefined disposed:false
1401 silly fetch manifest array.prototype.findlast@^1.2.5
1402 silly packumentCache full:https://registry.npmjs.org/array.prototype.findlast cache-miss
1403 http fetch GET 200 https://registry.npmjs.org/jsx-ast-utils 69ms (cache miss)
1404 silly packumentCache full:https://registry.npmjs.org/jsx-ast-utils set size:undefined disposed:false
1405 silly fetch manifest array.prototype.tosorted@^1.1.4
1406 silly packumentCache full:https://registry.npmjs.org/array.prototype.tosorted cache-miss
1407 http fetch GET 200 https://registry.npmjs.org/safe-regex-test 49ms (cache miss)
1408 silly packumentCache full:https://registry.npmjs.org/safe-regex-test set size:undefined disposed:false
1409 silly fetch manifest es-iterator-helpers@^1.2.1
1410 silly packumentCache full:https://registry.npmjs.org/es-iterator-helpers cache-miss
1411 http fetch GET 200 https://registry.npmjs.org/string.prototype.includes 49ms (cache miss)
1412 silly packumentCache full:https://registry.npmjs.org/string.prototype.includes set size:undefined disposed:false
1413 silly fetch manifest estraverse@^5.3.0
1414 silly packumentCache full:https://registry.npmjs.org/estraverse cache-miss
1415 http fetch GET 200 https://registry.npmjs.org/array.prototype.findlast 46ms (cache miss)
1416 silly packumentCache full:https://registry.npmjs.org/array.prototype.findlast set size:undefined disposed:false
1417 silly fetch manifest jsx-ast-utils@^2.4.1 || ^3.0.0
1418 silly packumentCache full:https://registry.npmjs.org/jsx-ast-utils cache-miss
1419 http cache https://registry.npmjs.org/estraverse 9ms (cache hit)
1420 silly packumentCache full:https://registry.npmjs.org/estraverse set size:62412 disposed:false
1421 silly fetch manifest object.entries@^1.1.9
1422 silly packumentCache full:https://registry.npmjs.org/object.entries cache-miss
1423 http cache https://registry.npmjs.org/jsx-ast-utils 10ms (cache hit)
1424 silly packumentCache full:https://registry.npmjs.org/jsx-ast-utils set size:115998 disposed:false
1425 silly fetch manifest prop-types@^15.8.1
1426 silly packumentCache full:https://registry.npmjs.org/prop-types cache-miss
1427 http fetch GET 200 https://registry.npmjs.org/es-iterator-helpers 69ms (cache miss)
1428 silly packumentCache full:https://registry.npmjs.org/es-iterator-helpers set size:undefined disposed:false
1429 silly fetch manifest resolve@^2.0.0-next.5
1430 silly packumentCache full:https://registry.npmjs.org/resolve cache-miss
1431 http cache https://registry.npmjs.org/resolve 11ms (cache hit)
1432 silly packumentCache full:https://registry.npmjs.org/resolve set size:244568 disposed:false
1433 silly fetch manifest string.prototype.matchall@^4.0.12
1434 silly packumentCache full:https://registry.npmjs.org/string.prototype.matchall cache-miss
1435 http fetch GET 200 https://registry.npmjs.org/ast-types-flow 216ms (cache miss)
1436 silly packumentCache full:https://registry.npmjs.org/ast-types-flow set size:undefined disposed:false
1437 silly fetch manifest string.prototype.repeat@^1.0.0
1438 silly packumentCache full:https://registry.npmjs.org/string.prototype.repeat cache-miss
1439 http fetch GET 200 https://registry.npmjs.org/object.entries 75ms (cache miss)
1440 silly packumentCache full:https://registry.npmjs.org/object.entries set size:undefined disposed:false
1441 silly fetch manifest zod@^3.25.0 || ^4.0.0
1442 silly packumentCache full:https://registry.npmjs.org/zod cache-miss
1443 http fetch GET 200 https://registry.npmjs.org/prop-types 68ms (cache miss)
1444 silly packumentCache full:https://registry.npmjs.org/prop-types set size:undefined disposed:false
1445 silly fetch manifest @babel/core@^7.24.4
1446 silly packumentCache full:https://registry.npmjs.org/@babel%2fcore cache-miss
1447 http fetch GET 200 https://registry.npmjs.org/string.prototype.repeat 46ms (cache miss)
1448 silly packumentCache full:https://registry.npmjs.org/string.prototype.repeat set size:undefined disposed:false
1449 silly fetch manifest @babel/parser@^7.24.4
1450 silly packumentCache full:https://registry.npmjs.org/@babel%2fparser cache-miss
1451 http fetch GET 200 https://registry.npmjs.org/language-tags 225ms (cache miss)
1452 silly packumentCache full:https://registry.npmjs.org/language-tags set size:undefined disposed:false
1453 silly fetch manifest hermes-parser@^0.25.1
1454 silly packumentCache full:https://registry.npmjs.org/hermes-parser cache-miss
1455 http fetch GET 200 https://registry.npmjs.org/string.prototype.matchall 66ms (cache miss)
1456 silly packumentCache full:https://registry.npmjs.org/string.prototype.matchall set size:undefined disposed:false
1457 silly fetch manifest zod-validation-error@^3.5.0 || ^4.0.0
1458 silly packumentCache full:https://registry.npmjs.org/zod-validation-error cache-miss
1459 http fetch GET 200 https://registry.npmjs.org/array.prototype.tosorted 212ms (cache miss)
1460 silly packumentCache full:https://registry.npmjs.org/array.prototype.tosorted set size:undefined disposed:false
1461 silly fetch manifest @typescript-eslint/utils@8.61.1
1462 silly packumentCache full:https://registry.npmjs.org/@typescript-eslint%2futils cache-miss
1463 http cache https://registry.npmjs.org/@typescript-eslint%2futils 29ms (cache hit)
1464 silly packumentCache full:https://registry.npmjs.org/@typescript-eslint%2futils set size:10285455 disposed:false
1465 silly fetch manifest @typescript-eslint/parser@8.61.1
1466 silly packumentCache full:https://registry.npmjs.org/@typescript-eslint%2fparser cache-miss
1467 http fetch GET 200 https://registry.npmjs.org/hermes-parser 142ms (cache miss)
1468 silly packumentCache full:https://registry.npmjs.org/hermes-parser set size:undefined disposed:false
1469 silly fetch manifest @typescript-eslint/eslint-plugin@8.61.1
1470 silly packumentCache full:https://registry.npmjs.org/@typescript-eslint%2feslint-plugin cache-miss
1471 http fetch GET 200 https://registry.npmjs.org/zod-validation-error 138ms (cache miss)
1472 silly packumentCache full:https://registry.npmjs.org/zod-validation-error set size:undefined disposed:false
1473 silly fetch manifest @typescript-eslint/typescript-estree@8.61.1
1474 silly packumentCache full:https://registry.npmjs.org/@typescript-eslint%2ftypescript-estree cache-miss
1475 http fetch GET 200 https://registry.npmjs.org/@babel%2fcore 208ms (cache miss)
1476 silly packumentCache full:https://registry.npmjs.org/@babel%2fcore set size:undefined disposed:false
1477 http fetch GET 200 https://registry.npmjs.org/@babel%2fparser 177ms (cache miss)
1478 silly packumentCache full:https://registry.npmjs.org/@babel%2fparser set size:undefined disposed:false
1479 http fetch GET 200 https://registry.npmjs.org/zod 899ms (cache miss)
1480 silly packumentCache full:https://registry.npmjs.org/zod set size:undefined disposed:false
1481 http fetch GET 200 https://registry.npmjs.org/axe-core 1147ms (cache miss)
1482 silly packumentCache full:https://registry.npmjs.org/axe-core set size:undefined disposed:false
1483 http fetch GET 200 https://registry.npmjs.org/@typescript-eslint%2feslint-plugin 1735ms (cache miss)
1484 silly packumentCache full:https://registry.npmjs.org/@typescript-eslint%2feslint-plugin set size:undefined disposed:false
1485 http fetch GET 200 https://registry.npmjs.org/@typescript-eslint%2ftypescript-estree 2252ms (cache miss)
1486 silly packumentCache full:https://registry.npmjs.org/@typescript-eslint%2ftypescript-estree set size:undefined disposed:false
1487 http fetch GET 200 https://registry.npmjs.org/@typescript-eslint%2fparser 2784ms (cache miss)
1488 silly packumentCache full:https://registry.npmjs.org/@typescript-eslint%2fparser set size:undefined disposed:false
1489 silly placeDep ROOT fast-glob@3.3.1 OK for: @next/eslint-plugin-next@16.2.9 want: 3.3.1
1490 silly fetch manifest merge2@^1.3.0
1491 silly packumentCache full:https://registry.npmjs.org/merge2 cache-miss
1492 silly fetch manifest micromatch@^4.0.4
1493 silly packumentCache full:https://registry.npmjs.org/micromatch cache-miss
1494 silly fetch manifest glob-parent@^5.1.2
1495 silly packumentCache full:https://registry.npmjs.org/glob-parent cache-miss
1496 silly fetch manifest @nodelib/fs.stat@^2.0.2
1497 silly packumentCache full:https://registry.npmjs.org/@nodelib%2ffs.stat cache-miss
1498 silly fetch manifest @nodelib/fs.walk@^1.2.3
1499 silly packumentCache full:https://registry.npmjs.org/@nodelib%2ffs.walk cache-miss
1500 http cache https://registry.npmjs.org/glob-parent 9ms (cache hit)
1501 silly packumentCache full:https://registry.npmjs.org/glob-parent set size:42445 disposed:false
1502 http fetch GET 200 https://registry.npmjs.org/merge2 49ms (cache miss)
1503 silly packumentCache full:https://registry.npmjs.org/merge2 set size:undefined disposed:false
1504 http fetch GET 200 https://registry.npmjs.org/@nodelib%2ffs.stat 89ms (cache miss)
1505 silly packumentCache full:https://registry.npmjs.org/@nodelib%2ffs.stat set size:undefined disposed:false
1506 http fetch GET 200 https://registry.npmjs.org/micromatch 96ms (cache miss)
1507 silly packumentCache full:https://registry.npmjs.org/micromatch set size:undefined disposed:false
1508 http fetch GET 200 https://registry.npmjs.org/@nodelib%2ffs.walk 107ms (cache miss)
1509 silly packumentCache full:https://registry.npmjs.org/@nodelib%2ffs.walk set size:undefined disposed:false
1510 silly placeDep ROOT @eslint/config-array@0.21.2 OK for: eslint@9.39.4 want: ^0.21.2
1511 silly placeDep ROOT @eslint/config-helpers@0.4.2 OK for: eslint@9.39.4 want: ^0.4.2
1512 silly placeDep ROOT @eslint/core@0.17.0 OK for: eslint@9.39.4 want: ^0.17.0
1513 silly placeDep ROOT @eslint/eslintrc@3.3.5 OK for: eslint@9.39.4 want: ^3.3.5
1514 silly placeDep ROOT @eslint/js@9.39.4 OK for: eslint@9.39.4 want: 9.39.4
1515 silly placeDep ROOT @eslint/plugin-kit@0.4.1 OK for: eslint@9.39.4 want: ^0.4.1
1516 silly placeDep ROOT @types/estree@1.0.9 OK for: eslint@9.39.4 want: ^1.0.6
1517 silly placeDep ROOT chalk@4.1.2 OK for: eslint@9.39.4 want: ^4.0.0
1518 silly placeDep ROOT eslint-scope@8.4.0 OK for: eslint@9.39.4 want: ^8.4.0
1519 silly placeDep ROOT eslint-visitor-keys@4.2.1 OK for: eslint@9.39.4 want: ^4.2.1
1520 silly placeDep ROOT espree@10.4.0 OK for: eslint@9.39.4 want: ^10.4.0
1521 silly placeDep ROOT lodash.merge@4.6.2 OK for: eslint@9.39.4 want: ^4.6.2
1522 silly placeDep ROOT minimatch@3.1.5 OK for: eslint@9.39.4 want: ^3.1.5
1523 silly fetch manifest @eslint/object-schema@^2.1.7
1524 silly packumentCache full:https://registry.npmjs.org/@eslint%2fobject-schema cache-miss
1525 silly fetch manifest espree@^10.0.1
1526 silly packumentCache full:https://registry.npmjs.org/espree cache-hit
1527 silly fetch manifest globals@^14.0.0
1528 silly packumentCache full:https://registry.npmjs.org/globals cache-miss
1529 silly fetch manifest import-fresh@^3.2.1
1530 silly packumentCache full:https://registry.npmjs.org/import-fresh cache-miss
1531 silly fetch manifest js-yaml@^4.1.1
1532 silly packumentCache full:https://registry.npmjs.org/js-yaml cache-miss
1533 silly fetch manifest strip-json-comments@^3.1.1
1534 silly packumentCache full:https://registry.npmjs.org/strip-json-comments cache-miss
1535 silly fetch manifest ansi-styles@^4.1.0
1536 silly packumentCache full:https://registry.npmjs.org/ansi-styles cache-miss
1537 silly fetch manifest supports-color@^7.1.0
1538 silly packumentCache full:https://registry.npmjs.org/supports-color cache-miss
1539 http cache https://registry.npmjs.org/@eslint%2fobject-schema 13ms (cache hit)
1540 silly packumentCache full:https://registry.npmjs.org/@eslint%2fobject-schema set size:38535 disposed:false
1541 silly fetch manifest acorn@^8.15.0
1542 silly packumentCache full:https://registry.npmjs.org/acorn cache-miss
1543 http cache https://registry.npmjs.org/globals 15ms (cache hit)
1544 silly packumentCache full:https://registry.npmjs.org/globals set size:315985 disposed:false
1545 silly fetch manifest brace-expansion@^1.1.7
1546 silly packumentCache full:https://registry.npmjs.org/brace-expansion cache-miss
1547 http cache https://registry.npmjs.org/acorn 12ms (cache hit)
1548 silly packumentCache full:https://registry.npmjs.org/acorn set size:381366 disposed:false
1549 http cache https://registry.npmjs.org/brace-expansion 13ms (cache hit)
1550 silly packumentCache full:https://registry.npmjs.org/brace-expansion set size:72152 disposed:false
1551 http fetch GET 200 https://registry.npmjs.org/import-fresh 54ms (cache miss)
1552 silly packumentCache full:https://registry.npmjs.org/import-fresh set size:undefined disposed:false
1553 http fetch GET 200 https://registry.npmjs.org/strip-json-comments 58ms (cache miss)
1554 silly packumentCache full:https://registry.npmjs.org/strip-json-comments set size:undefined disposed:false
1555 http fetch GET 200 https://registry.npmjs.org/ansi-styles 66ms (cache miss)
1556 silly packumentCache full:https://registry.npmjs.org/ansi-styles set size:undefined disposed:false
1557 http fetch GET 200 https://registry.npmjs.org/js-yaml 75ms (cache miss)
1558 silly packumentCache full:https://registry.npmjs.org/js-yaml set size:undefined disposed:false
1559 http fetch GET 200 https://registry.npmjs.org/supports-color 85ms (cache miss)
1560 silly packumentCache full:https://registry.npmjs.org/supports-color set size:undefined disposed:false
1561 silly placeDep ROOT @eslint/object-schema@2.1.7 OK for: @eslint/config-array@0.21.2 want: ^2.1.7
1562 silly placeDep ROOT @types/json-schema@7.0.15 OK for: @eslint/core@0.17.0 want: ^7.0.15
1563 silly placeDep node_modules/@eslint/eslintrc globals@14.0.0 OK for: @eslint/eslintrc@3.3.5 want: ^14.0.0
1564 silly placeDep ROOT import-fresh@3.3.1 OK for: @eslint/eslintrc@3.3.5 want: ^3.2.1
1565 silly placeDep ROOT js-yaml@4.2.0 OK for: @eslint/eslintrc@3.3.5 want: ^4.1.1
1566 silly placeDep ROOT strip-json-comments@3.1.1 OK for: @eslint/eslintrc@3.3.5 want: ^3.1.1
1567 silly fetch manifest resolve-from@^4.0.0
1568 silly packumentCache full:https://registry.npmjs.org/resolve-from cache-miss
1569 silly fetch manifest parent-module@^1.0.0
1570 silly packumentCache full:https://registry.npmjs.org/parent-module cache-miss
1571 silly fetch manifest argparse@^2.0.1
1572 silly packumentCache full:https://registry.npmjs.org/argparse cache-miss
1573 http fetch GET 200 https://registry.npmjs.org/argparse 49ms (cache miss)
1574 silly packumentCache full:https://registry.npmjs.org/argparse set size:undefined disposed:false
1575 http fetch GET 200 https://registry.npmjs.org/parent-module 52ms (cache miss)
1576 silly packumentCache full:https://registry.npmjs.org/parent-module set size:undefined disposed:false
1577 http fetch GET 200 https://registry.npmjs.org/resolve-from 55ms (cache miss)
1578 silly packumentCache full:https://registry.npmjs.org/resolve-from set size:undefined disposed:false
1579 silly placeDep ROOT ansi-styles@4.3.0 OK for: chalk@4.1.2 want: ^4.1.0
1580 silly placeDep ROOT supports-color@7.2.0 OK for: chalk@4.1.2 want: ^7.1.0
1581 silly fetch manifest color-convert@^2.0.1
1582 silly packumentCache full:https://registry.npmjs.org/color-convert cache-miss
1583 silly fetch manifest has-flag@^4.0.0
1584 silly packumentCache full:https://registry.npmjs.org/has-flag cache-miss
1585 http fetch GET 200 https://registry.npmjs.org/has-flag 47ms (cache miss)
1586 silly packumentCache full:https://registry.npmjs.org/has-flag set size:undefined disposed:false
1587 http fetch GET 200 https://registry.npmjs.org/color-convert 106ms (cache miss)
1588 silly packumentCache full:https://registry.npmjs.org/color-convert set size:undefined disposed:false
1589 silly placeDep ROOT color-convert@2.0.1 OK for: ansi-styles@4.3.0 want: ^2.0.1
1590 silly fetch manifest color-name@~1.1.4
1591 silly packumentCache full:https://registry.npmjs.org/color-name cache-miss
1592 http fetch GET 200 https://registry.npmjs.org/color-name 45ms (cache miss)
1593 silly packumentCache full:https://registry.npmjs.org/color-name set size:undefined disposed:false
1594 silly placeDep ROOT color-name@1.1.4 OK for: color-convert@2.0.1 want: ~1.1.4
1595 silly placeDep node_modules/eslint-import-resolver-node debug@3.2.7 OK for: eslint-import-resolver-node@0.3.10 want: ^3.2.7
1596 silly placeDep ROOT is-core-module@2.16.2 OK for: eslint-import-resolver-node@0.3.10 want: ^2.16.1
1597 silly placeDep ROOT resolve@2.0.0-next.7 OK for: eslint-import-resolver-node@0.3.10 want: ^2.0.0-next.6
1598 silly fetch manifest hasown@^2.0.3
1599 silly packumentCache full:https://registry.npmjs.org/hasown cache-miss
1600 silly fetch manifest es-errors@^1.3.0
1601 silly packumentCache full:https://registry.npmjs.org/es-errors cache-miss
1602 silly fetch manifest node-exports-info@^1.6.0
1603 silly packumentCache full:https://registry.npmjs.org/node-exports-info cache-miss
1604 silly fetch manifest object-keys@^1.1.1
1605 silly packumentCache full:https://registry.npmjs.org/object-keys cache-miss
1606 silly fetch manifest path-parse@^1.0.7
1607 silly packumentCache full:https://registry.npmjs.org/path-parse cache-miss
1608 silly fetch manifest supports-preserve-symlinks-flag@^1.0.0
1609 silly packumentCache full:https://registry.npmjs.org/supports-preserve-symlinks-flag cache-miss
1610 http cache https://registry.npmjs.org/hasown 12ms (cache hit)
1611 silly packumentCache full:https://registry.npmjs.org/hasown set size:18361 disposed:false
1612 http fetch GET 200 https://registry.npmjs.org/supports-preserve-symlinks-flag 43ms (cache miss)
1613 silly packumentCache full:https://registry.npmjs.org/supports-preserve-symlinks-flag set size:undefined disposed:false
1614 http fetch GET 200 https://registry.npmjs.org/es-errors 52ms (cache miss)
1615 silly packumentCache full:https://registry.npmjs.org/es-errors set size:undefined disposed:false
1616 http fetch GET 200 https://registry.npmjs.org/path-parse 55ms (cache miss)
1617 silly packumentCache full:https://registry.npmjs.org/path-parse set size:undefined disposed:false
1618 http fetch GET 200 https://registry.npmjs.org/object-keys 59ms (cache miss)
1619 silly packumentCache full:https://registry.npmjs.org/object-keys set size:undefined disposed:false
1620 http fetch GET 200 https://registry.npmjs.org/node-exports-info 61ms (cache miss)
1621 silly packumentCache full:https://registry.npmjs.org/node-exports-info set size:undefined disposed:false
1622 silly placeDep ROOT @nolyfill/is-core-module@1.0.39 OK for: eslint-import-resolver-typescript@3.10.1 want: 1.0.39
1623 silly placeDep ROOT get-tsconfig@4.14.0 OK for: eslint-import-resolver-typescript@3.10.1 want: ^4.10.0
1624 silly placeDep ROOT is-bun-module@2.0.0 OK for: eslint-import-resolver-typescript@3.10.1 want: ^2.0.0
1625 silly placeDep ROOT stable-hash@0.0.5 OK for: eslint-import-resolver-typescript@3.10.1 want: ^0.0.5
1626 silly placeDep ROOT tinyglobby@0.2.17 OK for: eslint-import-resolver-typescript@3.10.1 want: ^0.2.13
1627 silly placeDep ROOT unrs-resolver@1.12.2 OK for: eslint-import-resolver-typescript@3.10.1 want: ^1.6.2
1628 silly fetch manifest resolve-pkg-maps@^1.0.0
1629 silly packumentCache full:https://registry.npmjs.org/resolve-pkg-maps cache-miss
1630 silly fetch manifest semver@^7.7.1
1631 silly packumentCache full:https://registry.npmjs.org/semver cache-miss
1632 silly fetch manifest fdir@^6.5.0
1633 silly packumentCache full:https://registry.npmjs.org/fdir cache-miss
1634 silly fetch manifest picomatch@^4.0.4
1635 silly packumentCache full:https://registry.npmjs.org/picomatch cache-miss
1636 silly fetch manifest napi-postinstall@^0.3.4
1637 silly packumentCache full:https://registry.npmjs.org/napi-postinstall cache-miss
1638 silly fetch manifest @unrs/resolver-binding-darwin-arm64@1.12.2
1639 silly packumentCache full:https://registry.npmjs.org/@unrs%2fresolver-binding-darwin-arm64 cache-miss
1640 silly fetch manifest @unrs/resolver-binding-android-arm64@1.12.2
1641 silly packumentCache full:https://registry.npmjs.org/@unrs%2fresolver-binding-android-arm64 cache-miss
1642 http cache https://registry.npmjs.org/semver 10ms (cache hit)
1643 silly packumentCache full:https://registry.npmjs.org/semver set size:243512 disposed:false
1644 silly fetch manifest @unrs/resolver-binding-win32-arm64-msvc@1.12.2
1645 silly packumentCache full:https://registry.npmjs.org/@unrs%2fresolver-binding-win32-arm64-msvc cache-miss
1646 http fetch GET 200 https://registry.npmjs.org/resolve-pkg-maps 51ms (cache miss)
1647 silly packumentCache full:https://registry.npmjs.org/resolve-pkg-maps set size:undefined disposed:false
1648 silly fetch manifest @unrs/resolver-binding-linux-arm64-gnu@1.12.2
1649 silly packumentCache full:https://registry.npmjs.org/@unrs%2fresolver-binding-linux-arm64-gnu cache-miss
1650 http fetch GET 200 https://registry.npmjs.org/napi-postinstall 62ms (cache miss)
1651 silly packumentCache full:https://registry.npmjs.org/napi-postinstall set size:undefined disposed:false
1652 silly fetch manifest @unrs/resolver-binding-linux-arm64-musl@1.12.2
1653 silly packumentCache full:https://registry.npmjs.org/@unrs%2fresolver-binding-linux-arm64-musl cache-miss
1654 http fetch GET 200 https://registry.npmjs.org/fdir 71ms (cache miss)
1655 silly packumentCache full:https://registry.npmjs.org/fdir set size:undefined disposed:false
1656 silly fetch manifest @unrs/resolver-binding-openharmony-arm64@1.12.2
1657 silly packumentCache full:https://registry.npmjs.org/@unrs%2fresolver-binding-openharmony-arm64 cache-miss
1658 http fetch GET 200 https://registry.npmjs.org/picomatch 79ms (cache miss)
1659 silly packumentCache full:https://registry.npmjs.org/picomatch set size:undefined disposed:false
1660 silly fetch manifest @unrs/resolver-binding-android-arm-eabi@1.12.2
1661 silly packumentCache full:https://registry.npmjs.org/@unrs%2fresolver-binding-android-arm-eabi cache-miss
1662 http fetch GET 200 https://registry.npmjs.org/@unrs%2fresolver-binding-win32-arm64-msvc 99ms (cache miss)
1663 silly packumentCache full:https://registry.npmjs.org/@unrs%2fresolver-binding-win32-arm64-msvc set size:undefined disposed:false
1664 silly fetch manifest @unrs/resolver-binding-linux-arm-gnueabihf@1.12.2
1665 silly packumentCache full:https://registry.npmjs.org/@unrs%2fresolver-binding-linux-arm-gnueabihf cache-miss
1666 http fetch GET 200 https://registry.npmjs.org/@unrs%2fresolver-binding-android-arm64 118ms (cache miss)
1667 silly packumentCache full:https://registry.npmjs.org/@unrs%2fresolver-binding-android-arm64 set size:undefined disposed:false
1668 silly fetch manifest @unrs/resolver-binding-linux-arm-musleabihf@1.12.2
1669 silly packumentCache full:https://registry.npmjs.org/@unrs%2fresolver-binding-linux-arm-musleabihf cache-miss
1670 http fetch GET 200 https://registry.npmjs.org/@unrs%2fresolver-binding-darwin-arm64 138ms (cache miss)
1671 silly packumentCache full:https://registry.npmjs.org/@unrs%2fresolver-binding-darwin-arm64 set size:undefined disposed:false
1672 silly fetch manifest @unrs/resolver-binding-win32-ia32-msvc@1.12.2
1673 silly packumentCache full:https://registry.npmjs.org/@unrs%2fresolver-binding-win32-ia32-msvc cache-miss
1674 http fetch GET 200 https://registry.npmjs.org/@unrs%2fresolver-binding-android-arm-eabi 63ms (cache miss)
1675 silly packumentCache full:https://registry.npmjs.org/@unrs%2fresolver-binding-android-arm-eabi set size:undefined disposed:false
1676 silly fetch manifest @unrs/resolver-binding-linux-loong64-gnu@1.12.2
1677 silly packumentCache full:https://registry.npmjs.org/@unrs%2fresolver-binding-linux-loong64-gnu cache-miss
1678 http fetch GET 200 https://registry.npmjs.org/@unrs%2fresolver-binding-linux-arm64-gnu 102ms (cache miss)
1679 silly packumentCache full:https://registry.npmjs.org/@unrs%2fresolver-binding-linux-arm64-gnu set size:undefined disposed:false
1680 silly fetch manifest @unrs/resolver-binding-linux-loong64-musl@1.12.2
1681 silly packumentCache full:https://registry.npmjs.org/@unrs%2fresolver-binding-linux-loong64-musl cache-miss
1682 http fetch GET 200 https://registry.npmjs.org/@unrs%2fresolver-binding-linux-arm64-musl 107ms (cache miss)
1683 silly packumentCache full:https://registry.npmjs.org/@unrs%2fresolver-binding-linux-arm64-musl set size:undefined disposed:false
1684 silly fetch manifest @unrs/resolver-binding-linux-ppc64-gnu@1.12.2
1685 silly packumentCache full:https://registry.npmjs.org/@unrs%2fresolver-binding-linux-ppc64-gnu cache-miss
1686 http fetch GET 200 https://registry.npmjs.org/@unrs%2fresolver-binding-linux-arm-gnueabihf 76ms (cache miss)
1687 silly packumentCache full:https://registry.npmjs.org/@unrs%2fresolver-binding-linux-arm-gnueabihf set size:undefined disposed:false
1688 silly fetch manifest @unrs/resolver-binding-linux-riscv64-gnu@1.12.2
1689 silly packumentCache full:https://registry.npmjs.org/@unrs%2fresolver-binding-linux-riscv64-gnu cache-miss
1690 http fetch GET 200 https://registry.npmjs.org/@unrs%2fresolver-binding-linux-arm-musleabihf 82ms (cache miss)
1691 silly packumentCache full:https://registry.npmjs.org/@unrs%2fresolver-binding-linux-arm-musleabihf set size:undefined disposed:false
1692 silly fetch manifest @unrs/resolver-binding-linux-riscv64-musl@1.12.2
1693 silly packumentCache full:https://registry.npmjs.org/@unrs%2fresolver-binding-linux-riscv64-musl cache-miss
1694 http fetch GET 200 https://registry.npmjs.org/@unrs%2fresolver-binding-linux-loong64-gnu 57ms (cache miss)
1695 silly packumentCache full:https://registry.npmjs.org/@unrs%2fresolver-binding-linux-loong64-gnu set size:undefined disposed:false
1696 silly fetch manifest @unrs/resolver-binding-linux-s390x-gnu@1.12.2
1697 silly packumentCache full:https://registry.npmjs.org/@unrs%2fresolver-binding-linux-s390x-gnu cache-miss
1698 http fetch GET 200 https://registry.npmjs.org/@unrs%2fresolver-binding-linux-loong64-musl 56ms (cache miss)
1699 silly packumentCache full:https://registry.npmjs.org/@unrs%2fresolver-binding-linux-loong64-musl set size:undefined disposed:false
1700 silly fetch manifest @unrs/resolver-binding-wasm32-wasi@1.12.2
1701 silly packumentCache full:https://registry.npmjs.org/@unrs%2fresolver-binding-wasm32-wasi cache-miss
1702 http fetch GET 200 https://registry.npmjs.org/@unrs%2fresolver-binding-win32-ia32-msvc 90ms (cache miss)
1703 silly packumentCache full:https://registry.npmjs.org/@unrs%2fresolver-binding-win32-ia32-msvc set size:undefined disposed:false
1704 silly fetch manifest @unrs/resolver-binding-darwin-x64@1.12.2
1705 silly packumentCache full:https://registry.npmjs.org/@unrs%2fresolver-binding-darwin-x64 cache-miss
1706 http fetch GET 200 https://registry.npmjs.org/@unrs%2fresolver-binding-linux-ppc64-gnu 75ms (cache miss)
1707 silly packumentCache full:https://registry.npmjs.org/@unrs%2fresolver-binding-linux-ppc64-gnu set size:undefined disposed:false
1708 silly fetch manifest @unrs/resolver-binding-win32-x64-msvc@1.12.2
1709 silly packumentCache full:https://registry.npmjs.org/@unrs%2fresolver-binding-win32-x64-msvc cache-miss
1710 http fetch GET 200 https://registry.npmjs.org/@unrs%2fresolver-binding-linux-s390x-gnu 59ms (cache miss)
1711 silly packumentCache full:https://registry.npmjs.org/@unrs%2fresolver-binding-linux-s390x-gnu set size:undefined disposed:false
1712 silly fetch manifest @unrs/resolver-binding-freebsd-x64@1.12.2
1713 silly packumentCache full:https://registry.npmjs.org/@unrs%2fresolver-binding-freebsd-x64 cache-miss
1714 http fetch GET 200 https://registry.npmjs.org/@unrs%2fresolver-binding-linux-riscv64-musl 80ms (cache miss)
1715 silly packumentCache full:https://registry.npmjs.org/@unrs%2fresolver-binding-linux-riscv64-musl set size:undefined disposed:false
1716 silly fetch manifest @unrs/resolver-binding-linux-x64-gnu@1.12.2
1717 silly packumentCache full:https://registry.npmjs.org/@unrs%2fresolver-binding-linux-x64-gnu cache-miss
1718 http fetch GET 200 https://registry.npmjs.org/@unrs%2fresolver-binding-wasm32-wasi 73ms (cache miss)
1719 silly packumentCache full:https://registry.npmjs.org/@unrs%2fresolver-binding-wasm32-wasi set size:undefined disposed:false
1720 silly fetch manifest @unrs/resolver-binding-linux-x64-musl@1.12.2
1721 silly packumentCache full:https://registry.npmjs.org/@unrs%2fresolver-binding-linux-x64-musl cache-miss
1722 http fetch GET 200 https://registry.npmjs.org/@unrs%2fresolver-binding-linux-riscv64-gnu 100ms (cache miss)
1723 silly packumentCache full:https://registry.npmjs.org/@unrs%2fresolver-binding-linux-riscv64-gnu set size:undefined disposed:false
1724 http fetch GET 200 https://registry.npmjs.org/@unrs%2fresolver-binding-openharmony-arm64 234ms (cache miss)
1725 silly packumentCache full:https://registry.npmjs.org/@unrs%2fresolver-binding-openharmony-arm64 set size:undefined disposed:false
1726 http fetch GET 200 https://registry.npmjs.org/@unrs%2fresolver-binding-freebsd-x64 67ms (cache miss)
1727 silly packumentCache full:https://registry.npmjs.org/@unrs%2fresolver-binding-freebsd-x64 set size:undefined disposed:false
1728 http fetch GET 200 https://registry.npmjs.org/@unrs%2fresolver-binding-linux-x64-musl 64ms (cache miss)
1729 silly packumentCache full:https://registry.npmjs.org/@unrs%2fresolver-binding-linux-x64-musl set size:undefined disposed:false
1730 http fetch GET 200 https://registry.npmjs.org/@unrs%2fresolver-binding-win32-x64-msvc 103ms (cache miss)
1731 silly packumentCache full:https://registry.npmjs.org/@unrs%2fresolver-binding-win32-x64-msvc set size:undefined disposed:false
1732 http fetch GET 200 https://registry.npmjs.org/@unrs%2fresolver-binding-linux-x64-gnu 76ms (cache miss)
1733 silly packumentCache full:https://registry.npmjs.org/@unrs%2fresolver-binding-linux-x64-gnu set size:undefined disposed:false
1734 http fetch GET 200 https://registry.npmjs.org/@unrs%2fresolver-binding-darwin-x64 263ms (cache miss)
1735 silly packumentCache full:https://registry.npmjs.org/@unrs%2fresolver-binding-darwin-x64 set size:undefined disposed:false
1736 silly placeDep ROOT @rtsao/scc@1.1.0 OK for: eslint-plugin-import@2.32.0 want: ^1.1.0
1737 silly placeDep ROOT array-includes@3.1.9 OK for: eslint-plugin-import@2.32.0 want: ^3.1.9
1738 silly placeDep ROOT array.prototype.findlastindex@1.2.6 OK for: eslint-plugin-import@2.32.0 want: ^1.2.6
1739 silly placeDep ROOT array.prototype.flat@1.3.3 OK for: eslint-plugin-import@2.32.0 want: ^1.3.3
1740 silly placeDep ROOT array.prototype.flatmap@1.3.3 OK for: eslint-plugin-import@2.32.0 want: ^1.3.3
1741 silly placeDep node_modules/eslint-plugin-import debug@3.2.7 OK for: eslint-plugin-import@2.32.0 want: ^3.2.7
1742 silly placeDep ROOT doctrine@2.1.0 OK for: eslint-plugin-import@2.32.0 want: ^2.1.0
1743 silly placeDep ROOT eslint-module-utils@2.13.0 OK for: eslint-plugin-import@2.32.0 want: ^2.12.1
1744 silly placeDep ROOT hasown@2.0.4 OK for: eslint-plugin-import@2.32.0 want: ^2.0.2
1745 silly placeDep ROOT object.fromentries@2.0.8 OK for: eslint-plugin-import@2.32.0 want: ^2.0.8
1746 silly placeDep ROOT object.groupby@1.0.3 OK for: eslint-plugin-import@2.32.0 want: ^1.0.3
1747 silly placeDep ROOT object.values@1.2.1 OK for: eslint-plugin-import@2.32.0 want: ^1.2.1
1748 silly placeDep ROOT semver@6.3.1 OK for: eslint-plugin-import@2.32.0 want: ^6.3.1
1749 silly placeDep ROOT string.prototype.trimend@1.0.10 OK for: eslint-plugin-import@2.32.0 want: ^1.0.9
1750 silly placeDep ROOT tsconfig-paths@3.15.0 OK for: eslint-plugin-import@2.32.0 want: ^3.15.0
1751 silly fetch manifest call-bind@^1.0.8
1752 silly packumentCache full:https://registry.npmjs.org/call-bind cache-miss
1753 silly fetch manifest call-bound@^1.0.4
1754 silly packumentCache full:https://registry.npmjs.org/call-bound cache-miss
1755 silly fetch manifest define-properties@^1.2.1
1756 silly packumentCache full:https://registry.npmjs.org/define-properties cache-miss
1757 silly fetch manifest es-abstract@^1.24.0
1758 silly packumentCache full:https://registry.npmjs.org/es-abstract cache-miss
1759 silly fetch manifest es-object-atoms@^1.1.1
1760 silly packumentCache full:https://registry.npmjs.org/es-object-atoms cache-miss
1761 silly fetch manifest get-intrinsic@^1.3.0
1762 silly packumentCache full:https://registry.npmjs.org/get-intrinsic cache-miss
1763 silly fetch manifest is-string@^1.1.1
1764 silly packumentCache full:https://registry.npmjs.org/is-string cache-miss
1765 http fetch GET 200 https://registry.npmjs.org/define-properties 52ms (cache miss)
1766 silly packumentCache full:https://registry.npmjs.org/define-properties set size:undefined disposed:false
1767 silly fetch manifest math-intrinsics@^1.1.0
1768 silly packumentCache full:https://registry.npmjs.org/math-intrinsics cache-miss
1769 http fetch GET 200 https://registry.npmjs.org/call-bound 55ms (cache miss)
1770 silly packumentCache full:https://registry.npmjs.org/call-bound set size:undefined disposed:false
1771 silly fetch manifest call-bind@^1.0.8
1772 silly packumentCache full:https://registry.npmjs.org/call-bind cache-miss
1773 http fetch GET 200 https://registry.npmjs.org/call-bind 58ms (cache miss)
1774 silly packumentCache full:https://registry.npmjs.org/call-bind set size:undefined disposed:false
1775 silly fetch manifest es-abstract@^1.23.9
1776 silly packumentCache full:https://registry.npmjs.org/es-abstract cache-miss
1777 http fetch GET 200 https://registry.npmjs.org/es-object-atoms 63ms (cache miss)
1778 silly packumentCache full:https://registry.npmjs.org/es-object-atoms set size:undefined disposed:false
1779 silly fetch manifest es-shim-unscopables@^1.1.0
1780 silly packumentCache full:https://registry.npmjs.org/es-shim-unscopables cache-miss
1781 http fetch GET 200 https://registry.npmjs.org/is-string 66ms (cache miss)
1782 silly packumentCache full:https://registry.npmjs.org/is-string set size:undefined disposed:false
1783 silly fetch manifest es-abstract@^1.23.5
1784 silly packumentCache full:https://registry.npmjs.org/es-abstract cache-miss
1785 http cache https://registry.npmjs.org/call-bind 15ms (cache hit)
1786 silly packumentCache full:https://registry.npmjs.org/call-bind set size:32985 disposed:false
1787 silly fetch manifest es-shim-unscopables@^1.0.2
1788 silly packumentCache full:https://registry.npmjs.org/es-shim-unscopables cache-miss
1789 http fetch GET 200 https://registry.npmjs.org/get-intrinsic 73ms (cache miss)
1790 silly packumentCache full:https://registry.npmjs.org/get-intrinsic set size:undefined disposed:false
1791 silly fetch manifest es-abstract@^1.23.5
1792 silly packumentCache full:https://registry.npmjs.org/es-abstract cache-miss
1793 http fetch GET 200 https://registry.npmjs.org/es-abstract 83ms (cache miss)
1794 silly packumentCache full:https://registry.npmjs.org/es-abstract set size:undefined disposed:false
1795 silly fetch manifest es-shim-unscopables@^1.0.2
1796 silly packumentCache full:https://registry.npmjs.org/es-shim-unscopables cache-miss
1797 http fetch GET 200 https://registry.npmjs.org/math-intrinsics 42ms (cache miss)
1798 silly packumentCache full:https://registry.npmjs.org/math-intrinsics set size:undefined disposed:false
1799 silly fetch manifest function-bind@^1.1.2
1800 silly packumentCache full:https://registry.npmjs.org/function-bind cache-miss
1801 http fetch GET 200 https://registry.npmjs.org/es-shim-unscopables 43ms (cache miss)
1802 silly packumentCache full:https://registry.npmjs.org/es-shim-unscopables set size:undefined disposed:false
1803 silly fetch manifest call-bind@^1.0.7
1804 silly packumentCache full:https://registry.npmjs.org/call-bind cache-hit
1805 silly fetch manifest es-abstract@^1.23.2
1806 silly packumentCache full:https://registry.npmjs.org/es-abstract cache-miss
1807 http cache https://registry.npmjs.org/es-abstract 9ms (cache hit)
1808 silly packumentCache full:https://registry.npmjs.org/es-abstract set size:384124 disposed:false
1809 silly fetch manifest es-object-atoms@^1.0.0
1810 silly packumentCache full:https://registry.npmjs.org/es-object-atoms cache-miss
1811 http fetch GET 200 https://registry.npmjs.org/es-shim-unscopables 51ms (cache miss)
1812 silly packumentCache full:https://registry.npmjs.org/es-shim-unscopables set size:undefined disposed:false
1813 silly fetch manifest call-bound@^1.0.3
1814 silly packumentCache full:https://registry.npmjs.org/call-bound cache-miss
1815 http fetch GET 200 https://registry.npmjs.org/es-shim-unscopables 43ms (cache miss)
1816 silly packumentCache full:https://registry.npmjs.org/es-shim-unscopables set size:undefined disposed:false
1817 silly fetch manifest es-object-atoms@^1.0.0
1818 silly packumentCache full:https://registry.npmjs.org/es-object-atoms cache-miss
1819 http cache https://registry.npmjs.org/es-object-atoms 13ms (cache hit)
1820 silly packumentCache full:https://registry.npmjs.org/es-object-atoms set size:18278 disposed:false
1821 silly fetch manifest call-bind@^1.0.9
1822 silly packumentCache full:https://registry.npmjs.org/call-bind cache-hit
1823 silly fetch manifest es-object-atoms@^1.1.2
1824 silly packumentCache full:https://registry.npmjs.org/es-object-atoms cache-hit
1825 silly fetch manifest json5@^1.0.2
1826 silly packumentCache full:https://registry.npmjs.org/json5 cache-miss
1827 http cache https://registry.npmjs.org/call-bound 15ms (cache hit)
1828 silly packumentCache full:https://registry.npmjs.org/call-bound set size:15317 disposed:false
1829 silly fetch manifest minimist@^1.2.6
1830 silly packumentCache full:https://registry.npmjs.org/minimist cache-miss
1831 http cache https://registry.npmjs.org/es-object-atoms 16ms (cache hit)
1832 silly packumentCache full:https://registry.npmjs.org/es-object-atoms set size:18278 disposed:false
1833 silly packumentCache full:https://registry.npmjs.org/es-object-atoms dispose
1834 silly fetch manifest strip-bom@^3.0.0
1835 silly packumentCache full:https://registry.npmjs.org/strip-bom cache-miss
1836 http fetch GET 200 https://registry.npmjs.org/es-abstract 92ms (cache miss)
1837 silly packumentCache full:https://registry.npmjs.org/es-abstract set size:undefined disposed:false
1838 silly packumentCache full:https://registry.npmjs.org/es-abstract dispose
1839 silly fetch manifest @types/json5@^0.0.29
1840 silly packumentCache full:https://registry.npmjs.org/@types%2fjson5 cache-miss
1841 http fetch GET 200 https://registry.npmjs.org/function-bind 58ms (cache miss)
1842 silly packumentCache full:https://registry.npmjs.org/function-bind set size:undefined disposed:false
1843 http fetch GET 200 https://registry.npmjs.org/es-abstract 101ms (cache miss)
1844 silly packumentCache full:https://registry.npmjs.org/es-abstract set size:undefined disposed:true
1845 http fetch GET 200 https://registry.npmjs.org/es-abstract 101ms (cache miss)
1846 silly packumentCache full:https://registry.npmjs.org/es-abstract set size:undefined disposed:false
1847 http fetch GET 200 https://registry.npmjs.org/strip-bom 42ms (cache miss)
1848 silly packumentCache full:https://registry.npmjs.org/strip-bom set size:undefined disposed:false
1849 http fetch GET 200 https://registry.npmjs.org/json5 63ms (cache miss)
1850 silly packumentCache full:https://registry.npmjs.org/json5 set size:undefined disposed:false
1851 http fetch GET 200 https://registry.npmjs.org/@types%2fjson5 54ms (cache miss)
1852 silly packumentCache full:https://registry.npmjs.org/@types%2fjson5 set size:undefined disposed:false
1853 http fetch GET 200 https://registry.npmjs.org/minimist 81ms (cache miss)
1854 silly packumentCache full:https://registry.npmjs.org/minimist set size:undefined disposed:false
1855 silly placeDep ROOT call-bind@1.0.9 OK for: array-includes@3.1.9 want: ^1.0.8
1856 silly placeDep ROOT call-bound@1.0.4 OK for: array-includes@3.1.9 want: ^1.0.4
1857 silly placeDep ROOT define-properties@1.2.1 OK for: array-includes@3.1.9 want: ^1.2.1
1858 silly placeDep ROOT es-abstract@1.24.2 OK for: array-includes@3.1.9 want: ^1.24.0
1859 silly placeDep ROOT es-object-atoms@1.1.2 OK for: array-includes@3.1.9 want: ^1.1.1
1860 silly placeDep ROOT get-intrinsic@1.3.0 OK for: array-includes@3.1.9 want: ^1.3.0
1861 silly placeDep ROOT is-string@1.1.1 OK for: array-includes@3.1.9 want: ^1.1.1
1862 silly placeDep ROOT math-intrinsics@1.1.0 OK for: array-includes@3.1.9 want: ^1.1.0
1863 silly fetch manifest call-bind-apply-helpers@^1.0.2
1864 silly packumentCache full:https://registry.npmjs.org/call-bind-apply-helpers cache-miss
1865 silly fetch manifest es-define-property@^1.0.1
1866 silly packumentCache full:https://registry.npmjs.org/es-define-property cache-miss
1867 silly fetch manifest set-function-length@^1.2.2
1868 silly packumentCache full:https://registry.npmjs.org/set-function-length cache-miss
1869 silly fetch manifest call-bind-apply-helpers@^1.0.2
1870 silly packumentCache full:https://registry.npmjs.org/call-bind-apply-helpers cache-miss
1871 silly fetch manifest define-data-property@^1.0.1
1872 silly packumentCache full:https://registry.npmjs.org/define-data-property cache-miss
1873 silly fetch manifest has-property-descriptors@^1.0.0
1874 silly packumentCache full:https://registry.npmjs.org/has-property-descriptors cache-miss
1875 silly fetch manifest array-buffer-byte-length@^1.0.2
1876 silly packumentCache full:https://registry.npmjs.org/array-buffer-byte-length cache-miss
1877 http fetch GET 200 https://registry.npmjs.org/has-property-descriptors 48ms (cache miss)
1878 silly packumentCache full:https://registry.npmjs.org/has-property-descriptors set size:undefined disposed:false
1879 silly fetch manifest arraybuffer.prototype.slice@^1.0.4
1880 silly packumentCache full:https://registry.npmjs.org/arraybuffer.prototype.slice cache-miss
1881 http fetch GET 200 https://registry.npmjs.org/define-data-property 52ms (cache miss)
1882 silly packumentCache full:https://registry.npmjs.org/define-data-property set size:undefined disposed:false
1883 silly fetch manifest available-typed-arrays@^1.0.7
1884 silly packumentCache full:https://registry.npmjs.org/available-typed-arrays cache-miss
1885 http fetch GET 200 https://registry.npmjs.org/call-bind-apply-helpers 56ms (cache miss)
1886 silly packumentCache full:https://registry.npmjs.org/call-bind-apply-helpers set size:undefined disposed:false
1887 silly fetch manifest data-view-buffer@^1.0.2
1888 silly packumentCache full:https://registry.npmjs.org/data-view-buffer cache-miss
1889 http fetch GET 200 https://registry.npmjs.org/call-bind-apply-helpers 59ms (cache miss)
1890 silly packumentCache full:https://registry.npmjs.org/call-bind-apply-helpers set size:undefined disposed:false
1891 silly fetch manifest data-view-byte-length@^1.0.2
1892 silly packumentCache full:https://registry.npmjs.org/data-view-byte-length cache-miss
1893 http fetch GET 200 https://registry.npmjs.org/es-define-property 59ms (cache miss)
1894 silly packumentCache full:https://registry.npmjs.org/es-define-property set size:undefined disposed:false
1895 silly fetch manifest data-view-byte-offset@^1.0.1
1896 silly packumentCache full:https://registry.npmjs.org/data-view-byte-offset cache-miss
1897 http fetch GET 200 https://registry.npmjs.org/array-buffer-byte-length 59ms (cache miss)
1898 silly packumentCache full:https://registry.npmjs.org/array-buffer-byte-length set size:undefined disposed:false
1899 silly fetch manifest es-set-tostringtag@^2.1.0
1900 silly packumentCache full:https://registry.npmjs.org/es-set-tostringtag cache-miss
1901 http fetch GET 200 https://registry.npmjs.org/set-function-length 64ms (cache miss)
1902 silly packumentCache full:https://registry.npmjs.org/set-function-length set size:undefined disposed:false
1903 silly fetch manifest es-to-primitive@^1.3.0
1904 silly packumentCache full:https://registry.npmjs.org/es-to-primitive cache-miss
1905 http fetch GET 200 https://registry.npmjs.org/available-typed-arrays 50ms (cache miss)
1906 silly packumentCache full:https://registry.npmjs.org/available-typed-arrays set size:undefined disposed:false
1907 silly fetch manifest function.prototype.name@^1.1.8
1908 silly packumentCache full:https://registry.npmjs.org/function.prototype.name cache-miss
1909 http fetch GET 200 https://registry.npmjs.org/data-view-byte-offset 47ms (cache miss)
1910 silly packumentCache full:https://registry.npmjs.org/data-view-byte-offset set size:undefined disposed:false
1911 silly fetch manifest get-proto@^1.0.1
1912 silly packumentCache full:https://registry.npmjs.org/get-proto cache-miss
1913 http fetch GET 200 https://registry.npmjs.org/arraybuffer.prototype.slice 58ms (cache miss)
1914 silly packumentCache full:https://registry.npmjs.org/arraybuffer.prototype.slice set size:undefined disposed:false
1915 silly fetch manifest get-symbol-description@^1.1.0
1916 silly packumentCache full:https://registry.npmjs.org/get-symbol-description cache-miss
1917 http fetch GET 200 https://registry.npmjs.org/data-view-byte-length 50ms (cache miss)
1918 silly packumentCache full:https://registry.npmjs.org/data-view-byte-length set size:undefined disposed:false
1919 silly fetch manifest globalthis@^1.0.4
1920 silly packumentCache full:https://registry.npmjs.org/globalthis cache-miss
1921 http fetch GET 200 https://registry.npmjs.org/es-set-tostringtag 62ms (cache miss)
1922 silly packumentCache full:https://registry.npmjs.org/es-set-tostringtag set size:undefined disposed:false
1923 silly fetch manifest gopd@^1.2.0
1924 silly packumentCache full:https://registry.npmjs.org/gopd cache-miss
1925 http fetch GET 200 https://registry.npmjs.org/es-to-primitive 61ms (cache miss)
1926 silly packumentCache full:https://registry.npmjs.org/es-to-primitive set size:undefined disposed:false
1927 silly fetch manifest has-property-descriptors@^1.0.2
1928 silly packumentCache full:https://registry.npmjs.org/has-property-descriptors cache-miss
1929 http fetch GET 200 https://registry.npmjs.org/data-view-buffer 71ms (cache miss)
1930 silly packumentCache full:https://registry.npmjs.org/data-view-buffer set size:undefined disposed:false
1931 silly fetch manifest has-proto@^1.2.0
1932 silly packumentCache full:https://registry.npmjs.org/has-proto cache-miss
1933 http cache https://registry.npmjs.org/has-property-descriptors 7ms (cache hit)
1934 silly packumentCache full:https://registry.npmjs.org/has-property-descriptors set size:12452 disposed:false
1935 silly fetch manifest has-symbols@^1.1.0
1936 silly packumentCache full:https://registry.npmjs.org/has-symbols cache-miss
1937 http fetch GET 200 https://registry.npmjs.org/get-proto 51ms (cache miss)
1938 silly packumentCache full:https://registry.npmjs.org/get-proto set size:undefined disposed:false
1939 silly fetch manifest internal-slot@^1.1.0
1940 silly packumentCache full:https://registry.npmjs.org/internal-slot cache-miss
1941 http fetch GET 200 https://registry.npmjs.org/globalthis 52ms (cache miss)
1942 silly packumentCache full:https://registry.npmjs.org/globalthis set size:undefined disposed:false
1943 silly fetch manifest is-array-buffer@^3.0.5
1944 silly packumentCache full:https://registry.npmjs.org/is-array-buffer cache-miss
1945 http fetch GET 200 https://registry.npmjs.org/function.prototype.name 60ms (cache miss)
1946 silly packumentCache full:https://registry.npmjs.org/function.prototype.name set size:undefined disposed:false
1947 silly fetch manifest is-callable@^1.2.7
1948 silly packumentCache full:https://registry.npmjs.org/is-callable cache-miss
1949 http fetch GET 200 https://registry.npmjs.org/get-symbol-description 65ms (cache miss)
1950 silly packumentCache full:https://registry.npmjs.org/get-symbol-description set size:undefined disposed:false
1951 silly fetch manifest is-data-view@^1.0.2
1952 silly packumentCache full:https://registry.npmjs.org/is-data-view cache-miss
1953 http fetch GET 200 https://registry.npmjs.org/gopd 55ms (cache miss)
1954 silly packumentCache full:https://registry.npmjs.org/gopd set size:undefined disposed:false
1955 silly fetch manifest is-negative-zero@^2.0.3
1956 silly packumentCache full:https://registry.npmjs.org/is-negative-zero cache-miss
1957 http fetch GET 200 https://registry.npmjs.org/has-symbols 52ms (cache miss)
1958 silly packumentCache full:https://registry.npmjs.org/has-symbols set size:undefined disposed:false
1959 silly fetch manifest is-regex@^1.2.1
1960 silly packumentCache full:https://registry.npmjs.org/is-regex cache-miss
1961 http fetch GET 200 https://registry.npmjs.org/has-proto 65ms (cache miss)
1962 silly packumentCache full:https://registry.npmjs.org/has-proto set size:undefined disposed:false
1963 silly fetch manifest is-set@^2.0.3
1964 silly packumentCache full:https://registry.npmjs.org/is-set cache-miss
1965 http fetch GET 200 https://registry.npmjs.org/internal-slot 44ms (cache miss)
1966 silly packumentCache full:https://registry.npmjs.org/internal-slot set size:undefined disposed:false
1967 silly fetch manifest is-shared-array-buffer@^1.0.4
1968 silly packumentCache full:https://registry.npmjs.org/is-shared-array-buffer cache-miss
1969 http fetch GET 200 https://registry.npmjs.org/is-callable 52ms (cache miss)
1970 silly packumentCache full:https://registry.npmjs.org/is-callable set size:undefined disposed:false
1971 silly fetch manifest is-typed-array@^1.1.15
1972 silly packumentCache full:https://registry.npmjs.org/is-typed-array cache-miss
1973 http fetch GET 200 https://registry.npmjs.org/is-array-buffer 62ms (cache miss)
1974 silly packumentCache full:https://registry.npmjs.org/is-array-buffer set size:undefined disposed:false
1975 silly fetch manifest is-weakref@^1.1.1
1976 silly packumentCache full:https://registry.npmjs.org/is-weakref cache-miss
1977 http fetch GET 200 https://registry.npmjs.org/is-data-view 56ms (cache miss)
1978 silly packumentCache full:https://registry.npmjs.org/is-data-view set size:undefined disposed:false
1979 silly fetch manifest object-inspect@^1.13.4
1980 silly packumentCache full:https://registry.npmjs.org/object-inspect cache-miss
1981 http fetch GET 200 https://registry.npmjs.org/is-negative-zero 55ms (cache miss)
1982 silly packumentCache full:https://registry.npmjs.org/is-negative-zero set size:undefined disposed:false
1983 silly fetch manifest object.assign@^4.1.7
1984 silly packumentCache full:https://registry.npmjs.org/object.assign cache-miss
1985 http fetch GET 200 https://registry.npmjs.org/is-regex 58ms (cache miss)
1986 silly packumentCache full:https://registry.npmjs.org/is-regex set size:undefined disposed:false
1987 silly fetch manifest own-keys@^1.0.1
1988 silly packumentCache full:https://registry.npmjs.org/own-keys cache-miss
1989 http fetch GET 200 https://registry.npmjs.org/is-shared-array-buffer 49ms (cache miss)
1990 silly packumentCache full:https://registry.npmjs.org/is-shared-array-buffer set size:undefined disposed:false
1991 silly fetch manifest regexp.prototype.flags@^1.5.4
1992 silly packumentCache full:https://registry.npmjs.org/regexp.prototype.flags cache-miss
1993 http fetch GET 200 https://registry.npmjs.org/is-set 61ms (cache miss)
1994 silly packumentCache full:https://registry.npmjs.org/is-set set size:undefined disposed:false
1995 silly fetch manifest safe-array-concat@^1.1.3
1996 silly packumentCache full:https://registry.npmjs.org/safe-array-concat cache-miss
1997 http fetch GET 200 https://registry.npmjs.org/is-typed-array 52ms (cache miss)
1998 silly packumentCache full:https://registry.npmjs.org/is-typed-array set size:undefined disposed:false
1999 silly fetch manifest safe-push-apply@^1.0.0
2000 silly packumentCache full:https://registry.npmjs.org/safe-push-apply cache-miss
2001 http fetch GET 200 https://registry.npmjs.org/is-weakref 49ms (cache miss)
2002 silly packumentCache full:https://registry.npmjs.org/is-weakref set size:undefined disposed:false
2003 silly fetch manifest safe-regex-test@^1.1.0
2004 silly packumentCache full:https://registry.npmjs.org/safe-regex-test cache-miss
2005 http cache https://registry.npmjs.org/safe-regex-test 7ms (cache hit)
2006 silly packumentCache full:https://registry.npmjs.org/safe-regex-test set size:17412 disposed:false
2007 silly fetch manifest set-proto@^1.0.0
2008 silly packumentCache full:https://registry.npmjs.org/set-proto cache-miss
2009 http fetch GET 200 https://registry.npmjs.org/own-keys 42ms (cache miss)
2010 silly packumentCache full:https://registry.npmjs.org/own-keys set size:undefined disposed:false
2011 silly fetch manifest stop-iteration-iterator@^1.1.0
2012 silly packumentCache full:https://registry.npmjs.org/stop-iteration-iterator cache-miss
2013 http fetch GET 200 https://registry.npmjs.org/object-inspect 74ms (cache miss)
2014 silly packumentCache full:https://registry.npmjs.org/object-inspect set size:undefined disposed:false
2015 silly fetch manifest string.prototype.trim@^1.2.10
2016 silly packumentCache full:https://registry.npmjs.org/string.prototype.trim cache-miss
2017 http fetch GET 200 https://registry.npmjs.org/object.assign 77ms (cache miss)
2018 silly packumentCache full:https://registry.npmjs.org/object.assign set size:undefined disposed:false
2019 silly fetch manifest string.prototype.trimstart@^1.0.8
2020 silly packumentCache full:https://registry.npmjs.org/string.prototype.trimstart cache-miss
2021 http fetch GET 200 https://registry.npmjs.org/safe-array-concat 59ms (cache miss)
2022 silly packumentCache full:https://registry.npmjs.org/safe-array-concat set size:undefined disposed:false
2023 silly fetch manifest typed-array-buffer@^1.0.3
2024 silly packumentCache full:https://registry.npmjs.org/typed-array-buffer cache-miss
2025 http fetch GET 200 https://registry.npmjs.org/safe-push-apply 49ms (cache miss)
2026 silly packumentCache full:https://registry.npmjs.org/safe-push-apply set size:undefined disposed:false
2027 silly fetch manifest typed-array-byte-length@^1.0.3
2028 silly packumentCache full:https://registry.npmjs.org/typed-array-byte-length cache-miss
2029 http fetch GET 200 https://registry.npmjs.org/set-proto 47ms (cache miss)
2030 silly packumentCache full:https://registry.npmjs.org/set-proto set size:undefined disposed:false
2031 silly fetch manifest typed-array-byte-offset@^1.0.4
2032 silly packumentCache full:https://registry.npmjs.org/typed-array-byte-offset cache-miss
2033 http fetch GET 200 https://registry.npmjs.org/stop-iteration-iterator 44ms (cache miss)
2034 silly packumentCache full:https://registry.npmjs.org/stop-iteration-iterator set size:undefined disposed:false
2035 silly fetch manifest typed-array-length@^1.0.7
2036 silly packumentCache full:https://registry.npmjs.org/typed-array-length cache-miss
2037 http fetch GET 200 https://registry.npmjs.org/string.prototype.trim 61ms (cache miss)
2038 silly packumentCache full:https://registry.npmjs.org/string.prototype.trim set size:undefined disposed:false
2039 silly fetch manifest unbox-primitive@^1.1.0
2040 silly packumentCache full:https://registry.npmjs.org/unbox-primitive cache-miss
2041 http fetch GET 200 https://registry.npmjs.org/typed-array-byte-length 52ms (cache miss)
2042 silly packumentCache full:https://registry.npmjs.org/typed-array-byte-length set size:undefined disposed:false
2043 silly fetch manifest which-typed-array@^1.1.19
2044 silly packumentCache full:https://registry.npmjs.org/which-typed-array cache-miss
2045 http fetch GET 200 https://registry.npmjs.org/typed-array-buffer 62ms (cache miss)
2046 silly packumentCache full:https://registry.npmjs.org/typed-array-buffer set size:undefined disposed:false
2047 silly fetch manifest has-tostringtag@^1.0.2
2048 silly packumentCache full:https://registry.npmjs.org/has-tostringtag cache-miss
2049 http fetch GET 200 https://registry.npmjs.org/string.prototype.trimstart 72ms (cache miss)
2050 silly packumentCache full:https://registry.npmjs.org/string.prototype.trimstart set size:undefined disposed:false
2051 http fetch GET 200 https://registry.npmjs.org/typed-array-byte-offset 56ms (cache miss)
2052 silly packumentCache full:https://registry.npmjs.org/typed-array-byte-offset set size:undefined disposed:false
2053 http fetch GET 200 https://registry.npmjs.org/typed-array-length 56ms (cache miss)
2054 silly packumentCache full:https://registry.npmjs.org/typed-array-length set size:undefined disposed:false
2055 http fetch GET 200 https://registry.npmjs.org/unbox-primitive 41ms (cache miss)
2056 silly packumentCache full:https://registry.npmjs.org/unbox-primitive set size:undefined disposed:false
2057 http fetch GET 200 https://registry.npmjs.org/which-typed-array 52ms (cache miss)
2058 silly packumentCache full:https://registry.npmjs.org/which-typed-array set size:undefined disposed:false
2059 http fetch GET 200 https://registry.npmjs.org/has-tostringtag 52ms (cache miss)
2060 silly packumentCache full:https://registry.npmjs.org/has-tostringtag set size:undefined disposed:false
2061 http fetch GET 200 https://registry.npmjs.org/regexp.prototype.flags 212ms (cache miss)
2062 silly packumentCache full:https://registry.npmjs.org/regexp.prototype.flags set size:undefined disposed:false
2063 silly placeDep ROOT es-errors@1.3.0 OK for: array.prototype.findlastindex@1.2.6 want: ^1.3.0
2064 silly placeDep ROOT es-shim-unscopables@1.1.0 OK for: array.prototype.findlastindex@1.2.6 want: ^1.1.0
2065 silly placeDep ROOT call-bind-apply-helpers@1.0.2 OK for: call-bind@1.0.9 want: ^1.0.2
2066 silly placeDep ROOT es-define-property@1.0.1 OK for: call-bind@1.0.9 want: ^1.0.1
2067 silly placeDep ROOT set-function-length@1.2.2 OK for: call-bind@1.0.9 want: ^1.2.2
2068 silly fetch manifest define-data-property@^1.1.4
2069 silly packumentCache full:https://registry.npmjs.org/define-data-property cache-miss
2070 silly fetch manifest gopd@^1.0.1
2071 silly packumentCache full:https://registry.npmjs.org/gopd cache-miss
2072 http cache https://registry.npmjs.org/define-data-property 9ms (cache hit)
2073 silly packumentCache full:https://registry.npmjs.org/define-data-property set size:28048 disposed:false
2074 http cache https://registry.npmjs.org/gopd 9ms (cache hit)
2075 silly packumentCache full:https://registry.npmjs.org/gopd set size:11458 disposed:false
2076 silly placeDep ROOT function-bind@1.1.2 OK for: call-bind-apply-helpers@1.0.2 want: ^1.1.2
2077 silly placeDep ROOT define-data-property@1.1.4 OK for: define-properties@1.2.1 want: ^1.0.1
2078 silly placeDep ROOT has-property-descriptors@1.0.2 OK for: define-properties@1.2.1 want: ^1.0.0
2079 silly placeDep ROOT object-keys@1.1.1 OK for: define-properties@1.2.1 want: ^1.1.1
2080 silly placeDep ROOT gopd@1.2.0 OK for: define-data-property@1.1.4 want: ^1.0.1
2081 silly placeDep ROOT array-buffer-byte-length@1.0.2 OK for: es-abstract@1.24.2 want: ^1.0.2
2082 silly placeDep ROOT arraybuffer.prototype.slice@1.0.4 OK for: es-abstract@1.24.2 want: ^1.0.4
2083 silly placeDep ROOT available-typed-arrays@1.0.7 OK for: es-abstract@1.24.2 want: ^1.0.7
2084 silly placeDep ROOT data-view-buffer@1.0.2 OK for: es-abstract@1.24.2 want: ^1.0.2
2085 silly placeDep ROOT data-view-byte-length@1.0.2 OK for: es-abstract@1.24.2 want: ^1.0.2
2086 silly placeDep ROOT data-view-byte-offset@1.0.1 OK for: es-abstract@1.24.2 want: ^1.0.1
2087 silly placeDep ROOT es-set-tostringtag@2.1.0 OK for: es-abstract@1.24.2 want: ^2.1.0
2088 silly placeDep ROOT es-to-primitive@1.3.1 OK for: es-abstract@1.24.2 want: ^1.3.0
2089 silly placeDep ROOT function.prototype.name@1.2.0 OK for: es-abstract@1.24.2 want: ^1.1.8
2090 silly placeDep ROOT get-proto@1.0.1 OK for: es-abstract@1.24.2 want: ^1.0.1
2091 silly placeDep ROOT get-symbol-description@1.1.0 OK for: es-abstract@1.24.2 want: ^1.1.0
2092 silly placeDep ROOT globalthis@1.0.4 OK for: es-abstract@1.24.2 want: ^1.0.4
2093 silly placeDep ROOT has-proto@1.2.0 OK for: es-abstract@1.24.2 want: ^1.2.0
2094 silly placeDep ROOT has-symbols@1.1.0 OK for: es-abstract@1.24.2 want: ^1.1.0
2095 silly placeDep ROOT internal-slot@1.1.0 OK for: es-abstract@1.24.2 want: ^1.1.0
2096 silly placeDep ROOT is-array-buffer@3.0.5 OK for: es-abstract@1.24.2 want: ^3.0.5
2097 silly placeDep ROOT is-callable@1.2.7 OK for: es-abstract@1.24.2 want: ^1.2.7
2098 silly placeDep ROOT is-data-view@1.0.2 OK for: es-abstract@1.24.2 want: ^1.0.2
2099 silly placeDep ROOT is-negative-zero@2.0.3 OK for: es-abstract@1.24.2 want: ^2.0.3
2100 silly placeDep ROOT is-regex@1.2.1 OK for: es-abstract@1.24.2 want: ^1.2.1
2101 silly placeDep ROOT is-set@2.0.3 OK for: es-abstract@1.24.2 want: ^2.0.3
2102 silly placeDep ROOT is-shared-array-buffer@1.0.4 OK for: es-abstract@1.24.2 want: ^1.0.4
2103 silly placeDep ROOT is-typed-array@1.1.15 OK for: es-abstract@1.24.2 want: ^1.1.15
2104 silly placeDep ROOT is-weakref@1.1.1 OK for: es-abstract@1.24.2 want: ^1.1.1
2105 silly placeDep ROOT object-inspect@1.13.4 OK for: es-abstract@1.24.2 want: ^1.13.4
2106 silly placeDep ROOT object.assign@4.1.7 OK for: es-abstract@1.24.2 want: ^4.1.7
2107 silly placeDep ROOT own-keys@1.0.1 OK for: es-abstract@1.24.2 want: ^1.0.1
2108 silly placeDep ROOT regexp.prototype.flags@1.5.4 OK for: es-abstract@1.24.2 want: ^1.5.4
2109 silly placeDep ROOT safe-array-concat@1.1.4 OK for: es-abstract@1.24.2 want: ^1.1.3
2110 silly placeDep ROOT safe-push-apply@1.0.0 OK for: es-abstract@1.24.2 want: ^1.0.0
2111 silly placeDep ROOT safe-regex-test@1.1.0 OK for: es-abstract@1.24.2 want: ^1.1.0
2112 silly placeDep ROOT set-proto@1.0.0 OK for: es-abstract@1.24.2 want: ^1.0.0
2113 silly placeDep ROOT stop-iteration-iterator@1.1.0 OK for: es-abstract@1.24.2 want: ^1.1.0
2114 silly placeDep ROOT string.prototype.trim@1.2.11 OK for: es-abstract@1.24.2 want: ^1.2.10
2115 silly placeDep ROOT string.prototype.trimstart@1.0.8 OK for: es-abstract@1.24.2 want: ^1.0.8
2116 silly placeDep ROOT typed-array-buffer@1.0.3 OK for: es-abstract@1.24.2 want: ^1.0.3
2117 silly placeDep ROOT typed-array-byte-length@1.0.3 OK for: es-abstract@1.24.2 want: ^1.0.3
2118 silly placeDep ROOT typed-array-byte-offset@1.0.4 OK for: es-abstract@1.24.2 want: ^1.0.4
2119 silly placeDep ROOT typed-array-length@1.0.8 OK for: es-abstract@1.24.2 want: ^1.0.7
2120 silly placeDep ROOT unbox-primitive@1.1.0 OK for: es-abstract@1.24.2 want: ^1.1.0
2121 silly placeDep ROOT which-typed-array@1.1.22 OK for: es-abstract@1.24.2 want: ^1.1.19
2122 silly fetch manifest is-array-buffer@^3.0.4
2123 silly packumentCache full:https://registry.npmjs.org/is-array-buffer cache-miss
2124 silly fetch manifest possible-typed-array-names@^1.0.0
2125 silly packumentCache full:https://registry.npmjs.org/possible-typed-array-names cache-miss
2126 silly fetch manifest is-data-view@^1.0.1
2127 silly packumentCache full:https://registry.npmjs.org/is-data-view cache-miss
2128 silly fetch manifest is-symbol@^1.1.1
2129 silly packumentCache full:https://registry.npmjs.org/is-symbol cache-miss
2130 silly fetch manifest is-date-object@^1.1.0
2131 silly packumentCache full:https://registry.npmjs.org/is-date-object cache-miss
2132 silly fetch manifest es-abstract-get@^1.0.0
2133 silly packumentCache full:https://registry.npmjs.org/es-abstract-get cache-miss
2134 silly fetch manifest is-document.all@^1.0.0
2135 silly packumentCache full:https://registry.npmjs.org/is-document.all cache-miss
2136 http cache https://registry.npmjs.org/is-array-buffer 11ms (cache hit)
2137 silly packumentCache full:https://registry.npmjs.org/is-array-buffer set size:33562 disposed:false
2138 silly fetch manifest functions-have-names@^1.2.3
2139 silly packumentCache full:https://registry.npmjs.org/functions-have-names cache-miss
2140 http cache https://registry.npmjs.org/is-data-view 13ms (cache hit)
2141 silly packumentCache full:https://registry.npmjs.org/is-data-view set size:13756 disposed:false
2142 silly fetch manifest dunder-proto@^1.0.1
2143 silly packumentCache full:https://registry.npmjs.org/dunder-proto cache-miss
2144 http fetch GET 200 https://registry.npmjs.org/es-abstract-get 45ms (cache miss)
2145 silly packumentCache full:https://registry.npmjs.org/es-abstract-get set size:undefined disposed:false
2146 silly fetch manifest dunder-proto@^1.0.0
2147 silly packumentCache full:https://registry.npmjs.org/dunder-proto cache-miss
2148 http fetch GET 200 https://registry.npmjs.org/is-document.all 50ms (cache miss)
2149 silly packumentCache full:https://registry.npmjs.org/is-document.all set size:undefined disposed:false
2150 silly fetch manifest side-channel@^1.1.0
2151 silly packumentCache full:https://registry.npmjs.org/side-channel cache-miss
2152 http fetch GET 200 https://registry.npmjs.org/dunder-proto 45ms (cache miss)
2153 silly packumentCache full:https://registry.npmjs.org/dunder-proto set size:undefined disposed:false
2154 silly fetch manifest is-typed-array@^1.1.13
2155 silly packumentCache full:https://registry.npmjs.org/is-typed-array cache-miss
2156 http fetch GET 200 https://registry.npmjs.org/possible-typed-array-names 62ms (cache miss)
2157 silly packumentCache full:https://registry.npmjs.org/possible-typed-array-names set size:undefined disposed:false
2158 silly fetch manifest which-typed-array@^1.1.16
2159 silly packumentCache full:https://registry.npmjs.org/which-typed-array cache-miss
2160 http fetch GET 200 https://registry.npmjs.org/is-symbol 64ms (cache miss)
2161 silly packumentCache full:https://registry.npmjs.org/is-symbol set size:undefined disposed:false
2162 silly fetch manifest set-function-name@^2.0.2
2163 silly packumentCache full:https://registry.npmjs.org/set-function-name cache-miss
2164 http fetch GET 200 https://registry.npmjs.org/is-date-object 65ms (cache miss)
2165 silly packumentCache full:https://registry.npmjs.org/is-date-object set size:undefined disposed:false
2166 silly fetch manifest isarray@^2.0.5
2167 silly packumentCache full:https://registry.npmjs.org/isarray cache-miss
2168 http cache https://registry.npmjs.org/is-typed-array 14ms (cache hit)
2169 silly packumentCache full:https://registry.npmjs.org/is-typed-array set size:79965 disposed:false
2170 silly fetch manifest isarray@^2.0.5
2171 silly packumentCache full:https://registry.npmjs.org/isarray cache-miss
2172 http cache https://registry.npmjs.org/which-typed-array 16ms (cache hit)
2173 silly packumentCache full:https://registry.npmjs.org/which-typed-array set size:101551 disposed:false
2174 silly fetch manifest for-each@^0.3.3
2175 silly packumentCache full:https://registry.npmjs.org/for-each cache-miss
2176 http fetch GET 200 https://registry.npmjs.org/functions-have-names 67ms (cache miss)
2177 silly packumentCache full:https://registry.npmjs.org/functions-have-names set size:undefined disposed:false
2178 silly fetch manifest for-each@^0.3.3
2179 silly packumentCache full:https://registry.npmjs.org/for-each cache-miss
2180 http fetch GET 200 https://registry.npmjs.org/dunder-proto 42ms (cache miss)
2181 silly packumentCache full:https://registry.npmjs.org/dunder-proto set size:undefined disposed:false
2182 silly fetch manifest reflect.getprototypeof@^1.0.9
2183 silly packumentCache full:https://registry.npmjs.org/reflect.getprototypeof cache-miss
2184 http fetch GET 200 https://registry.npmjs.org/side-channel 55ms (cache miss)
2185 silly packumentCache full:https://registry.npmjs.org/side-channel set size:undefined disposed:false
2186 silly fetch manifest for-each@^0.3.5
2187 silly packumentCache full:https://registry.npmjs.org/for-each cache-miss
2188 http fetch GET 200 https://registry.npmjs.org/set-function-name 44ms (cache miss)
2189 silly packumentCache full:https://registry.npmjs.org/set-function-name set size:undefined disposed:false
2190 silly fetch manifest possible-typed-array-names@^1.1.0
2191 silly packumentCache full:https://registry.npmjs.org/possible-typed-array-names cache-miss
2192 http cache https://registry.npmjs.org/possible-typed-array-names 9ms (cache hit)
2193 silly packumentCache full:https://registry.npmjs.org/possible-typed-array-names set size:9167 disposed:false
2194 silly fetch manifest reflect.getprototypeof@^1.0.10
2195 silly packumentCache full:https://registry.npmjs.org/reflect.getprototypeof cache-miss
2196 http fetch GET 200 https://registry.npmjs.org/isarray 54ms (cache miss)
2197 silly packumentCache full:https://registry.npmjs.org/isarray set size:undefined disposed:false
2198 silly fetch manifest has-bigints@^1.0.2
2199 silly packumentCache full:https://registry.npmjs.org/has-bigints cache-miss
2200 http fetch GET 200 https://registry.npmjs.org/for-each 51ms (cache miss)
2201 silly packumentCache full:https://registry.npmjs.org/for-each set size:undefined disposed:false
2202 silly fetch manifest which-boxed-primitive@^1.1.1
2203 silly packumentCache full:https://registry.npmjs.org/which-boxed-primitive cache-miss
2204 http fetch GET 200 https://registry.npmjs.org/isarray 56ms (cache miss)
2205 silly packumentCache full:https://registry.npmjs.org/isarray set size:undefined disposed:false
2206 silly fetch manifest for-each@^0.3.5
2207 silly packumentCache full:https://registry.npmjs.org/for-each cache-miss
2208 http cache https://registry.npmjs.org/for-each 5ms (cache hit)
2209 silly packumentCache full:https://registry.npmjs.org/for-each set size:14327 disposed:false
2210 http fetch GET 200 https://registry.npmjs.org/for-each 66ms (cache miss)
2211 silly packumentCache full:https://registry.npmjs.org/for-each set size:undefined disposed:false
2212 silly packumentCache full:https://registry.npmjs.org/for-each dispose
2213 http fetch GET 200 https://registry.npmjs.org/for-each 84ms (cache miss)
2214 silly packumentCache full:https://registry.npmjs.org/for-each set size:undefined disposed:true
2215 http fetch GET 200 https://registry.npmjs.org/which-boxed-primitive 67ms (cache miss)
2216 silly packumentCache full:https://registry.npmjs.org/which-boxed-primitive set size:undefined disposed:false
2217 http fetch GET 200 https://registry.npmjs.org/reflect.getprototypeof 82ms (cache miss)
2218 silly packumentCache full:https://registry.npmjs.org/reflect.getprototypeof set size:undefined disposed:false
2219 http fetch GET 200 https://registry.npmjs.org/has-bigints 87ms (cache miss)
2220 silly packumentCache full:https://registry.npmjs.org/has-bigints set size:undefined disposed:false
2221 http fetch GET 200 https://registry.npmjs.org/reflect.getprototypeof 258ms (cache miss)
2222 silly packumentCache full:https://registry.npmjs.org/reflect.getprototypeof set size:undefined disposed:false
2223 silly placeDep ROOT possible-typed-array-names@1.1.0 OK for: available-typed-arrays@1.0.7 want: ^1.0.0
2224 silly placeDep ROOT has-tostringtag@1.0.2 OK for: es-set-tostringtag@2.1.0 want: ^1.0.2
2225 silly placeDep ROOT es-abstract-get@1.0.0 OK for: es-to-primitive@1.3.1 want: ^1.0.0
2226 silly placeDep ROOT is-date-object@1.1.0 OK for: es-to-primitive@1.3.1 want: ^1.1.0
2227 silly placeDep ROOT is-symbol@1.1.1 OK for: es-to-primitive@1.3.1 want: ^1.1.1
2228 silly placeDep node_modules/eslint-module-utils debug@3.2.7 OK for: eslint-module-utils@2.13.0 want: ^3.2.7
2229 silly placeDep ROOT aria-query@5.3.2 OK for: eslint-plugin-jsx-a11y@6.10.2 want: ^5.3.2
2230 silly placeDep ROOT ast-types-flow@0.0.8 OK for: eslint-plugin-jsx-a11y@6.10.2 want: ^0.0.8
2231 silly placeDep ROOT axe-core@4.12.1 OK for: eslint-plugin-jsx-a11y@6.10.2 want: ^4.10.0
2232 silly placeDep ROOT axobject-query@4.1.0 OK for: eslint-plugin-jsx-a11y@6.10.2 want: ^4.1.0
2233 silly placeDep ROOT damerau-levenshtein@1.0.8 OK for: eslint-plugin-jsx-a11y@6.10.2 want: ^1.0.8
2234 silly placeDep ROOT emoji-regex@9.2.2 OK for: eslint-plugin-jsx-a11y@6.10.2 want: ^9.2.2
2235 silly placeDep ROOT jsx-ast-utils@3.3.5 OK for: eslint-plugin-jsx-a11y@6.10.2 want: ^3.3.5
2236 silly placeDep ROOT language-tags@1.0.9 OK for: eslint-plugin-jsx-a11y@6.10.2 want: ^1.0.9
2237 silly placeDep ROOT string.prototype.includes@2.0.1 OK for: eslint-plugin-jsx-a11y@6.10.2 want: ^2.0.1
2238 silly fetch manifest language-subtag-registry@^0.3.20
2239 silly packumentCache full:https://registry.npmjs.org/language-subtag-registry cache-miss
2240 http fetch GET 200 https://registry.npmjs.org/language-subtag-registry 60ms (cache miss)
2241 silly packumentCache full:https://registry.npmjs.org/language-subtag-registry set size:undefined disposed:false
2242 silly placeDep ROOT array.prototype.findlast@1.2.5 OK for: eslint-plugin-react@7.37.5 want: ^1.2.5
2243 silly placeDep ROOT array.prototype.tosorted@1.1.4 OK for: eslint-plugin-react@7.37.5 want: ^1.1.4
2244 silly placeDep ROOT es-iterator-helpers@1.3.3 OK for: eslint-plugin-react@7.37.5 want: ^1.2.1
2245 silly placeDep ROOT estraverse@5.3.0 OK for: eslint-plugin-react@7.37.5 want: ^5.3.0
2246 silly placeDep ROOT object.entries@1.1.9 OK for: eslint-plugin-react@7.37.5 want: ^1.1.9
2247 silly placeDep ROOT prop-types@15.8.1 OK for: eslint-plugin-react@7.37.5 want: ^15.8.1
2248 silly placeDep ROOT string.prototype.matchall@4.0.12 OK for: eslint-plugin-react@7.37.5 want: ^4.0.12
2249 silly placeDep ROOT string.prototype.repeat@1.0.0 OK for: eslint-plugin-react@7.37.5 want: ^1.0.0
2250 silly fetch manifest iterator.prototype@^1.1.5
2251 silly packumentCache full:https://registry.npmjs.org/iterator.prototype cache-miss
2252 silly fetch manifest loose-envify@^1.4.0
2253 silly packumentCache full:https://registry.npmjs.org/loose-envify cache-miss
2254 silly fetch manifest object-assign@^4.1.1
2255 silly packumentCache full:https://registry.npmjs.org/object-assign cache-miss
2256 silly fetch manifest react-is@^16.13.1
2257 silly packumentCache full:https://registry.npmjs.org/react-is cache-miss
2258 http fetch GET 200 https://registry.npmjs.org/loose-envify 45ms (cache miss)
2259 silly packumentCache full:https://registry.npmjs.org/loose-envify set size:undefined disposed:false
2260 http fetch GET 200 https://registry.npmjs.org/object-assign 48ms (cache miss)
2261 silly packumentCache full:https://registry.npmjs.org/object-assign set size:undefined disposed:false
2262 http fetch GET 200 https://registry.npmjs.org/iterator.prototype 211ms (cache miss)
2263 silly packumentCache full:https://registry.npmjs.org/iterator.prototype set size:undefined disposed:false
2264 http fetch GET 200 https://registry.npmjs.org/react-is 564ms (cache miss)
2265 silly packumentCache full:https://registry.npmjs.org/react-is set size:undefined disposed:false
2266 silly placeDep ROOT iterator.prototype@1.1.5 OK for: es-iterator-helpers@1.3.3 want: ^1.1.5
2267 silly placeDep ROOT @babel/core@7.29.7 OK for: eslint-plugin-react-hooks@7.1.1 want: ^7.24.4
2268 silly placeDep ROOT @babel/parser@7.29.7 OK for: eslint-plugin-react-hooks@7.1.1 want: ^7.24.4
2269 silly placeDep ROOT hermes-parser@0.25.1 OK for: eslint-plugin-react-hooks@7.1.1 want: ^0.25.1
2270 silly placeDep ROOT zod@4.4.3 OK for: eslint-plugin-react-hooks@7.1.1 want: ^3.25.0 || ^4.0.0
2271 silly placeDep ROOT zod-validation-error@4.0.2 OK for: eslint-plugin-react-hooks@7.1.1 want: ^3.5.0 || ^4.0.0
2272 silly fetch manifest json5@^2.2.3
2273 silly packumentCache full:https://registry.npmjs.org/json5 cache-miss
2274 silly fetch manifest gensync@^1.0.0-beta.2
2275 silly packumentCache full:https://registry.npmjs.org/gensync cache-miss
2276 silly fetch manifest @babel/types@^7.29.7
2277 silly packumentCache full:https://registry.npmjs.org/@babel%2ftypes cache-miss
2278 silly fetch manifest @babel/parser@^7.29.7
2279 silly packumentCache full:https://registry.npmjs.org/@babel%2fparser cache-miss
2280 silly fetch manifest @babel/helpers@^7.29.7
2281 silly packumentCache full:https://registry.npmjs.org/@babel%2fhelpers cache-miss
2282 silly fetch manifest @babel/template@^7.29.7
2283 silly packumentCache full:https://registry.npmjs.org/@babel%2ftemplate cache-miss
2284 silly fetch manifest @babel/traverse@^7.29.7
2285 silly packumentCache full:https://registry.npmjs.org/@babel%2ftraverse cache-miss
2286 http cache https://registry.npmjs.org/json5 11ms (cache hit)
2287 silly packumentCache full:https://registry.npmjs.org/json5 set size:86136 disposed:false
2288 silly fetch manifest @babel/generator@^7.29.7
2289 silly packumentCache full:https://registry.npmjs.org/@babel%2fgenerator cache-miss
2290 http cache https://registry.npmjs.org/@babel%2fparser 13ms (cache hit)
2291 silly packumentCache full:https://registry.npmjs.org/@babel%2fparser set size:732981 disposed:false
2292 silly fetch manifest @babel/code-frame@^7.29.7
2293 silly packumentCache full:https://registry.npmjs.org/@babel%2fcode-frame cache-miss
2294 http fetch GET 200 https://registry.npmjs.org/gensync 43ms (cache miss)
2295 silly packumentCache full:https://registry.npmjs.org/gensync set size:undefined disposed:false
2296 silly fetch manifest convert-source-map@^2.0.0
2297 silly packumentCache full:https://registry.npmjs.org/convert-source-map cache-miss
2298 http fetch GET 200 https://registry.npmjs.org/convert-source-map 61ms (cache miss)
2299 silly packumentCache full:https://registry.npmjs.org/convert-source-map set size:undefined disposed:false
2300 silly fetch manifest @babel/helper-module-transforms@^7.29.7
2301 silly packumentCache full:https://registry.npmjs.org/@babel%2fhelper-module-transforms cache-miss
2302 http fetch GET 200 https://registry.npmjs.org/@babel%2fcode-frame 89ms (cache miss)
2303 silly packumentCache full:https://registry.npmjs.org/@babel%2fcode-frame set size:undefined disposed:false
2304 silly fetch manifest @babel/helper-compilation-targets@^7.29.7
2305 silly packumentCache full:https://registry.npmjs.org/@babel%2fhelper-compilation-targets cache-miss
2306 http fetch GET 200 https://registry.npmjs.org/@babel%2ftemplate 145ms (cache miss)
2307 silly packumentCache full:https://registry.npmjs.org/@babel%2ftemplate set size:undefined disposed:false
2308 silly fetch manifest @babel/types@^7.29.7
2309 silly packumentCache full:https://registry.npmjs.org/@babel%2ftypes cache-miss
2310 http fetch GET 200 https://registry.npmjs.org/@babel%2fhelpers 156ms (cache miss)
2311 silly packumentCache full:https://registry.npmjs.org/@babel%2fhelpers set size:undefined disposed:false
2312 silly fetch manifest hermes-estree@0.25.1
2313 silly packumentCache full:https://registry.npmjs.org/hermes-estree cache-miss
2314 http fetch GET 200 https://registry.npmjs.org/@babel%2fhelper-module-transforms 96ms (cache miss)
2315 silly packumentCache full:https://registry.npmjs.org/@babel%2fhelper-module-transforms set size:undefined disposed:false
2316 http fetch GET 200 https://registry.npmjs.org/@babel%2fhelper-compilation-targets 104ms (cache miss)
2317 silly packumentCache full:https://registry.npmjs.org/@babel%2fhelper-compilation-targets set size:undefined disposed:false
2318 http fetch GET 200 https://registry.npmjs.org/@babel%2fgenerator 208ms (cache miss)
2319 silly packumentCache full:https://registry.npmjs.org/@babel%2fgenerator set size:undefined disposed:false
2320 http fetch GET 200 https://registry.npmjs.org/hermes-estree 113ms (cache miss)
2321 silly packumentCache full:https://registry.npmjs.org/hermes-estree set size:undefined disposed:false
2322 http fetch GET 200 https://registry.npmjs.org/@babel%2ftypes 224ms (cache miss)
2323 silly packumentCache full:https://registry.npmjs.org/@babel%2ftypes set size:undefined disposed:false
2324 http fetch GET 200 https://registry.npmjs.org/@babel%2ftypes 745ms (cache miss)
2325 silly packumentCache full:https://registry.npmjs.org/@babel%2ftypes set size:undefined disposed:false
2326 http fetch GET 200 https://registry.npmjs.org/@babel%2ftraverse 868ms (cache miss)
2327 silly packumentCache full:https://registry.npmjs.org/@babel%2ftraverse set size:undefined disposed:false
2328 silly fetch manifest @babel/core@^7.0.0
2329 silly packumentCache full:https://registry.npmjs.org/@babel%2fcore cache-miss
2330 http cache https://registry.npmjs.org/@babel%2fcore 8ms (cache hit)
2331 silly packumentCache full:https://registry.npmjs.org/@babel%2fcore set size:788258 disposed:false
2332 silly placeDep ROOT @babel/code-frame@7.29.7 OK for: @babel/core@7.29.7 want: ^7.29.7
2333 silly placeDep ROOT @babel/generator@7.29.7 OK for: @babel/core@7.29.7 want: ^7.29.7
2334 silly placeDep ROOT @babel/helper-compilation-targets@7.29.7 OK for: @babel/core@7.29.7 want: ^7.29.7
2335 silly placeDep ROOT @babel/helper-module-transforms@7.29.7 OK for: @babel/core@7.29.7 want: ^7.29.7
2336 silly placeDep ROOT @babel/helpers@7.29.7 OK for: @babel/core@7.29.7 want: ^7.29.7
2337 silly placeDep ROOT @babel/template@7.29.7 OK for: @babel/core@7.29.7 want: ^7.29.7
2338 silly placeDep ROOT @babel/traverse@7.29.7 OK for: @babel/core@7.29.7 want: ^7.29.7
2339 silly placeDep ROOT @babel/types@7.29.7 OK for: @babel/core@7.29.7 want: ^7.29.7
2340 silly placeDep ROOT convert-source-map@2.0.0 OK for: @babel/core@7.29.7 want: ^2.0.0
2341 silly placeDep ROOT gensync@1.0.0-beta.2 OK for: @babel/core@7.29.7 want: ^1.0.0-beta.2
2342 silly placeDep ROOT json5@2.2.3 OK for: @babel/core@7.29.7 want: ^2.2.3
2343 silly fetch manifest js-tokens@^4.0.0
2344 silly packumentCache full:https://registry.npmjs.org/js-tokens cache-miss
2345 silly fetch manifest @babel/helper-validator-identifier@^7.29.7
2346 silly packumentCache full:https://registry.npmjs.org/@babel%2fhelper-validator-identifier cache-miss
2347 silly fetch manifest jsesc@^3.0.2
2348 silly packumentCache full:https://registry.npmjs.org/jsesc cache-miss
2349 silly fetch manifest lru-cache@^5.1.1
2350 silly packumentCache full:https://registry.npmjs.org/lru-cache cache-miss
2351 silly fetch manifest browserslist@^4.24.0
2352 silly packumentCache full:https://registry.npmjs.org/browserslist cache-miss
2353 silly fetch manifest @babel/compat-data@^7.29.7
2354 silly packumentCache full:https://registry.npmjs.org/@babel%2fcompat-data cache-miss
2355 silly fetch manifest @babel/helper-validator-option@^7.29.7
2356 silly packumentCache full:https://registry.npmjs.org/@babel%2fhelper-validator-option cache-miss
2357 http fetch GET 200 https://registry.npmjs.org/js-tokens 53ms (cache miss)
2358 silly packumentCache full:https://registry.npmjs.org/js-tokens set size:undefined disposed:false
2359 silly fetch manifest @babel/helper-module-imports@^7.29.7
2360 silly packumentCache full:https://registry.npmjs.org/@babel%2fhelper-module-imports cache-miss
2361 http fetch GET 200 https://registry.npmjs.org/jsesc 82ms (cache miss)
2362 silly packumentCache full:https://registry.npmjs.org/jsesc set size:undefined disposed:false
2363 silly fetch manifest @babel/helper-validator-identifier@^7.29.7
2364 silly packumentCache full:https://registry.npmjs.org/@babel%2fhelper-validator-identifier cache-miss
2365 http fetch GET 200 https://registry.npmjs.org/@babel%2fhelper-validator-identifier 88ms (cache miss)
2366 silly packumentCache full:https://registry.npmjs.org/@babel%2fhelper-validator-identifier set size:undefined disposed:false
2367 silly fetch manifest @babel/helper-globals@^7.29.7
2368 silly packumentCache full:https://registry.npmjs.org/@babel%2fhelper-globals cache-miss
2369 http fetch GET 200 https://registry.npmjs.org/@babel%2fhelper-validator-option 108ms (cache miss)
2370 silly packumentCache full:https://registry.npmjs.org/@babel%2fhelper-validator-option set size:undefined disposed:false
2371 silly fetch manifest @babel/helper-string-parser@^7.29.7
2372 silly packumentCache full:https://registry.npmjs.org/@babel%2fhelper-string-parser cache-miss
2373 http fetch GET 200 https://registry.npmjs.org/@babel%2fhelper-globals 62ms (cache miss)
2374 silly packumentCache full:https://registry.npmjs.org/@babel%2fhelper-globals set size:undefined disposed:false
2375 http fetch GET 200 https://registry.npmjs.org/lru-cache 166ms (cache miss)
2376 silly packumentCache full:https://registry.npmjs.org/lru-cache set size:undefined disposed:false
2377 http fetch GET 200 https://registry.npmjs.org/@babel%2fhelper-module-imports 127ms (cache miss)
2378 silly packumentCache full:https://registry.npmjs.org/@babel%2fhelper-module-imports set size:undefined disposed:false
2379 http fetch GET 200 https://registry.npmjs.org/browserslist 200ms (cache miss)
2380 silly packumentCache full:https://registry.npmjs.org/browserslist set size:undefined disposed:false
2381 http fetch GET 200 https://registry.npmjs.org/@babel%2fhelper-string-parser 101ms (cache miss)
2382 silly packumentCache full:https://registry.npmjs.org/@babel%2fhelper-string-parser set size:undefined disposed:false
2383 http fetch GET 200 https://registry.npmjs.org/@babel%2fhelper-validator-identifier 131ms (cache miss)
2384 silly packumentCache full:https://registry.npmjs.org/@babel%2fhelper-validator-identifier set size:undefined disposed:false
2385 http fetch GET 200 https://registry.npmjs.org/@babel%2fcompat-data 272ms (cache miss)
2386 silly packumentCache full:https://registry.npmjs.org/@babel%2fcompat-data set size:undefined disposed:false
2387 silly placeDep ROOT @babel/helper-validator-identifier@7.29.7 OK for: @babel/code-frame@7.29.7 want: ^7.29.7
2388 silly placeDep ROOT js-tokens@4.0.0 OK for: @babel/code-frame@7.29.7 want: ^4.0.0
2389 silly placeDep ROOT picocolors@1.1.1 OK for: @babel/code-frame@7.29.7 want: ^1.1.1
2390 silly placeDep ROOT jsesc@3.1.0 OK for: @babel/generator@7.29.7 want: ^3.0.2
2391 silly placeDep ROOT @babel/compat-data@7.29.7 OK for: @babel/helper-compilation-targets@7.29.7 want: ^7.29.7
2392 silly placeDep ROOT @babel/helper-validator-option@7.29.7 OK for: @babel/helper-compilation-targets@7.29.7 want: ^7.29.7
2393 silly placeDep ROOT browserslist@4.28.2 OK for: @babel/helper-compilation-targets@7.29.7 want: ^4.24.0
2394 silly placeDep ROOT lru-cache@5.1.1 OK for: @babel/helper-compilation-targets@7.29.7 want: ^5.1.1
2395 silly fetch manifest baseline-browser-mapping@^2.10.12
2396 silly packumentCache full:https://registry.npmjs.org/baseline-browser-mapping cache-miss
2397 silly fetch manifest caniuse-lite@^1.0.30001782
2398 silly packumentCache full:https://registry.npmjs.org/caniuse-lite cache-miss
2399 silly fetch manifest electron-to-chromium@^1.5.328
2400 silly packumentCache full:https://registry.npmjs.org/electron-to-chromium cache-miss
2401 silly fetch manifest node-releases@^2.0.36
2402 silly packumentCache full:https://registry.npmjs.org/node-releases cache-miss
2403 silly fetch manifest update-browserslist-db@^1.2.3
2404 silly packumentCache full:https://registry.npmjs.org/update-browserslist-db cache-miss
2405 silly fetch manifest yallist@^3.0.2
2406 silly packumentCache full:https://registry.npmjs.org/yallist cache-miss
2407 http cache https://registry.npmjs.org/baseline-browser-mapping 13ms (cache hit)
2408 silly packumentCache full:https://registry.npmjs.org/baseline-browser-mapping set size:514039 disposed:false
2409 http cache https://registry.npmjs.org/caniuse-lite 18ms (cache hit)
2410 silly packumentCache full:https://registry.npmjs.org/caniuse-lite set size:2297040 disposed:false
2411 http fetch GET 200 https://registry.npmjs.org/update-browserslist-db 59ms (cache miss)
2412 silly packumentCache full:https://registry.npmjs.org/update-browserslist-db set size:undefined disposed:false
2413 http fetch GET 200 https://registry.npmjs.org/yallist 63ms (cache miss)
2414 silly packumentCache full:https://registry.npmjs.org/yallist set size:undefined disposed:false
2415 http fetch GET 200 https://registry.npmjs.org/node-releases 137ms (cache miss)
2416 silly packumentCache full:https://registry.npmjs.org/node-releases set size:undefined disposed:false
2417 http fetch GET 200 https://registry.npmjs.org/electron-to-chromium 417ms (cache miss)
2418 silly packumentCache full:https://registry.npmjs.org/electron-to-chromium set size:undefined disposed:false
2419 silly placeDep ROOT @babel/helper-module-imports@7.29.7 OK for: @babel/helper-module-transforms@7.29.7 want: ^7.29.7
2420 silly placeDep ROOT @babel/helper-globals@7.29.7 OK for: @babel/traverse@7.29.7 want: ^7.29.7
2421 silly placeDep ROOT @babel/helper-string-parser@7.29.7 OK for: @babel/types@7.29.7 want: ^7.29.7
2422 silly fetch manifest browserslist@>= 4.21.0
2423 silly packumentCache full:https://registry.npmjs.org/browserslist cache-miss
2424 http cache https://registry.npmjs.org/browserslist 15ms (cache hit)
2425 silly packumentCache full:https://registry.npmjs.org/browserslist set size:504681 disposed:false
2426 silly placeDep ROOT baseline-browser-mapping@2.10.38 OK for: browserslist@4.28.2 want: ^2.10.12
2427 silly placeDep ROOT caniuse-lite@1.0.30001799 OK for: browserslist@4.28.2 want: ^1.0.30001782
2428 silly placeDep ROOT electron-to-chromium@1.5.375 OK for: browserslist@4.28.2 want: ^1.5.328
2429 silly placeDep ROOT node-releases@2.0.48 OK for: browserslist@4.28.2 want: ^2.0.36
2430 silly placeDep ROOT update-browserslist-db@1.2.3 OK for: browserslist@4.28.2 want: ^1.2.3
2431 silly fetch manifest escalade@^3.2.0
2432 silly packumentCache full:https://registry.npmjs.org/escalade cache-miss
2433 http fetch GET 200 https://registry.npmjs.org/escalade 82ms (cache miss)
2434 silly packumentCache full:https://registry.npmjs.org/escalade set size:undefined disposed:false
2435 silly placeDep ROOT esrecurse@4.3.0 OK for: eslint-scope@8.4.0 want: ^4.3.0
2436 silly placeDep ROOT acorn@8.17.0 OK for: espree@10.4.0 want: ^8.15.0
2437 silly placeDep ROOT acorn-jsx@5.3.2 OK for: espree@10.4.0 want: ^5.3.2
2438 silly placeDep ROOT @nodelib/fs.stat@2.0.5 OK for: fast-glob@3.3.1 want: ^2.0.2
2439 silly placeDep ROOT @nodelib/fs.walk@1.2.8 OK for: fast-glob@3.3.1 want: ^1.2.3
2440 silly placeDep node_modules/fast-glob glob-parent@5.1.2 OK for: fast-glob@3.3.1 want: ^5.1.2
2441 silly placeDep ROOT merge2@1.4.1 OK for: fast-glob@3.3.1 want: ^1.3.0
2442 silly placeDep ROOT micromatch@4.0.8 OK for: fast-glob@3.3.1 want: ^4.0.4
2443 silly fetch manifest fastq@^1.6.0
2444 silly packumentCache full:https://registry.npmjs.org/fastq cache-miss
2445 silly fetch manifest @nodelib/fs.scandir@2.1.5
2446 silly packumentCache full:https://registry.npmjs.org/@nodelib%2ffs.scandir cache-miss
2447 silly fetch manifest braces@^3.0.3
2448 silly packumentCache full:https://registry.npmjs.org/braces cache-miss
2449 silly fetch manifest picomatch@^2.3.1
2450 silly packumentCache full:https://registry.npmjs.org/picomatch cache-miss
2451 http cache https://registry.npmjs.org/picomatch 8ms (cache hit)
2452 silly packumentCache full:https://registry.npmjs.org/picomatch set size:126376 disposed:false
2453 http fetch GET 200 https://registry.npmjs.org/fastq 59ms (cache miss)
2454 silly packumentCache full:https://registry.npmjs.org/fastq set size:undefined disposed:false
2455 http fetch GET 200 https://registry.npmjs.org/braces 74ms (cache miss)
2456 silly packumentCache full:https://registry.npmjs.org/braces set size:undefined disposed:false
2457 http fetch GET 200 https://registry.npmjs.org/@nodelib%2ffs.scandir 92ms (cache miss)
2458 silly packumentCache full:https://registry.npmjs.org/@nodelib%2ffs.scandir set size:undefined disposed:false
2459 silly placeDep ROOT @nodelib/fs.scandir@2.1.5 OK for: @nodelib/fs.walk@1.2.8 want: 2.1.5
2460 silly placeDep ROOT fastq@1.20.1 OK for: @nodelib/fs.walk@1.2.8 want: ^1.6.0
2461 silly fetch manifest run-parallel@^1.1.9
2462 silly packumentCache full:https://registry.npmjs.org/run-parallel cache-miss
2463 silly fetch manifest reusify@^1.0.4
2464 silly packumentCache full:https://registry.npmjs.org/reusify cache-miss
2465 http fetch GET 200 https://registry.npmjs.org/reusify 51ms (cache miss)
2466 silly packumentCache full:https://registry.npmjs.org/reusify set size:undefined disposed:false
2467 http fetch GET 200 https://registry.npmjs.org/run-parallel 53ms (cache miss)
2468 silly packumentCache full:https://registry.npmjs.org/run-parallel set size:undefined disposed:false
2469 silly placeDep ROOT run-parallel@1.2.0 OK for: @nodelib/fs.scandir@2.1.5 want: ^1.1.9
2470 silly fetch manifest queue-microtask@^1.2.2
2471 silly packumentCache full:https://registry.npmjs.org/queue-microtask cache-miss
2472 http fetch GET 200 https://registry.npmjs.org/queue-microtask 45ms (cache miss)
2473 silly packumentCache full:https://registry.npmjs.org/queue-microtask set size:undefined disposed:false
2474 silly placeDep ROOT reusify@1.1.0 OK for: fastq@1.20.1 want: ^1.0.4
2475 silly placeDep ROOT flat-cache@4.0.1 OK for: file-entry-cache@8.0.0 want: ^4.0.0
2476 silly fetch manifest keyv@^4.5.4
2477 silly packumentCache full:https://registry.npmjs.org/keyv cache-miss
2478 silly fetch manifest flatted@^3.2.9
2479 silly packumentCache full:https://registry.npmjs.org/flatted cache-miss
2480 http fetch GET 200 https://registry.npmjs.org/flatted 54ms (cache miss)
2481 silly packumentCache full:https://registry.npmjs.org/flatted set size:undefined disposed:false
2482 http fetch GET 200 https://registry.npmjs.org/keyv 157ms (cache miss)
2483 silly packumentCache full:https://registry.npmjs.org/keyv set size:undefined disposed:false
2484 silly placeDep ROOT locate-path@6.0.0 OK for: find-up@5.0.0 want: ^6.0.0
2485 silly placeDep ROOT path-exists@4.0.0 OK for: find-up@5.0.0 want: ^4.0.0
2486 silly fetch manifest p-locate@^5.0.0
2487 silly packumentCache full:https://registry.npmjs.org/p-locate cache-miss
2488 http fetch GET 200 https://registry.npmjs.org/p-locate 71ms (cache miss)
2489 silly packumentCache full:https://registry.npmjs.org/p-locate set size:undefined disposed:false
2490 silly placeDep ROOT flatted@3.4.2 OK for: flat-cache@4.0.1 want: ^3.2.9
2491 silly placeDep ROOT keyv@4.5.4 OK for: flat-cache@4.0.1 want: ^4.5.4
2492 silly fetch manifest json-buffer@3.0.1
2493 silly packumentCache full:https://registry.npmjs.org/json-buffer cache-miss
2494 http fetch GET 200 https://registry.npmjs.org/json-buffer 48ms (cache miss)
2495 silly packumentCache full:https://registry.npmjs.org/json-buffer set size:undefined disposed:false
2496 silly placeDep ROOT functions-have-names@1.2.3 OK for: function.prototype.name@1.2.0 want: ^1.2.3
2497 silly placeDep ROOT is-document.all@1.0.0 OK for: function.prototype.name@1.2.0 want: ^1.0.0
2498 silly placeDep ROOT dunder-proto@1.0.1 OK for: get-proto@1.0.1 want: ^1.0.1
2499 silly placeDep ROOT resolve-pkg-maps@1.0.0 OK for: get-tsconfig@4.14.0 want: ^1.0.0
2500 silly placeDep ROOT hermes-estree@0.25.1 OK for: hermes-parser@0.25.1 want: 0.25.1
2501 silly placeDep ROOT domelementtype@2.3.0 OK for: htmlparser2@10.1.0 want: ^2.3.0
2502 silly placeDep ROOT domhandler@5.0.3 OK for: htmlparser2@10.1.0 want: ^5.0.3
2503 silly placeDep ROOT domutils@3.2.2 OK for: htmlparser2@10.1.0 want: ^3.2.2
2504 silly placeDep ROOT entities@7.0.1 OK for: htmlparser2@10.1.0 want: ^7.0.1
2505 silly fetch manifest dom-serializer@^2.0.0
2506 silly packumentCache full:https://registry.npmjs.org/dom-serializer cache-miss
2507 http fetch GET 200 https://registry.npmjs.org/dom-serializer 51ms (cache miss)
2508 silly packumentCache full:https://registry.npmjs.org/dom-serializer set size:undefined disposed:false
2509 silly placeDep ROOT dom-serializer@2.0.0 OK for: domutils@3.2.2 want: ^2.0.0
2510 silly fetch manifest entities@^4.2.0
2511 silly packumentCache full:https://registry.npmjs.org/entities cache-miss
2512 http cache https://registry.npmjs.org/entities 6ms (cache hit)
2513 silly packumentCache full:https://registry.npmjs.org/entities set size:101550 disposed:false
2514 silly placeDep node_modules/dom-serializer entities@4.5.0 OK for: dom-serializer@2.0.0 want: ^4.2.0
2515 silly placeDep ROOT parent-module@1.0.1 OK for: import-fresh@3.3.1 want: ^1.0.0
2516 silly placeDep ROOT resolve-from@4.0.0 OK for: import-fresh@3.3.1 want: ^4.0.0
2517 silly fetch manifest callsites@^3.0.0
2518 silly packumentCache full:https://registry.npmjs.org/callsites cache-miss
2519 http fetch GET 200 https://registry.npmjs.org/callsites 101ms (cache miss)
2520 silly packumentCache full:https://registry.npmjs.org/callsites set size:undefined disposed:false
2521 silly placeDep ROOT side-channel@1.1.1 OK for: internal-slot@1.1.0 want: ^1.1.0
2522 silly fetch manifest side-channel-list@^1.0.1
2523 silly packumentCache full:https://registry.npmjs.org/side-channel-list cache-miss
2524 silly fetch manifest side-channel-map@^1.0.1
2525 silly packumentCache full:https://registry.npmjs.org/side-channel-map cache-miss
2526 silly fetch manifest side-channel-weakmap@^1.0.2
2527 silly packumentCache full:https://registry.npmjs.org/side-channel-weakmap cache-miss
2528 http fetch GET 200 https://registry.npmjs.org/side-channel-list 42ms (cache miss)
2529 silly packumentCache full:https://registry.npmjs.org/side-channel-list set size:undefined disposed:false
2530 http fetch GET 200 https://registry.npmjs.org/side-channel-weakmap 42ms (cache miss)
2531 silly packumentCache full:https://registry.npmjs.org/side-channel-weakmap set size:undefined disposed:false
2532 http fetch GET 200 https://registry.npmjs.org/side-channel-map 51ms (cache miss)
2533 silly packumentCache full:https://registry.npmjs.org/side-channel-map set size:undefined disposed:false
2534 silly placeDep node_modules/is-bun-module semver@7.8.4 OK for: is-bun-module@2.0.0 want: ^7.7.1
2535 silly placeDep ROOT is-extglob@2.1.1 OK for: is-glob@4.0.3 want: ^2.1.1
2536 silly placeDep ROOT set-function-name@2.0.2 OK for: iterator.prototype@1.1.5 want: ^2.0.2
2537 silly placeDep ROOT argparse@2.0.1 OK for: js-yaml@4.2.0 want: ^2.0.1
2538 silly placeDep ROOT json-buffer@3.0.1 OK for: keyv@4.5.4 want: 3.0.1
2539 silly placeDep ROOT language-subtag-registry@0.3.23 OK for: language-tags@1.0.9 want: ^0.3.20
2540 silly placeDep ROOT prelude-ls@1.2.1 OK for: levn@0.4.1 want: ^1.2.1
2541 silly placeDep ROOT type-check@0.4.0 OK for: levn@0.4.1 want: ~0.4.0
2542 silly placeDep ROOT detect-libc@2.1.2 OK for: lightningcss@1.32.0 want: ^2.0.3
2543 silly placeDep ROOT lightningcss-android-arm64@1.32.0 OK for: lightningcss@1.32.0 want: 1.32.0
2544 silly placeDep ROOT lightningcss-darwin-arm64@1.32.0 OK for: lightningcss@1.32.0 want: 1.32.0
2545 silly placeDep ROOT lightningcss-darwin-x64@1.32.0 OK for: lightningcss@1.32.0 want: 1.32.0
2546 silly placeDep ROOT lightningcss-freebsd-x64@1.32.0 OK for: lightningcss@1.32.0 want: 1.32.0
2547 silly placeDep ROOT lightningcss-linux-arm-gnueabihf@1.32.0 OK for: lightningcss@1.32.0 want: 1.32.0
2548 silly placeDep ROOT lightningcss-linux-arm64-gnu@1.32.0 OK for: lightningcss@1.32.0 want: 1.32.0
2549 silly placeDep ROOT lightningcss-linux-arm64-musl@1.32.0 OK for: lightningcss@1.32.0 want: 1.32.0
2550 silly placeDep ROOT lightningcss-linux-x64-gnu@1.32.0 OK for: lightningcss@1.32.0 want: 1.32.0
2551 silly placeDep ROOT lightningcss-linux-x64-musl@1.32.0 OK for: lightningcss@1.32.0 want: 1.32.0
2552 silly placeDep ROOT lightningcss-win32-arm64-msvc@1.32.0 OK for: lightningcss@1.32.0 want: 1.32.0
2553 silly placeDep ROOT lightningcss-win32-x64-msvc@1.32.0 OK for: lightningcss@1.32.0 want: 1.32.0
2554 silly placeDep ROOT p-locate@5.0.0 OK for: locate-path@6.0.0 want: ^5.0.0
2555 silly fetch manifest p-limit@^3.0.2
2556 silly packumentCache full:https://registry.npmjs.org/p-limit cache-miss
2557 http fetch GET 200 https://registry.npmjs.org/p-limit 77ms (cache miss)
2558 silly packumentCache full:https://registry.npmjs.org/p-limit set size:undefined disposed:false
2559 silly placeDep ROOT yallist@3.1.1 OK for: lru-cache@5.1.1 want: ^3.0.2
2560 silly placeDep ROOT braces@3.0.3 OK for: micromatch@4.0.8 want: ^3.0.3
2561 silly placeDep ROOT picomatch@2.3.2 OK for: micromatch@4.0.8 want: ^2.3.1
2562 silly fetch manifest fill-range@^7.1.1
2563 silly packumentCache full:https://registry.npmjs.org/fill-range cache-miss
2564 http fetch GET 200 https://registry.npmjs.org/fill-range 75ms (cache miss)
2565 silly packumentCache full:https://registry.npmjs.org/fill-range set size:undefined disposed:false
2566 silly placeDep ROOT fill-range@7.1.1 OK for: braces@3.0.3 want: ^7.1.1
2567 silly fetch manifest to-regex-range@^5.0.1
2568 silly packumentCache full:https://registry.npmjs.org/to-regex-range cache-miss
2569 http fetch GET 200 https://registry.npmjs.org/to-regex-range 52ms (cache miss)
2570 silly packumentCache full:https://registry.npmjs.org/to-regex-range set size:undefined disposed:false
2571 silly placeDep ROOT to-regex-range@5.0.1 OK for: fill-range@7.1.1 want: ^5.0.1
2572 silly fetch manifest is-number@^7.0.0
2573 silly packumentCache full:https://registry.npmjs.org/is-number cache-miss
2574 http fetch GET 200 https://registry.npmjs.org/is-number 47ms (cache miss)
2575 silly packumentCache full:https://registry.npmjs.org/is-number set size:undefined disposed:false
2576 silly placeDep ROOT brace-expansion@1.1.15 OK for: minimatch@3.1.5 want: ^1.1.7
2577 silly fetch manifest balanced-match@^1.0.0
2578 silly packumentCache full:https://registry.npmjs.org/balanced-match cache-miss
2579 silly fetch manifest concat-map@0.0.1
2580 silly packumentCache full:https://registry.npmjs.org/concat-map cache-miss
2581 http fetch GET 200 https://registry.npmjs.org/concat-map 47ms (cache miss)
2582 silly packumentCache full:https://registry.npmjs.org/concat-map set size:undefined disposed:false
2583 http fetch GET 200 https://registry.npmjs.org/balanced-match 49ms (cache miss)
2584 silly packumentCache full:https://registry.npmjs.org/balanced-match set size:undefined disposed:false
2585 silly placeDep ROOT balanced-match@1.0.2 OK for: brace-expansion@1.1.15 want: ^1.0.0
2586 silly placeDep ROOT concat-map@0.0.1 OK for: brace-expansion@1.1.15 want: 0.0.1
2587 silly fetch manifest react@^18.2.0 || 19.0.0-rc-de68d2f4-20241204 || ^19.0.0
2588 silly packumentCache full:https://registry.npmjs.org/react cache-miss
2589 http cache https://registry.npmjs.org/react 19ms (cache hit)
2590 silly packumentCache full:https://registry.npmjs.org/react set size:6720097 disposed:false
2591 silly placeDep ROOT @next/env@16.2.9 OK for: next@16.2.9 want: 16.2.9
2592 silly placeDep ROOT @next/swc-darwin-arm64@16.2.9 OK for: next@16.2.9 want: 16.2.9
2593 silly placeDep ROOT @next/swc-darwin-x64@16.2.9 OK for: next@16.2.9 want: 16.2.9
2594 silly placeDep ROOT @next/swc-linux-arm64-gnu@16.2.9 OK for: next@16.2.9 want: 16.2.9
2595 silly placeDep ROOT @next/swc-linux-arm64-musl@16.2.9 OK for: next@16.2.9 want: 16.2.9
2596 silly placeDep ROOT @next/swc-linux-x64-gnu@16.2.9 OK for: next@16.2.9 want: 16.2.9
2597 silly placeDep ROOT @next/swc-linux-x64-musl@16.2.9 OK for: next@16.2.9 want: 16.2.9
2598 silly placeDep ROOT @next/swc-win32-arm64-msvc@16.2.9 OK for: next@16.2.9 want: 16.2.9
2599 silly placeDep ROOT @next/swc-win32-x64-msvc@16.2.9 OK for: next@16.2.9 want: 16.2.9
2600 silly placeDep ROOT @swc/helpers@0.5.15 OK for: next@16.2.9 want: 0.5.15
2601 silly placeDep node_modules/next postcss@8.4.31 OK for: next@16.2.9 want: 8.4.31
2602 silly placeDep ROOT sharp@0.34.5 OK for: next@16.2.9 want: ^0.34.5
2603 silly placeDep ROOT styled-jsx@5.1.6 OK for: next@16.2.9 want: 5.1.6
2604 silly fetch manifest nanoid@^3.3.6
2605 silly packumentCache full:https://registry.npmjs.org/nanoid cache-miss
2606 silly fetch manifest semver@^7.7.3
2607 silly packumentCache full:https://registry.npmjs.org/semver cache-hit
2608 silly fetch manifest @img/colour@^1.0.0
2609 silly packumentCache full:https://registry.npmjs.org/@img%2fcolour cache-miss
2610 silly fetch manifest @img/sharp-wasm32@0.34.5
2611 silly packumentCache full:https://registry.npmjs.org/@img%2fsharp-wasm32 cache-miss
2612 silly fetch manifest @img/sharp-linux-arm@0.34.5
2613 silly packumentCache full:https://registry.npmjs.org/@img%2fsharp-linux-arm cache-miss
2614 silly fetch manifest @img/sharp-linux-x64@0.34.5
2615 silly packumentCache full:https://registry.npmjs.org/@img%2fsharp-linux-x64 cache-miss
2616 silly fetch manifest @img/sharp-win32-x64@0.34.5
2617 silly packumentCache full:https://registry.npmjs.org/@img%2fsharp-win32-x64 cache-miss
2618 silly fetch manifest @img/sharp-darwin-x64@0.34.5
2619 silly packumentCache full:https://registry.npmjs.org/@img%2fsharp-darwin-x64 cache-miss
2620 http cache https://registry.npmjs.org/nanoid 14ms (cache hit)
2621 silly packumentCache full:https://registry.npmjs.org/nanoid set size:320171 disposed:false
2622 silly fetch manifest @img/sharp-win32-ia32@0.34.5
2623 silly packumentCache full:https://registry.npmjs.org/@img%2fsharp-win32-ia32 cache-miss
2624 http fetch GET 200 https://registry.npmjs.org/@img%2fcolour 71ms (cache miss)
2625 silly packumentCache full:https://registry.npmjs.org/@img%2fcolour set size:undefined disposed:false
2626 silly fetch manifest @img/sharp-linux-arm64@0.34.5
2627 silly packumentCache full:https://registry.npmjs.org/@img%2fsharp-linux-arm64 cache-miss
2628 http fetch GET 200 https://registry.npmjs.org/@img%2fsharp-wasm32 82ms (cache miss)
2629 silly packumentCache full:https://registry.npmjs.org/@img%2fsharp-wasm32 set size:undefined disposed:false
2630 silly fetch manifest @img/sharp-linux-ppc64@0.34.5
2631 silly packumentCache full:https://registry.npmjs.org/@img%2fsharp-linux-ppc64 cache-miss
2632 http fetch GET 200 https://registry.npmjs.org/@img%2fsharp-linux-arm 104ms (cache miss)
2633 silly packumentCache full:https://registry.npmjs.org/@img%2fsharp-linux-arm set size:undefined disposed:false
2634 silly fetch manifest @img/sharp-linux-s390x@0.34.5
2635 silly packumentCache full:https://registry.npmjs.org/@img%2fsharp-linux-s390x cache-miss
2636 http fetch GET 200 https://registry.npmjs.org/@img%2fsharp-darwin-x64 105ms (cache miss)
2637 silly packumentCache full:https://registry.npmjs.org/@img%2fsharp-darwin-x64 set size:undefined disposed:false
2638 silly fetch manifest @img/sharp-win32-arm64@0.34.5
2639 silly packumentCache full:https://registry.npmjs.org/@img%2fsharp-win32-arm64 cache-miss
2640 http fetch GET 200 https://registry.npmjs.org/@img%2fsharp-win32-x64 108ms (cache miss)
2641 silly packumentCache full:https://registry.npmjs.org/@img%2fsharp-win32-x64 set size:undefined disposed:false
2642 silly fetch manifest @img/sharp-darwin-arm64@0.34.5
2643 silly packumentCache full:https://registry.npmjs.org/@img%2fsharp-darwin-arm64 cache-miss
2644 http fetch GET 200 https://registry.npmjs.org/@img%2fsharp-win32-ia32 102ms (cache miss)
2645 silly packumentCache full:https://registry.npmjs.org/@img%2fsharp-win32-ia32 set size:undefined disposed:false
2646 silly fetch manifest @img/sharp-linux-riscv64@0.34.5
2647 silly packumentCache full:https://registry.npmjs.org/@img%2fsharp-linux-riscv64 cache-miss
2648 http fetch GET 200 https://registry.npmjs.org/@img%2fsharp-darwin-arm64 78ms (cache miss)
2649 silly packumentCache full:https://registry.npmjs.org/@img%2fsharp-darwin-arm64 set size:undefined disposed:false
2650 silly fetch manifest @img/sharp-linuxmusl-x64@0.34.5
2651 silly packumentCache full:https://registry.npmjs.org/@img%2fsharp-linuxmusl-x64 cache-miss
2652 http fetch GET 200 https://registry.npmjs.org/@img%2fsharp-linux-s390x 103ms (cache miss)
2653 silly packumentCache full:https://registry.npmjs.org/@img%2fsharp-linux-s390x set size:undefined disposed:false
2654 silly fetch manifest @img/sharp-linuxmusl-arm64@0.34.5
2655 silly packumentCache full:https://registry.npmjs.org/@img%2fsharp-linuxmusl-arm64 cache-miss
2656 http fetch GET 200 https://registry.npmjs.org/@img%2fsharp-win32-arm64 123ms (cache miss)
2657 silly packumentCache full:https://registry.npmjs.org/@img%2fsharp-win32-arm64 set size:undefined disposed:false
2658 silly fetch manifest @img/sharp-libvips-linux-arm@1.2.4
2659 silly packumentCache full:https://registry.npmjs.org/@img%2fsharp-libvips-linux-arm cache-miss
2660 http fetch GET 200 https://registry.npmjs.org/@img%2fsharp-linux-x64 262ms (cache miss)
2661 silly packumentCache full:https://registry.npmjs.org/@img%2fsharp-linux-x64 set size:undefined disposed:false
2662 silly fetch manifest @img/sharp-libvips-linux-x64@1.2.4
2663 silly packumentCache full:https://registry.npmjs.org/@img%2fsharp-libvips-linux-x64 cache-miss
2664 http fetch GET 200 https://registry.npmjs.org/@img%2fsharp-linuxmusl-x64 134ms (cache miss)
2665 silly packumentCache full:https://registry.npmjs.org/@img%2fsharp-linuxmusl-x64 set size:undefined disposed:false
2666 silly fetch manifest @img/sharp-libvips-darwin-x64@1.2.4
2667 silly packumentCache full:https://registry.npmjs.org/@img%2fsharp-libvips-darwin-x64 cache-miss
2668 http fetch GET 200 https://registry.npmjs.org/@img%2fsharp-linuxmusl-arm64 118ms (cache miss)
2669 silly packumentCache full:https://registry.npmjs.org/@img%2fsharp-linuxmusl-arm64 set size:undefined disposed:false
2670 silly fetch manifest @img/sharp-libvips-linux-arm64@1.2.4
2671 silly packumentCache full:https://registry.npmjs.org/@img%2fsharp-libvips-linux-arm64 cache-miss
2672 http fetch GET 200 https://registry.npmjs.org/@img%2fsharp-linux-arm64 259ms (cache miss)
2673 silly packumentCache full:https://registry.npmjs.org/@img%2fsharp-linux-arm64 set size:undefined disposed:false
2674 silly fetch manifest @img/sharp-libvips-linux-ppc64@1.2.4
2675 silly packumentCache full:https://registry.npmjs.org/@img%2fsharp-libvips-linux-ppc64 cache-miss
2676 http fetch GET 200 https://registry.npmjs.org/@img%2fsharp-libvips-linux-arm 106ms (cache miss)
2677 silly packumentCache full:https://registry.npmjs.org/@img%2fsharp-libvips-linux-arm set size:undefined disposed:false
2678 silly fetch manifest @img/sharp-libvips-linux-s390x@1.2.4
2679 silly packumentCache full:https://registry.npmjs.org/@img%2fsharp-libvips-linux-s390x cache-miss
2680 http fetch GET 200 https://registry.npmjs.org/@img%2fsharp-libvips-linux-x64 102ms (cache miss)
2681 silly packumentCache full:https://registry.npmjs.org/@img%2fsharp-libvips-linux-x64 set size:undefined disposed:false
2682 silly fetch manifest @img/sharp-libvips-darwin-arm64@1.2.4
2683 silly packumentCache full:https://registry.npmjs.org/@img%2fsharp-libvips-darwin-arm64 cache-miss
2684 http fetch GET 200 https://registry.npmjs.org/@img%2fsharp-linux-ppc64 285ms (cache miss)
2685 silly packumentCache full:https://registry.npmjs.org/@img%2fsharp-linux-ppc64 set size:undefined disposed:false
2686 silly fetch manifest @img/sharp-libvips-linux-riscv64@1.2.4
2687 silly packumentCache full:https://registry.npmjs.org/@img%2fsharp-libvips-linux-riscv64 cache-miss
2688 http fetch GET 200 https://registry.npmjs.org/@img%2fsharp-libvips-linux-ppc64 72ms (cache miss)
2689 silly packumentCache full:https://registry.npmjs.org/@img%2fsharp-libvips-linux-ppc64 set size:undefined disposed:false
2690 silly fetch manifest @img/sharp-libvips-linuxmusl-x64@1.2.4
2691 silly packumentCache full:https://registry.npmjs.org/@img%2fsharp-libvips-linuxmusl-x64 cache-miss
2692 http fetch GET 200 https://registry.npmjs.org/@img%2fsharp-libvips-linux-arm64 97ms (cache miss)
2693 silly packumentCache full:https://registry.npmjs.org/@img%2fsharp-libvips-linux-arm64 set size:undefined disposed:false
2694 silly fetch manifest @img/sharp-libvips-linuxmusl-arm64@1.2.4
2695 silly packumentCache full:https://registry.npmjs.org/@img%2fsharp-libvips-linuxmusl-arm64 cache-miss
2696 http fetch GET 200 https://registry.npmjs.org/@img%2fsharp-libvips-darwin-x64 102ms (cache miss)
2697 silly packumentCache full:https://registry.npmjs.org/@img%2fsharp-libvips-darwin-x64 set size:undefined disposed:false
2698 silly fetch manifest client-only@0.0.1
2699 silly packumentCache full:https://registry.npmjs.org/client-only cache-miss
2700 http fetch GET 200 https://registry.npmjs.org/@img%2fsharp-libvips-linux-riscv64 71ms (cache miss)
2701 silly packumentCache full:https://registry.npmjs.org/@img%2fsharp-libvips-linux-riscv64 set size:undefined disposed:false
2702 http fetch GET 200 https://registry.npmjs.org/@img%2fsharp-libvips-linux-s390x 102ms (cache miss)
2703 silly packumentCache full:https://registry.npmjs.org/@img%2fsharp-libvips-linux-s390x set size:undefined disposed:false
2704 http fetch GET 200 https://registry.npmjs.org/@img%2fsharp-libvips-darwin-arm64 99ms (cache miss)
2705 silly packumentCache full:https://registry.npmjs.org/@img%2fsharp-libvips-darwin-arm64 set size:undefined disposed:false
2706 http fetch GET 200 https://registry.npmjs.org/@img%2fsharp-linux-riscv64 423ms (cache miss)
2707 silly packumentCache full:https://registry.npmjs.org/@img%2fsharp-linux-riscv64 set size:undefined disposed:false
2708 http fetch GET 200 https://registry.npmjs.org/client-only 182ms (cache miss)
2709 silly packumentCache full:https://registry.npmjs.org/client-only set size:undefined disposed:false
2710 http fetch GET 200 https://registry.npmjs.org/@img%2fsharp-libvips-linuxmusl-x64 227ms (cache miss)
2711 silly packumentCache full:https://registry.npmjs.org/@img%2fsharp-libvips-linuxmusl-x64 set size:undefined disposed:false
2712 http fetch GET 200 https://registry.npmjs.org/@img%2fsharp-libvips-linuxmusl-arm64 230ms (cache miss)
2713 silly packumentCache full:https://registry.npmjs.org/@img%2fsharp-libvips-linuxmusl-arm64 set size:undefined disposed:false
2714 silly placeDep ROOT deep-is@0.1.4 OK for: optionator@0.9.4 want: ^0.1.3
2715 silly placeDep ROOT fast-levenshtein@2.0.6 OK for: optionator@0.9.4 want: ^2.0.6
2716 silly placeDep ROOT word-wrap@1.2.5 OK for: optionator@0.9.4 want: ^1.2.5
2717 silly placeDep ROOT p-limit@3.1.0 OK for: p-locate@5.0.0 want: ^3.0.2
2718 silly fetch manifest yocto-queue@^0.1.0
2719 silly packumentCache full:https://registry.npmjs.org/yocto-queue cache-miss
2720 http fetch GET 200 https://registry.npmjs.org/yocto-queue 54ms (cache miss)
2721 silly packumentCache full:https://registry.npmjs.org/yocto-queue set size:undefined disposed:false
2722 silly placeDep ROOT yocto-queue@0.1.0 OK for: p-limit@3.1.0 want: ^0.1.0
2723 silly placeDep ROOT callsites@3.1.0 OK for: parent-module@1.0.1 want: ^3.0.0
2724 silly placeDep ROOT nanoid@3.3.13 OK for: postcss@8.5.15 want: ^3.3.12
2725 silly placeDep ROOT loose-envify@1.4.0 OK for: prop-types@15.8.1 want: ^1.4.0
2726 silly placeDep ROOT object-assign@4.1.1 OK for: prop-types@15.8.1 want: ^4.1.1
2727 silly placeDep ROOT react-is@16.13.1 OK for: prop-types@15.8.1 want: ^16.13.1
2728 silly placeDep ROOT rope-sequence@1.3.4 OK for: prosemirror-history@1.5.0 want: ^1.3.0
2729 silly placeDep ROOT w3c-keyname@2.2.8 OK for: prosemirror-keymap@1.2.3 want: ^2.2.0
2730 silly placeDep ROOT orderedmap@2.1.1 OK for: prosemirror-model@1.25.9 want: ^2.0.0
2731 silly placeDep ROOT scheduler@0.27.0 OK for: react-dom@19.2.7 want: ^0.27.0
2732 silly placeDep ROOT node-exports-info@1.6.0 OK for: resolve@2.0.0-next.7 want: ^1.6.0
2733 silly placeDep ROOT path-parse@1.0.7 OK for: resolve@2.0.0-next.7 want: ^1.0.7
2734 silly placeDep ROOT supports-preserve-symlinks-flag@1.0.0 OK for: resolve@2.0.0-next.7 want: ^1.0.0
2735 silly placeDep ROOT queue-microtask@1.2.3 OK for: run-parallel@1.2.0 want: ^1.2.2
2736 silly placeDep ROOT isarray@2.0.5 OK for: safe-array-concat@1.1.4 want: ^2.0.5
2737 silly placeDep ROOT deepmerge@4.3.1 OK for: sanitize-html@2.17.5 want: ^4.2.2
2738 silly placeDep ROOT is-plain-object@5.0.0 OK for: sanitize-html@2.17.5 want: ^5.0.0
2739 silly placeDep ROOT launder@1.7.1 OK for: sanitize-html@2.17.5 want: ^1.7.1
2740 silly placeDep ROOT parse-srcset@1.0.2 OK for: sanitize-html@2.17.5 want: ^1.0.2
2741 silly fetch manifest dayjs@^1.11.7
2742 silly packumentCache full:https://registry.npmjs.org/dayjs cache-miss
2743 http fetch GET 200 https://registry.npmjs.org/dayjs 171ms (cache miss)
2744 silly packumentCache full:https://registry.npmjs.org/dayjs set size:undefined disposed:false
2745 silly placeDep ROOT dayjs@1.11.21 OK for: launder@1.7.1 want: ^1.11.7
2746 silly placeDep ROOT @img/colour@1.1.0 OK for: sharp@0.34.5 want: ^1.0.0
2747 silly placeDep ROOT @img/sharp-darwin-arm64@0.34.5 OK for: sharp@0.34.5 want: 0.34.5
2748 silly placeDep ROOT @img/sharp-darwin-x64@0.34.5 OK for: sharp@0.34.5 want: 0.34.5
2749 silly placeDep ROOT @img/sharp-libvips-darwin-arm64@1.2.4 OK for: sharp@0.34.5 want: 1.2.4
2750 silly placeDep ROOT @img/sharp-libvips-darwin-x64@1.2.4 OK for: sharp@0.34.5 want: 1.2.4
2751 silly placeDep ROOT @img/sharp-libvips-linux-arm@1.2.4 OK for: sharp@0.34.5 want: 1.2.4
2752 silly placeDep ROOT @img/sharp-libvips-linux-arm64@1.2.4 OK for: sharp@0.34.5 want: 1.2.4
2753 silly placeDep ROOT @img/sharp-libvips-linux-ppc64@1.2.4 OK for: sharp@0.34.5 want: 1.2.4
2754 silly placeDep ROOT @img/sharp-libvips-linux-riscv64@1.2.4 OK for: sharp@0.34.5 want: 1.2.4
2755 silly placeDep ROOT @img/sharp-libvips-linux-s390x@1.2.4 OK for: sharp@0.34.5 want: 1.2.4
2756 silly placeDep ROOT @img/sharp-libvips-linux-x64@1.2.4 OK for: sharp@0.34.5 want: 1.2.4
2757 silly placeDep ROOT @img/sharp-libvips-linuxmusl-arm64@1.2.4 OK for: sharp@0.34.5 want: 1.2.4
2758 silly placeDep ROOT @img/sharp-libvips-linuxmusl-x64@1.2.4 OK for: sharp@0.34.5 want: 1.2.4
2759 silly placeDep ROOT @img/sharp-linux-arm@0.34.5 OK for: sharp@0.34.5 want: 0.34.5
2760 silly placeDep ROOT @img/sharp-linux-arm64@0.34.5 OK for: sharp@0.34.5 want: 0.34.5
2761 silly placeDep ROOT @img/sharp-linux-ppc64@0.34.5 OK for: sharp@0.34.5 want: 0.34.5
2762 silly placeDep ROOT @img/sharp-linux-riscv64@0.34.5 OK for: sharp@0.34.5 want: 0.34.5
2763 silly placeDep ROOT @img/sharp-linux-s390x@0.34.5 OK for: sharp@0.34.5 want: 0.34.5
2764 silly placeDep ROOT @img/sharp-linux-x64@0.34.5 OK for: sharp@0.34.5 want: 0.34.5
2765 silly placeDep ROOT @img/sharp-linuxmusl-arm64@0.34.5 OK for: sharp@0.34.5 want: 0.34.5
2766 silly placeDep ROOT @img/sharp-linuxmusl-x64@0.34.5 OK for: sharp@0.34.5 want: 0.34.5
2767 silly placeDep ROOT @img/sharp-wasm32@0.34.5 OK for: sharp@0.34.5 want: 0.34.5
2768 silly placeDep ROOT @img/sharp-win32-arm64@0.34.5 OK for: sharp@0.34.5 want: 0.34.5
2769 silly placeDep ROOT @img/sharp-win32-ia32@0.34.5 OK for: sharp@0.34.5 want: 0.34.5
2770 silly placeDep ROOT @img/sharp-win32-x64@0.34.5 OK for: sharp@0.34.5 want: 0.34.5
2771 silly placeDep node_modules/sharp semver@7.8.4 OK for: sharp@0.34.5 want: ^7.7.3
2772 silly fetch manifest @emnapi/runtime@^1.7.0
2773 silly packumentCache full:https://registry.npmjs.org/@emnapi%2fruntime cache-miss
2774 http fetch GET 200 https://registry.npmjs.org/@emnapi%2fruntime 85ms (cache miss)
2775 silly packumentCache full:https://registry.npmjs.org/@emnapi%2fruntime set size:undefined disposed:false
2776 silly placeDep ROOT @emnapi/runtime@1.11.1 OK for: @img/sharp-wasm32@0.34.5 want: ^1.7.0
2777 silly placeDep ROOT shebang-regex@3.0.0 OK for: shebang-command@2.0.0 want: ^3.0.0
2778 silly placeDep ROOT side-channel-list@1.0.1 OK for: side-channel@1.1.1 want: ^1.0.1
2779 silly placeDep ROOT side-channel-map@1.0.1 OK for: side-channel@1.1.1 want: ^1.0.1
2780 silly placeDep ROOT side-channel-weakmap@1.0.2 OK for: side-channel@1.1.1 want: ^1.0.2
2781 silly placeDep ROOT client-only@0.0.1 OK for: styled-jsx@5.1.6 want: 0.0.1
2782 silly placeDep ROOT has-flag@4.0.0 OK for: supports-color@7.2.0 want: ^4.0.0
2783 silly placeDep node_modules/tinyglobby fdir@6.5.0 OK for: tinyglobby@0.2.17 want: ^6.5.0
2784 silly placeDep node_modules/tinyglobby picomatch@4.0.4 OK for: fdir@6.5.0 want: ^3 || ^4
2785 silly placeDep ROOT is-number@7.0.0 OK for: to-regex-range@5.0.1 want: ^7.0.0
2786 silly placeDep ROOT @types/json5@0.0.29 OK for: tsconfig-paths@3.15.0 want: ^0.0.29
2787 silly placeDep node_modules/tsconfig-paths json5@1.0.2 OK for: tsconfig-paths@3.15.0 want: ^1.0.2
2788 silly placeDep ROOT minimist@1.2.8 OK for: tsconfig-paths@3.15.0 want: ^1.2.6
2789 silly placeDep ROOT strip-bom@3.0.0 OK for: tsconfig-paths@3.15.0 want: ^3.0.0
2790 silly fetch manifest minimist@^1.2.0
2791 silly packumentCache full:https://registry.npmjs.org/minimist cache-miss
2792 http cache https://registry.npmjs.org/minimist 7ms (cache hit)
2793 silly packumentCache full:https://registry.npmjs.org/minimist set size:77063 disposed:false
2794 silly placeDep ROOT for-each@0.3.5 OK for: typed-array-byte-length@1.0.3 want: ^0.3.3
2795 silly placeDep ROOT reflect.getprototypeof@1.0.10 OK for: typed-array-byte-offset@1.0.4 want: ^1.0.9
2796 silly fetch manifest which-builtin-type@^1.2.1
2797 silly packumentCache full:https://registry.npmjs.org/which-builtin-type cache-miss
2798 http fetch GET 200 https://registry.npmjs.org/which-builtin-type 56ms (cache miss)
2799 silly packumentCache full:https://registry.npmjs.org/which-builtin-type set size:undefined disposed:false
2800 silly placeDep ROOT which-builtin-type@1.2.1 OK for: reflect.getprototypeof@1.0.10 want: ^1.2.1
2801 silly fetch manifest is-async-function@^2.0.0
2802 silly packumentCache full:https://registry.npmjs.org/is-async-function cache-miss
2803 silly fetch manifest is-finalizationregistry@^1.1.0
2804 silly packumentCache full:https://registry.npmjs.org/is-finalizationregistry cache-miss
2805 silly fetch manifest is-generator-function@^1.0.10
2806 silly packumentCache full:https://registry.npmjs.org/is-generator-function cache-miss
2807 silly fetch manifest which-boxed-primitive@^1.1.0
2808 silly packumentCache full:https://registry.npmjs.org/which-boxed-primitive cache-miss
2809 silly fetch manifest which-collection@^1.0.2
2810 silly packumentCache full:https://registry.npmjs.org/which-collection cache-miss
2811 http cache https://registry.npmjs.org/which-boxed-primitive 9ms (cache hit)
2812 silly packumentCache full:https://registry.npmjs.org/which-boxed-primitive set size:19407 disposed:false
2813 http fetch GET 200 https://registry.npmjs.org/is-async-function 52ms (cache miss)
2814 silly packumentCache full:https://registry.npmjs.org/is-async-function set size:undefined disposed:false
2815 http fetch GET 200 https://registry.npmjs.org/which-collection 55ms (cache miss)
2816 silly packumentCache full:https://registry.npmjs.org/which-collection set size:undefined disposed:false
2817 http fetch GET 200 https://registry.npmjs.org/is-finalizationregistry 58ms (cache miss)
2818 silly packumentCache full:https://registry.npmjs.org/is-finalizationregistry set size:undefined disposed:false
2819 http fetch GET 200 https://registry.npmjs.org/is-generator-function 61ms (cache miss)
2820 silly packumentCache full:https://registry.npmjs.org/is-generator-function set size:undefined disposed:false
2821 silly fetch manifest eslint@^8.57.0 || ^9.0.0 || ^10.0.0
2822 silly packumentCache full:https://registry.npmjs.org/eslint cache-miss
2823 http cache https://registry.npmjs.org/eslint 11ms (cache hit)
2824 silly packumentCache full:https://registry.npmjs.org/eslint set size:2011545 disposed:false
2825 silly fetch manifest typescript@>=4.8.4 <6.1.0
2826 silly packumentCache full:https://registry.npmjs.org/typescript cache-miss
2827 http cache https://registry.npmjs.org/typescript 38ms (cache hit)
2828 silly packumentCache full:https://registry.npmjs.org/typescript set size:15410956 disposed:false
2829 silly placeDep ROOT @typescript-eslint/eslint-plugin@8.61.1 OK for: typescript-eslint@8.61.1 want: 8.61.1
2830 silly placeDep ROOT @typescript-eslint/parser@8.61.1 OK for: @typescript-eslint/eslint-plugin@8.61.1 want: ^8.61.1
2831 silly placeDep ROOT @typescript-eslint/typescript-estree@8.61.1 OK for: typescript-eslint@8.61.1 want: 8.61.1
2832 silly placeDep ROOT @typescript-eslint/utils@8.61.1 OK for: typescript-eslint@8.61.1 want: 8.61.1
2833 silly fetch manifest ignore@^7.0.5
2834 silly packumentCache full:https://registry.npmjs.org/ignore cache-miss
2835 silly fetch manifest ts-api-utils@^2.5.0
2836 silly packumentCache full:https://registry.npmjs.org/ts-api-utils cache-miss
2837 silly fetch manifest @typescript-eslint/type-utils@8.61.1
2838 silly packumentCache full:https://registry.npmjs.org/@typescript-eslint%2ftype-utils cache-miss
2839 silly fetch manifest @typescript-eslint/visitor-keys@8.61.1
2840 silly packumentCache full:https://registry.npmjs.org/@typescript-eslint%2fvisitor-keys cache-miss
2841 silly fetch manifest @typescript-eslint/scope-manager@8.61.1
2842 silly packumentCache full:https://registry.npmjs.org/@typescript-eslint%2fscope-manager cache-miss
2843 silly fetch manifest @typescript-eslint/types@8.61.1
2844 silly packumentCache full:https://registry.npmjs.org/@typescript-eslint%2ftypes cache-miss
2845 silly fetch manifest @typescript-eslint/visitor-keys@8.61.1
2846 silly packumentCache full:https://registry.npmjs.org/@typescript-eslint%2fvisitor-keys cache-miss
2847 http cache https://registry.npmjs.org/ignore 21ms (cache hit)
2848 silly packumentCache full:https://registry.npmjs.org/ignore set size:237380 disposed:false
2849 silly fetch manifest @typescript-eslint/scope-manager@8.61.1
2850 silly packumentCache full:https://registry.npmjs.org/@typescript-eslint%2fscope-manager cache-miss
2851 http fetch GET 200 https://registry.npmjs.org/ts-api-utils 85ms (cache miss)
2852 silly packumentCache full:https://registry.npmjs.org/ts-api-utils set size:undefined disposed:false
2853 silly fetch manifest minimatch@^10.2.2
2854 silly packumentCache full:https://registry.npmjs.org/minimatch cache-hit
2855 silly fetch manifest @typescript-eslint/types@8.61.1
2856 silly packumentCache full:https://registry.npmjs.org/@typescript-eslint%2ftypes cache-miss
2857 http fetch GET 200 https://registry.npmjs.org/@typescript-eslint%2fscope-manager 1633ms (cache miss)
2858 silly packumentCache full:https://registry.npmjs.org/@typescript-eslint%2fscope-manager set size:undefined disposed:false
2859 silly fetch manifest @typescript-eslint/visitor-keys@8.61.1
2860 silly packumentCache full:https://registry.npmjs.org/@typescript-eslint%2fvisitor-keys cache-miss
2861 http fetch GET 200 https://registry.npmjs.org/@typescript-eslint%2ftypes 2348ms (cache miss)
2862 silly packumentCache full:https://registry.npmjs.org/@typescript-eslint%2ftypes set size:undefined disposed:false
2863 silly fetch manifest @typescript-eslint/tsconfig-utils@8.61.1
2864 silly packumentCache full:https://registry.npmjs.org/@typescript-eslint%2ftsconfig-utils cache-miss
2865 http fetch GET 200 https://registry.npmjs.org/@typescript-eslint%2ftsconfig-utils 263ms (cache miss)
2866 silly packumentCache full:https://registry.npmjs.org/@typescript-eslint%2ftsconfig-utils set size:undefined disposed:false
2867 silly fetch manifest @typescript-eslint/project-service@8.61.1
2868 silly packumentCache full:https://registry.npmjs.org/@typescript-eslint%2fproject-service cache-miss
2869 http fetch GET 200 https://registry.npmjs.org/@typescript-eslint%2ftype-utils 3091ms (cache miss)
2870 silly packumentCache full:https://registry.npmjs.org/@typescript-eslint%2ftype-utils set size:undefined disposed:false
2871 http fetch GET 200 https://registry.npmjs.org/@typescript-eslint%2fproject-service 478ms (cache miss)
2872 silly packumentCache full:https://registry.npmjs.org/@typescript-eslint%2fproject-service set size:undefined disposed:false
2873 http fetch GET 200 https://registry.npmjs.org/@typescript-eslint%2fvisitor-keys 1615ms (cache miss)
2874 silly packumentCache full:https://registry.npmjs.org/@typescript-eslint%2fvisitor-keys set size:undefined disposed:false
2875 http fetch GET 200 https://registry.npmjs.org/@typescript-eslint%2ftypes 3807ms (cache miss)
2876 silly packumentCache full:https://registry.npmjs.org/@typescript-eslint%2ftypes set size:undefined disposed:false
2877 http fetch GET 200 https://registry.npmjs.org/@typescript-eslint%2fvisitor-keys 3972ms (cache miss)
2878 silly packumentCache full:https://registry.npmjs.org/@typescript-eslint%2fvisitor-keys set size:undefined disposed:false
2879 http fetch GET 200 https://registry.npmjs.org/@typescript-eslint%2fscope-manager 4785ms (cache miss)
2880 silly packumentCache full:https://registry.npmjs.org/@typescript-eslint%2fscope-manager set size:undefined disposed:false
2881 http fetch GET 200 https://registry.npmjs.org/@typescript-eslint%2fvisitor-keys 4944ms (cache miss)
2882 silly packumentCache full:https://registry.npmjs.org/@typescript-eslint%2fvisitor-keys set size:undefined disposed:false
2883 silly placeDep ROOT @typescript-eslint/scope-manager@8.61.1 OK for: @typescript-eslint/eslint-plugin@8.61.1 want: 8.61.1
2884 silly placeDep ROOT @typescript-eslint/type-utils@8.61.1 OK for: @typescript-eslint/eslint-plugin@8.61.1 want: 8.61.1
2885 silly placeDep ROOT @typescript-eslint/visitor-keys@8.61.1 OK for: @typescript-eslint/eslint-plugin@8.61.1 want: 8.61.1
2886 silly placeDep node_modules/@typescript-eslint/eslint-plugin ignore@7.0.5 OK for: @typescript-eslint/eslint-plugin@8.61.1 want: ^7.0.5
2887 silly placeDep ROOT ts-api-utils@2.5.0 OK for: @typescript-eslint/eslint-plugin@8.61.1 want: ^2.5.0
2888 silly fetch manifest eslint-visitor-keys@^5.0.0
2889 silly packumentCache full:https://registry.npmjs.org/eslint-visitor-keys cache-hit
2890 silly placeDep ROOT @typescript-eslint/types@8.61.1 OK for: @typescript-eslint/parser@8.61.1 want: 8.61.1
2891 silly placeDep ROOT @typescript-eslint/project-service@8.61.1 OK for: @typescript-eslint/typescript-estree@8.61.1 want: 8.61.1
2892 silly placeDep ROOT @typescript-eslint/tsconfig-utils@8.61.1 OK for: @typescript-eslint/typescript-estree@8.61.1 want: 8.61.1
2893 silly placeDep node_modules/@typescript-eslint/typescript-estree minimatch@10.2.5 OK for: @typescript-eslint/typescript-estree@8.61.1 want: ^10.2.2
2894 silly placeDep node_modules/@typescript-eslint/typescript-estree semver@7.8.4 OK for: @typescript-eslint/typescript-estree@8.61.1 want: ^7.7.3
2895 silly fetch manifest @typescript-eslint/tsconfig-utils@^8.61.1
2896 silly packumentCache full:https://registry.npmjs.org/@typescript-eslint%2ftsconfig-utils cache-miss
2897 http cache https://registry.npmjs.org/@typescript-eslint%2ftsconfig-utils 11ms (cache hit)
2898 silly packumentCache full:https://registry.npmjs.org/@typescript-eslint%2ftsconfig-utils set size:1363905 disposed:false
2899 silly placeDep node_modules/@typescript-eslint/visitor-keys eslint-visitor-keys@5.0.1 OK for: @typescript-eslint/visitor-keys@8.61.1 want: ^5.0.0
2900 silly placeDep ROOT has-bigints@1.1.0 OK for: unbox-primitive@1.1.0 want: ^1.0.2
2901 silly placeDep ROOT which-boxed-primitive@1.1.1 OK for: unbox-primitive@1.1.0 want: ^1.1.1
2902 silly fetch manifest is-bigint@^1.1.0
2903 silly packumentCache full:https://registry.npmjs.org/is-bigint cache-miss
2904 silly fetch manifest is-boolean-object@^1.2.1
2905 silly packumentCache full:https://registry.npmjs.org/is-boolean-object cache-miss
2906 silly fetch manifest is-number-object@^1.1.1
2907 silly packumentCache full:https://registry.npmjs.org/is-number-object cache-miss
2908 http fetch GET 200 https://registry.npmjs.org/is-number-object 57ms (cache miss)
2909 silly packumentCache full:https://registry.npmjs.org/is-number-object set size:undefined disposed:false
2910 http fetch GET 200 https://registry.npmjs.org/is-boolean-object 61ms (cache miss)
2911 silly packumentCache full:https://registry.npmjs.org/is-boolean-object set size:undefined disposed:false
2912 http fetch GET 200 https://registry.npmjs.org/is-bigint 71ms (cache miss)
2913 silly packumentCache full:https://registry.npmjs.org/is-bigint set size:undefined disposed:false
2914 silly placeDep ROOT @unrs/resolver-binding-android-arm-eabi@1.12.2 OK for: unrs-resolver@1.12.2 want: 1.12.2
2915 silly placeDep ROOT @unrs/resolver-binding-android-arm64@1.12.2 OK for: unrs-resolver@1.12.2 want: 1.12.2
2916 silly placeDep ROOT @unrs/resolver-binding-darwin-arm64@1.12.2 OK for: unrs-resolver@1.12.2 want: 1.12.2
2917 silly placeDep ROOT @unrs/resolver-binding-darwin-x64@1.12.2 OK for: unrs-resolver@1.12.2 want: 1.12.2
2918 silly placeDep ROOT @unrs/resolver-binding-freebsd-x64@1.12.2 OK for: unrs-resolver@1.12.2 want: 1.12.2
2919 silly placeDep ROOT @unrs/resolver-binding-linux-arm-gnueabihf@1.12.2 OK for: unrs-resolver@1.12.2 want: 1.12.2
2920 silly placeDep ROOT @unrs/resolver-binding-linux-arm-musleabihf@1.12.2 OK for: unrs-resolver@1.12.2 want: 1.12.2
2921 silly placeDep ROOT @unrs/resolver-binding-linux-arm64-gnu@1.12.2 OK for: unrs-resolver@1.12.2 want: 1.12.2
2922 silly placeDep ROOT @unrs/resolver-binding-linux-arm64-musl@1.12.2 OK for: unrs-resolver@1.12.2 want: 1.12.2
2923 silly placeDep ROOT @unrs/resolver-binding-linux-loong64-gnu@1.12.2 OK for: unrs-resolver@1.12.2 want: 1.12.2
2924 silly placeDep ROOT @unrs/resolver-binding-linux-loong64-musl@1.12.2 OK for: unrs-resolver@1.12.2 want: 1.12.2
2925 silly placeDep ROOT @unrs/resolver-binding-linux-ppc64-gnu@1.12.2 OK for: unrs-resolver@1.12.2 want: 1.12.2
2926 silly placeDep ROOT @unrs/resolver-binding-linux-riscv64-gnu@1.12.2 OK for: unrs-resolver@1.12.2 want: 1.12.2
2927 silly placeDep ROOT @unrs/resolver-binding-linux-riscv64-musl@1.12.2 OK for: unrs-resolver@1.12.2 want: 1.12.2
2928 silly placeDep ROOT @unrs/resolver-binding-linux-s390x-gnu@1.12.2 OK for: unrs-resolver@1.12.2 want: 1.12.2
2929 silly placeDep ROOT @unrs/resolver-binding-linux-x64-gnu@1.12.2 OK for: unrs-resolver@1.12.2 want: 1.12.2
2930 silly placeDep ROOT @unrs/resolver-binding-linux-x64-musl@1.12.2 OK for: unrs-resolver@1.12.2 want: 1.12.2
2931 silly placeDep ROOT @unrs/resolver-binding-openharmony-arm64@1.12.2 OK for: unrs-resolver@1.12.2 want: 1.12.2
2932 silly placeDep ROOT @unrs/resolver-binding-wasm32-wasi@1.12.2 OK for: unrs-resolver@1.12.2 want: 1.12.2
2933 silly placeDep ROOT @unrs/resolver-binding-win32-arm64-msvc@1.12.2 OK for: unrs-resolver@1.12.2 want: 1.12.2
2934 silly placeDep ROOT @unrs/resolver-binding-win32-ia32-msvc@1.12.2 OK for: unrs-resolver@1.12.2 want: 1.12.2
2935 silly placeDep ROOT @unrs/resolver-binding-win32-x64-msvc@1.12.2 OK for: unrs-resolver@1.12.2 want: 1.12.2
2936 silly placeDep ROOT napi-postinstall@0.3.4 OK for: unrs-resolver@1.12.2 want: ^0.3.4
2937 silly fetch manifest @napi-rs/wasm-runtime@^1.1.4
2938 silly packumentCache full:https://registry.npmjs.org/@napi-rs%2fwasm-runtime cache-miss
2939 silly fetch manifest @emnapi/core@1.10.0
2940 silly packumentCache full:https://registry.npmjs.org/@emnapi%2fcore cache-miss
2941 silly fetch manifest @emnapi/runtime@1.10.0
2942 silly packumentCache full:https://registry.npmjs.org/@emnapi%2fruntime cache-miss
2943 http cache https://registry.npmjs.org/@emnapi%2fruntime 7ms (cache hit)
2944 silly packumentCache full:https://registry.npmjs.org/@emnapi%2fruntime set size:116352 disposed:false
2945 http fetch GET 200 https://registry.npmjs.org/@napi-rs%2fwasm-runtime 81ms (cache miss)
2946 silly packumentCache full:https://registry.npmjs.org/@napi-rs%2fwasm-runtime set size:undefined disposed:false
2947 http fetch GET 200 https://registry.npmjs.org/@emnapi%2fcore 101ms (cache miss)
2948 silly packumentCache full:https://registry.npmjs.org/@emnapi%2fcore set size:undefined disposed:false
2949 silly placeDep ROOT @emnapi/core@1.10.0 OK for: @unrs/resolver-binding-wasm32-wasi@1.12.2 want: 1.10.0
2950 silly placeDep node_modules/@unrs/resolver-binding-wasm32-wasi @emnapi/runtime@1.10.0 OK for: @unrs/resolver-binding-wasm32-wasi@1.12.2 want: 1.10.0
2951 silly placeDep ROOT @napi-rs/wasm-runtime@1.1.5 OK for: @unrs/resolver-binding-wasm32-wasi@1.12.2 want: ^1.1.4
2952 silly fetch manifest @emnapi/wasi-threads@1.2.1
2953 silly packumentCache full:https://registry.npmjs.org/@emnapi%2fwasi-threads cache-miss
2954 silly fetch manifest @tybys/wasm-util@^0.10.2
2955 silly packumentCache full:https://registry.npmjs.org/@tybys%2fwasm-util cache-miss
2956 http fetch GET 200 https://registry.npmjs.org/@emnapi%2fwasi-threads 67ms (cache miss)
2957 silly packumentCache full:https://registry.npmjs.org/@emnapi%2fwasi-threads set size:undefined disposed:false
2958 http fetch GET 200 https://registry.npmjs.org/@tybys%2fwasm-util 70ms (cache miss)
2959 silly packumentCache full:https://registry.npmjs.org/@tybys%2fwasm-util set size:undefined disposed:false
2960 silly placeDep ROOT @emnapi/wasi-threads@1.2.1 OK for: @emnapi/core@1.10.0 want: 1.2.1
2961 silly placeDep ROOT @tybys/wasm-util@0.10.2 OK for: @napi-rs/wasm-runtime@1.1.5 want: ^0.10.2
2962 silly placeDep ROOT escalade@3.2.0 OK for: update-browserslist-db@1.2.3 want: ^3.2.0
2963 silly placeDep ROOT punycode@2.3.1 OK for: uri-js@4.4.1 want: ^2.1.0
2964 silly placeDep ROOT isexe@2.0.0 OK for: which@2.0.2 want: ^2.0.0
2965 silly placeDep ROOT is-bigint@1.1.0 OK for: which-boxed-primitive@1.1.1 want: ^1.1.0
2966 silly placeDep ROOT is-boolean-object@1.2.2 OK for: which-boxed-primitive@1.1.1 want: ^1.2.1
2967 silly placeDep ROOT is-number-object@1.1.1 OK for: which-boxed-primitive@1.1.1 want: ^1.1.1
2968 silly placeDep ROOT is-async-function@2.1.1 OK for: which-builtin-type@1.2.1 want: ^2.0.0
2969 silly placeDep ROOT is-finalizationregistry@1.1.1 OK for: which-builtin-type@1.2.1 want: ^1.1.0
2970 silly placeDep ROOT is-generator-function@1.1.2 OK for: which-builtin-type@1.2.1 want: ^1.0.10
2971 silly placeDep ROOT which-collection@1.0.2 OK for: which-builtin-type@1.2.1 want: ^1.0.2
2972 silly fetch manifest async-function@^1.0.0
2973 silly packumentCache full:https://registry.npmjs.org/async-function cache-miss
2974 silly fetch manifest generator-function@^2.0.0
2975 silly packumentCache full:https://registry.npmjs.org/generator-function cache-miss
2976 silly fetch manifest is-map@^2.0.3
2977 silly packumentCache full:https://registry.npmjs.org/is-map cache-miss
2978 silly fetch manifest is-weakmap@^2.0.2
2979 silly packumentCache full:https://registry.npmjs.org/is-weakmap cache-miss
2980 silly fetch manifest is-weakset@^2.0.3
2981 silly packumentCache full:https://registry.npmjs.org/is-weakset cache-miss
2982 http fetch GET 200 https://registry.npmjs.org/generator-function 51ms (cache miss)
2983 silly packumentCache full:https://registry.npmjs.org/generator-function set size:undefined disposed:false
2984 http fetch GET 200 https://registry.npmjs.org/async-function 53ms (cache miss)
2985 silly packumentCache full:https://registry.npmjs.org/async-function set size:undefined disposed:false
2986 http fetch GET 200 https://registry.npmjs.org/is-weakset 56ms (cache miss)
2987 silly packumentCache full:https://registry.npmjs.org/is-weakset set size:undefined disposed:false
2988 http fetch GET 200 https://registry.npmjs.org/is-weakmap 60ms (cache miss)
2989 silly packumentCache full:https://registry.npmjs.org/is-weakmap set size:undefined disposed:false
2990 http fetch GET 200 https://registry.npmjs.org/is-map 62ms (cache miss)
2991 silly packumentCache full:https://registry.npmjs.org/is-map set size:undefined disposed:false
2992 silly placeDep ROOT async-function@1.0.0 OK for: is-async-function@2.1.1 want: ^1.0.0
2993 silly placeDep ROOT generator-function@2.0.1 OK for: is-generator-function@1.1.2 want: ^2.0.0
2994 silly placeDep ROOT is-map@2.0.3 OK for: which-collection@1.0.2 want: ^2.0.3
2995 silly placeDep ROOT is-weakmap@2.0.2 OK for: which-collection@1.0.2 want: ^2.0.2
2996 silly placeDep ROOT is-weakset@2.0.4 OK for: which-collection@1.0.2 want: ^2.0.3
2997 silly placeDep node_modules/@typescript-eslint/typescript-estree brace-expansion@5.0.6 OK for: minimatch@10.2.5 want: ^5.0.5
2998 silly fetch manifest balanced-match@^4.0.2
2999 silly packumentCache full:https://registry.npmjs.org/balanced-match cache-miss
3000 http cache https://registry.npmjs.org/balanced-match 8ms (cache hit)
3001 silly packumentCache full:https://registry.npmjs.org/balanced-match set size:39082 disposed:false
3002 silly placeDep node_modules/@typescript-eslint/typescript-estree balanced-match@4.0.4 OK for: brace-expansion@5.0.6 want: ^4.0.2
3003 silly reify moves {}
3004 http cache is-weakset@https://registry.npmjs.org/is-weakset/-/is-weakset-2.0.4.tgz 0ms (cache hit)
3005 http cache is-weakmap@https://registry.npmjs.org/is-weakmap/-/is-weakmap-2.0.2.tgz 0ms (cache hit)
3006 http cache async-function@https://registry.npmjs.org/async-function/-/async-function-1.0.0.tgz 0ms (cache hit)
3007 http cache which-collection@https://registry.npmjs.org/which-collection/-/which-collection-1.0.2.tgz 0ms (cache hit)
3008 http cache is-map@https://registry.npmjs.org/is-map/-/is-map-2.0.3.tgz 0ms (cache hit)
3009 http cache generator-function@https://registry.npmjs.org/generator-function/-/generator-function-2.0.1.tgz 0ms (cache hit)
3010 http cache is-generator-function@https://registry.npmjs.org/is-generator-function/-/is-generator-function-1.1.2.tgz 0ms (cache hit)
3011 http cache is-finalizationregistry@https://registry.npmjs.org/is-finalizationregistry/-/is-finalizationregistry-1.1.1.tgz 0ms (cache hit)
3012 http cache is-async-function@https://registry.npmjs.org/is-async-function/-/is-async-function-2.1.1.tgz 0ms (cache hit)
3013 http cache is-number-object@https://registry.npmjs.org/is-number-object/-/is-number-object-1.1.1.tgz 0ms (cache hit)
3014 http cache is-bigint@https://registry.npmjs.org/is-bigint/-/is-bigint-1.1.0.tgz 0ms (cache hit)
3015 http cache is-boolean-object@https://registry.npmjs.org/is-boolean-object/-/is-boolean-object-1.2.2.tgz 0ms (cache hit)
3016 http cache isexe@https://registry.npmjs.org/isexe/-/isexe-2.0.0.tgz 0ms (cache hit)
3017 http cache @emnapi/core@https://registry.npmjs.org/@emnapi/core/-/core-1.10.0.tgz 0ms (cache hit)
3018 http cache escalade@https://registry.npmjs.org/escalade/-/escalade-3.2.0.tgz 0ms (cache hit)
3019 http cache @tybys/wasm-util@https://registry.npmjs.org/@tybys/wasm-util/-/wasm-util-0.10.2.tgz 0ms (cache hit)
3020 http cache punycode@https://registry.npmjs.org/punycode/-/punycode-2.3.1.tgz 0ms (cache hit)
3021 http cache @napi-rs/wasm-runtime@https://registry.npmjs.org/@napi-rs/wasm-runtime/-/wasm-runtime-1.1.5.tgz 0ms (cache hit)
3022 http cache @unrs/resolver-binding-win32-x64-msvc@https://registry.npmjs.org/@unrs/resolver-binding-win32-x64-msvc/-/resolver-binding-win32-x64-msvc-1.12.2.tgz 0ms (cache hit)
3023 http cache @emnapi/wasi-threads@https://registry.npmjs.org/@emnapi/wasi-threads/-/wasi-threads-1.2.1.tgz 0ms (cache hit)
3024 http cache napi-postinstall@https://registry.npmjs.org/napi-postinstall/-/napi-postinstall-0.3.4.tgz 0ms (cache hit)
3025 http cache @typescript-eslint/tsconfig-utils@https://registry.npmjs.org/@typescript-eslint/tsconfig-utils/-/tsconfig-utils-8.61.1.tgz 0ms (cache hit)
3026 http cache which-boxed-primitive@https://registry.npmjs.org/which-boxed-primitive/-/which-boxed-primitive-1.1.1.tgz 1ms (cache hit)
3027 http cache @typescript-eslint/types@https://registry.npmjs.org/@typescript-eslint/types/-/types-8.61.1.tgz 0ms (cache hit)
3028 http cache ts-api-utils@https://registry.npmjs.org/ts-api-utils/-/ts-api-utils-2.5.0.tgz 0ms (cache hit)
3029 http cache has-bigints@https://registry.npmjs.org/has-bigints/-/has-bigints-1.1.0.tgz 0ms (cache hit)
3030 http cache @typescript-eslint/project-service@https://registry.npmjs.org/@typescript-eslint/project-service/-/project-service-8.61.1.tgz 0ms (cache hit)
3031 http cache @typescript-eslint/scope-manager@https://registry.npmjs.org/@typescript-eslint/scope-manager/-/scope-manager-8.61.1.tgz 0ms (cache hit)
3032 http cache @typescript-eslint/visitor-keys@https://registry.npmjs.org/@typescript-eslint/visitor-keys/-/visitor-keys-8.61.1.tgz 0ms (cache hit)
3033 http cache @typescript-eslint/type-utils@https://registry.npmjs.org/@typescript-eslint/type-utils/-/type-utils-8.61.1.tgz 0ms (cache hit)
3034 http cache @typescript-eslint/parser@https://registry.npmjs.org/@typescript-eslint/parser/-/parser-8.61.1.tgz 0ms (cache hit)
3035 http cache @typescript-eslint/utils@https://registry.npmjs.org/@typescript-eslint/utils/-/utils-8.61.1.tgz 0ms (cache hit)
3036 http cache @typescript-eslint/typescript-estree@https://registry.npmjs.org/@typescript-eslint/typescript-estree/-/typescript-estree-8.61.1.tgz 0ms (cache hit)
3037 http cache @typescript-eslint/eslint-plugin@https://registry.npmjs.org/@typescript-eslint/eslint-plugin/-/eslint-plugin-8.61.1.tgz 0ms (cache hit)
3038 http cache which-builtin-type@https://registry.npmjs.org/which-builtin-type/-/which-builtin-type-1.2.1.tgz 0ms (cache hit)
3039 http cache @types/json5@https://registry.npmjs.org/@types/json5/-/json5-0.0.29.tgz 0ms (cache hit)
3040 http cache for-each@https://registry.npmjs.org/for-each/-/for-each-0.3.5.tgz 0ms (cache hit)
3041 http cache strip-bom@https://registry.npmjs.org/strip-bom/-/strip-bom-3.0.0.tgz 0ms (cache hit)
3042 http cache minimist@https://registry.npmjs.org/minimist/-/minimist-1.2.8.tgz 0ms (cache hit)
3043 http cache reflect.getprototypeof@https://registry.npmjs.org/reflect.getprototypeof/-/reflect.getprototypeof-1.0.10.tgz 0ms (cache hit)
3044 http cache is-number@https://registry.npmjs.org/is-number/-/is-number-7.0.0.tgz 0ms (cache hit)
3045 http cache has-flag@https://registry.npmjs.org/has-flag/-/has-flag-4.0.0.tgz 0ms (cache hit)
3046 http cache side-channel-weakmap@https://registry.npmjs.org/side-channel-weakmap/-/side-channel-weakmap-1.0.2.tgz 0ms (cache hit)
3047 http cache client-only@https://registry.npmjs.org/client-only/-/client-only-0.0.1.tgz 0ms (cache hit)
3048 http cache @emnapi/runtime@https://registry.npmjs.org/@emnapi/runtime/-/runtime-1.11.1.tgz 0ms (cache hit)
3049 http cache side-channel-map@https://registry.npmjs.org/side-channel-map/-/side-channel-map-1.0.1.tgz 0ms (cache hit)
3050 http cache @img/colour@https://registry.npmjs.org/@img/colour/-/colour-1.1.0.tgz 0ms (cache hit)
3051 http cache shebang-regex@https://registry.npmjs.org/shebang-regex/-/shebang-regex-3.0.0.tgz 0ms (cache hit)
3052 http cache @img/sharp-win32-x64@https://registry.npmjs.org/@img/sharp-win32-x64/-/sharp-win32-x64-0.34.5.tgz 0ms (cache hit)
3053 http cache dayjs@https://registry.npmjs.org/dayjs/-/dayjs-1.11.21.tgz 0ms (cache hit)
3054 http cache side-channel-list@https://registry.npmjs.org/side-channel-list/-/side-channel-list-1.0.1.tgz 0ms (cache hit)
3055 http cache launder@https://registry.npmjs.org/launder/-/launder-1.7.1.tgz 0ms (cache hit)
3056 http cache is-plain-object@https://registry.npmjs.org/is-plain-object/-/is-plain-object-5.0.0.tgz 0ms (cache hit)
3057 http cache parse-srcset@https://registry.npmjs.org/parse-srcset/-/parse-srcset-1.0.2.tgz 0ms (cache hit)
3058 http cache deepmerge@https://registry.npmjs.org/deepmerge/-/deepmerge-4.3.1.tgz 0ms (cache hit)
3059 http cache queue-microtask@https://registry.npmjs.org/queue-microtask/-/queue-microtask-1.2.3.tgz 0ms (cache hit)
3060 http cache isarray@https://registry.npmjs.org/isarray/-/isarray-2.0.5.tgz 0ms (cache hit)
3061 http cache supports-preserve-symlinks-flag@https://registry.npmjs.org/supports-preserve-symlinks-flag/-/supports-preserve-symlinks-flag-1.0.0.tgz 0ms (cache hit)
3062 http cache path-parse@https://registry.npmjs.org/path-parse/-/path-parse-1.0.7.tgz 0ms (cache hit)
3063 http cache scheduler@https://registry.npmjs.org/scheduler/-/scheduler-0.27.0.tgz 0ms (cache hit)
3064 http cache node-exports-info@https://registry.npmjs.org/node-exports-info/-/node-exports-info-1.6.0.tgz 0ms (cache hit)
3065 http cache orderedmap@https://registry.npmjs.org/orderedmap/-/orderedmap-2.1.1.tgz 0ms (cache hit)
3066 http cache w3c-keyname@https://registry.npmjs.org/w3c-keyname/-/w3c-keyname-2.2.8.tgz 0ms (cache hit)
3067 http cache react-is@https://registry.npmjs.org/react-is/-/react-is-16.13.1.tgz 0ms (cache hit)
3068 http cache rope-sequence@https://registry.npmjs.org/rope-sequence/-/rope-sequence-1.3.4.tgz 0ms (cache hit)
3069 http cache nanoid@https://registry.npmjs.org/nanoid/-/nanoid-3.3.13.tgz 0ms (cache hit)
3070 http cache object-assign@https://registry.npmjs.org/object-assign/-/object-assign-4.1.1.tgz 1ms (cache hit)
3071 http cache loose-envify@https://registry.npmjs.org/loose-envify/-/loose-envify-1.4.0.tgz 0ms (cache hit)
3072 http cache word-wrap@https://registry.npmjs.org/word-wrap/-/word-wrap-1.2.5.tgz 0ms (cache hit)
3073 http cache callsites@https://registry.npmjs.org/callsites/-/callsites-3.1.0.tgz 0ms (cache hit)
3074 http cache yocto-queue@https://registry.npmjs.org/yocto-queue/-/yocto-queue-0.1.0.tgz 0ms (cache hit)
3075 http cache @swc/helpers@https://registry.npmjs.org/@swc/helpers/-/helpers-0.5.15.tgz 0ms (cache hit)
3076 http cache styled-jsx@https://registry.npmjs.org/styled-jsx/-/styled-jsx-5.1.6.tgz 0ms (cache hit)
3077 http cache fast-levenshtein@https://registry.npmjs.org/fast-levenshtein/-/fast-levenshtein-2.0.6.tgz 0ms (cache hit)
3078 http cache p-limit@https://registry.npmjs.org/p-limit/-/p-limit-3.1.0.tgz 0ms (cache hit)
3079 http cache deep-is@https://registry.npmjs.org/deep-is/-/deep-is-0.1.4.tgz 0ms (cache hit)
3080 http cache @next/swc-win32-x64-msvc@https://registry.npmjs.org/@next/swc-win32-x64-msvc/-/swc-win32-x64-msvc-16.2.9.tgz 0ms (cache hit)
3081 http cache sharp@https://registry.npmjs.org/sharp/-/sharp-0.34.5.tgz 0ms (cache hit)
3082 http cache concat-map@https://registry.npmjs.org/concat-map/-/concat-map-0.0.1.tgz 0ms (cache hit)
3083 http cache brace-expansion@https://registry.npmjs.org/brace-expansion/-/brace-expansion-1.1.15.tgz 0ms (cache hit)
3084 http cache @next/env@https://registry.npmjs.org/@next/env/-/env-16.2.9.tgz 0ms (cache hit)
3085 http cache balanced-match@https://registry.npmjs.org/balanced-match/-/balanced-match-1.0.2.tgz 0ms (cache hit)
3086 http cache to-regex-range@https://registry.npmjs.org/to-regex-range/-/to-regex-range-5.0.1.tgz 0ms (cache hit)
3087 http cache picomatch@https://registry.npmjs.org/picomatch/-/picomatch-2.3.2.tgz 0ms (cache hit)
3088 http cache braces@https://registry.npmjs.org/braces/-/braces-3.0.3.tgz 0ms (cache hit)
3089 http cache fill-range@https://registry.npmjs.org/fill-range/-/fill-range-7.1.1.tgz 0ms (cache hit)
3090 http cache yallist@https://registry.npmjs.org/yallist/-/yallist-3.1.1.tgz 0ms (cache hit)
3091 http cache p-locate@https://registry.npmjs.org/p-locate/-/p-locate-5.0.0.tgz 0ms (cache hit)
3092 http cache detect-libc@https://registry.npmjs.org/detect-libc/-/detect-libc-2.1.2.tgz 0ms (cache hit)
3093 http cache type-check@https://registry.npmjs.org/type-check/-/type-check-0.4.0.tgz 0ms (cache hit)
3094 http cache prelude-ls@https://registry.npmjs.org/prelude-ls/-/prelude-ls-1.2.1.tgz 0ms (cache hit)
3095 http cache language-subtag-registry@https://registry.npmjs.org/language-subtag-registry/-/language-subtag-registry-0.3.23.tgz 0ms (cache hit)
3096 http cache lightningcss-win32-x64-msvc@https://registry.npmjs.org/lightningcss-win32-x64-msvc/-/lightningcss-win32-x64-msvc-1.32.0.tgz 0ms (cache hit)
3097 http cache argparse@https://registry.npmjs.org/argparse/-/argparse-2.0.1.tgz 0ms (cache hit)
3098 http cache json-buffer@https://registry.npmjs.org/json-buffer/-/json-buffer-3.0.1.tgz 0ms (cache hit)
3099 http cache is-extglob@https://registry.npmjs.org/is-extglob/-/is-extglob-2.1.1.tgz 0ms (cache hit)
3100 http cache set-function-name@https://registry.npmjs.org/set-function-name/-/set-function-name-2.0.2.tgz 0ms (cache hit)
3101 http cache side-channel@https://registry.npmjs.org/side-channel/-/side-channel-1.1.1.tgz 0ms (cache hit)
3102 http cache resolve-from@https://registry.npmjs.org/resolve-from/-/resolve-from-4.0.0.tgz 0ms (cache hit)
3103 http cache parent-module@https://registry.npmjs.org/parent-module/-/parent-module-1.0.1.tgz 0ms (cache hit)
3104 http cache entities@https://registry.npmjs.org/entities/-/entities-7.0.1.tgz 0ms (cache hit)
3105 http cache domhandler@https://registry.npmjs.org/domhandler/-/domhandler-5.0.3.tgz 0ms (cache hit)
3106 http cache dom-serializer@https://registry.npmjs.org/dom-serializer/-/dom-serializer-2.0.0.tgz 0ms (cache hit)
3107 http cache domutils@https://registry.npmjs.org/domutils/-/domutils-3.2.2.tgz 0ms (cache hit)
3108 http cache domelementtype@https://registry.npmjs.org/domelementtype/-/domelementtype-2.3.0.tgz 0ms (cache hit)
3109 http cache hermes-estree@https://registry.npmjs.org/hermes-estree/-/hermes-estree-0.25.1.tgz 0ms (cache hit)
3110 http cache resolve-pkg-maps@https://registry.npmjs.org/resolve-pkg-maps/-/resolve-pkg-maps-1.0.0.tgz 0ms (cache hit)
3111 http cache dunder-proto@https://registry.npmjs.org/dunder-proto/-/dunder-proto-1.0.1.tgz 0ms (cache hit)
3112 http cache is-document.all@https://registry.npmjs.org/is-document.all/-/is-document.all-1.0.0.tgz 0ms (cache hit)
3113 http cache functions-have-names@https://registry.npmjs.org/functions-have-names/-/functions-have-names-1.2.3.tgz 0ms (cache hit)
3114 http cache flatted@https://registry.npmjs.org/flatted/-/flatted-3.4.2.tgz 0ms (cache hit)
3115 http cache path-exists@https://registry.npmjs.org/path-exists/-/path-exists-4.0.0.tgz 0ms (cache hit)
3116 http cache locate-path@https://registry.npmjs.org/locate-path/-/locate-path-6.0.0.tgz 0ms (cache hit)
3117 http cache keyv@https://registry.npmjs.org/keyv/-/keyv-4.5.4.tgz 0ms (cache hit)
3118 http cache flat-cache@https://registry.npmjs.org/flat-cache/-/flat-cache-4.0.1.tgz 0ms (cache hit)
3119 http cache @nodelib/fs.scandir@https://registry.npmjs.org/@nodelib/fs.scandir/-/fs.scandir-2.1.5.tgz 0ms (cache hit)
3120 http cache run-parallel@https://registry.npmjs.org/run-parallel/-/run-parallel-1.2.0.tgz 0ms (cache hit)
3121 http cache fastq@https://registry.npmjs.org/fastq/-/fastq-1.20.1.tgz 0ms (cache hit)
3122 http cache reusify@https://registry.npmjs.org/reusify/-/reusify-1.1.0.tgz 0ms (cache hit)
3123 http cache @nodelib/fs.walk@https://registry.npmjs.org/@nodelib/fs.walk/-/fs.walk-1.2.8.tgz 0ms (cache hit)
3124 http cache micromatch@https://registry.npmjs.org/micromatch/-/micromatch-4.0.8.tgz 0ms (cache hit)
3125 http cache merge2@https://registry.npmjs.org/merge2/-/merge2-1.4.1.tgz 0ms (cache hit)
3126 http cache @nodelib/fs.stat@https://registry.npmjs.org/@nodelib/fs.stat/-/fs.stat-2.0.5.tgz 0ms (cache hit)
3127 http cache acorn-jsx@https://registry.npmjs.org/acorn-jsx/-/acorn-jsx-5.3.2.tgz 0ms (cache hit)
3128 http cache acorn@https://registry.npmjs.org/acorn/-/acorn-8.17.0.tgz 0ms (cache hit)
3129 http cache esrecurse@https://registry.npmjs.org/esrecurse/-/esrecurse-4.3.0.tgz 0ms (cache hit)
3130 http cache update-browserslist-db@https://registry.npmjs.org/update-browserslist-db/-/update-browserslist-db-1.2.3.tgz 0ms (cache hit)
3131 http cache node-releases@https://registry.npmjs.org/node-releases/-/node-releases-2.0.48.tgz 0ms (cache hit)
3132 http cache @babel/helper-string-parser@https://registry.npmjs.org/@babel/helper-string-parser/-/helper-string-parser-7.29.7.tgz 0ms (cache hit)
3133 http cache electron-to-chromium@https://registry.npmjs.org/electron-to-chromium/-/electron-to-chromium-1.5.375.tgz 0ms (cache hit)
3134 http cache baseline-browser-mapping@https://registry.npmjs.org/baseline-browser-mapping/-/baseline-browser-mapping-2.10.38.tgz 0ms (cache hit)
3135 http cache caniuse-lite@https://registry.npmjs.org/caniuse-lite/-/caniuse-lite-1.0.30001799.tgz 0ms (cache hit)
3136 http cache @babel/helper-globals@https://registry.npmjs.org/@babel/helper-globals/-/helper-globals-7.29.7.tgz 0ms (cache hit)
3137 http cache lru-cache@https://registry.npmjs.org/lru-cache/-/lru-cache-5.1.1.tgz 0ms (cache hit)
3138 http cache @babel/helper-module-imports@https://registry.npmjs.org/@babel/helper-module-imports/-/helper-module-imports-7.29.7.tgz 0ms (cache hit)
3139 http cache browserslist@https://registry.npmjs.org/browserslist/-/browserslist-4.28.2.tgz 0ms (cache hit)
3140 http cache @babel/compat-data@https://registry.npmjs.org/@babel/compat-data/-/compat-data-7.29.7.tgz 0ms (cache hit)
3141 http cache @babel/helper-validator-option@https://registry.npmjs.org/@babel/helper-validator-option/-/helper-validator-option-7.29.7.tgz 0ms (cache hit)
3142 http cache jsesc@https://registry.npmjs.org/jsesc/-/jsesc-3.1.0.tgz 0ms (cache hit)
3143 http cache js-tokens@https://registry.npmjs.org/js-tokens/-/js-tokens-4.0.0.tgz 0ms (cache hit)
3144 http cache @babel/helper-validator-identifier@https://registry.npmjs.org/@babel/helper-validator-identifier/-/helper-validator-identifier-7.29.7.tgz 0ms (cache hit)
3145 http cache picocolors@https://registry.npmjs.org/picocolors/-/picocolors-1.1.1.tgz 0ms (cache hit)
3146 http cache json5@https://registry.npmjs.org/json5/-/json5-2.2.3.tgz 0ms (cache hit)
3147 http cache gensync@https://registry.npmjs.org/gensync/-/gensync-1.0.0-beta.2.tgz 0ms (cache hit)
3148 http cache @babel/types@https://registry.npmjs.org/@babel/types/-/types-7.29.7.tgz 0ms (cache hit)
3149 http cache convert-source-map@https://registry.npmjs.org/convert-source-map/-/convert-source-map-2.0.0.tgz 0ms (cache hit)
3150 http cache @babel/helpers@https://registry.npmjs.org/@babel/helpers/-/helpers-7.29.7.tgz 0ms (cache hit)
3151 http cache @babel/helper-compilation-targets@https://registry.npmjs.org/@babel/helper-compilation-targets/-/helper-compilation-targets-7.29.7.tgz 0ms (cache hit)
3152 http cache @babel/template@https://registry.npmjs.org/@babel/template/-/template-7.29.7.tgz 1ms (cache hit)
3153 http cache @babel/traverse@https://registry.npmjs.org/@babel/traverse/-/traverse-7.29.7.tgz 0ms (cache hit)
3154 http cache @babel/generator@https://registry.npmjs.org/@babel/generator/-/generator-7.29.7.tgz 0ms (cache hit)
3155 http cache @babel/helper-module-transforms@https://registry.npmjs.org/@babel/helper-module-transforms/-/helper-module-transforms-7.29.7.tgz 0ms (cache hit)
3156 http cache @babel/code-frame@https://registry.npmjs.org/@babel/code-frame/-/code-frame-7.29.7.tgz 0ms (cache hit)
3157 http cache @babel/parser@https://registry.npmjs.org/@babel/parser/-/parser-7.29.7.tgz 0ms (cache hit)
3158 http cache zod-validation-error@https://registry.npmjs.org/zod-validation-error/-/zod-validation-error-4.0.2.tgz 0ms (cache hit)
3159 http cache zod@https://registry.npmjs.org/zod/-/zod-4.4.3.tgz 0ms (cache hit)
3160 http cache hermes-parser@https://registry.npmjs.org/hermes-parser/-/hermes-parser-0.25.1.tgz 0ms (cache hit)
3161 http cache iterator.prototype@https://registry.npmjs.org/iterator.prototype/-/iterator.prototype-1.1.5.tgz 0ms (cache hit)
3162 http cache @babel/core@https://registry.npmjs.org/@babel/core/-/core-7.29.7.tgz 0ms (cache hit)
3163 http cache string.prototype.repeat@https://registry.npmjs.org/string.prototype.repeat/-/string.prototype.repeat-1.0.0.tgz 0ms (cache hit)
3164 http cache prop-types@https://registry.npmjs.org/prop-types/-/prop-types-15.8.1.tgz 0ms (cache hit)
3165 http cache string.prototype.matchall@https://registry.npmjs.org/string.prototype.matchall/-/string.prototype.matchall-4.0.12.tgz 0ms (cache hit)
3166 http cache estraverse@https://registry.npmjs.org/estraverse/-/estraverse-5.3.0.tgz 0ms (cache hit)
3167 http cache array.prototype.findlast@https://registry.npmjs.org/array.prototype.findlast/-/array.prototype.findlast-1.2.5.tgz 0ms (cache hit)
3168 http cache object.entries@https://registry.npmjs.org/object.entries/-/object.entries-1.1.9.tgz 0ms (cache hit)
3169 http cache es-iterator-helpers@https://registry.npmjs.org/es-iterator-helpers/-/es-iterator-helpers-1.3.3.tgz 0ms (cache hit)
3170 http cache array.prototype.tosorted@https://registry.npmjs.org/array.prototype.tosorted/-/array.prototype.tosorted-1.1.4.tgz 0ms (cache hit)
3171 http cache string.prototype.includes@https://registry.npmjs.org/string.prototype.includes/-/string.prototype.includes-2.0.1.tgz 0ms (cache hit)
3172 http cache jsx-ast-utils@https://registry.npmjs.org/jsx-ast-utils/-/jsx-ast-utils-3.3.5.tgz 0ms (cache hit)
3173 http cache language-tags@https://registry.npmjs.org/language-tags/-/language-tags-1.0.9.tgz 0ms (cache hit)
3174 http cache damerau-levenshtein@https://registry.npmjs.org/damerau-levenshtein/-/damerau-levenshtein-1.0.8.tgz 0ms (cache hit)
3175 http cache emoji-regex@https://registry.npmjs.org/emoji-regex/-/emoji-regex-9.2.2.tgz 0ms (cache hit)
3176 http cache axobject-query@https://registry.npmjs.org/axobject-query/-/axobject-query-4.1.0.tgz 0ms (cache hit)
3177 http cache axe-core@https://registry.npmjs.org/axe-core/-/axe-core-4.12.1.tgz 0ms (cache hit)
3178 http cache ast-types-flow@https://registry.npmjs.org/ast-types-flow/-/ast-types-flow-0.0.8.tgz 0ms (cache hit)
3179 http cache aria-query@https://registry.npmjs.org/aria-query/-/aria-query-5.3.2.tgz 0ms (cache hit)
3180 http cache is-date-object@https://registry.npmjs.org/is-date-object/-/is-date-object-1.1.0.tgz 0ms (cache hit)
3181 http cache es-abstract-get@https://registry.npmjs.org/es-abstract-get/-/es-abstract-get-1.0.0.tgz 0ms (cache hit)
3182 http cache is-symbol@https://registry.npmjs.org/is-symbol/-/is-symbol-1.1.1.tgz 0ms (cache hit)
3183 http cache has-tostringtag@https://registry.npmjs.org/has-tostringtag/-/has-tostringtag-1.0.2.tgz 0ms (cache hit)
3184 http cache possible-typed-array-names@https://registry.npmjs.org/possible-typed-array-names/-/possible-typed-array-names-1.1.0.tgz 0ms (cache hit)
3185 http cache unbox-primitive@https://registry.npmjs.org/unbox-primitive/-/unbox-primitive-1.1.0.tgz 0ms (cache hit)
3186 http cache which-typed-array@https://registry.npmjs.org/which-typed-array/-/which-typed-array-1.1.22.tgz 0ms (cache hit)
3187 http cache typed-array-length@https://registry.npmjs.org/typed-array-length/-/typed-array-length-1.0.8.tgz 0ms (cache hit)
3188 http cache typed-array-buffer@https://registry.npmjs.org/typed-array-buffer/-/typed-array-buffer-1.0.3.tgz 1ms (cache hit)
3189 http cache typed-array-byte-offset@https://registry.npmjs.org/typed-array-byte-offset/-/typed-array-byte-offset-1.0.4.tgz 0ms (cache hit)
3190 http cache typed-array-byte-length@https://registry.npmjs.org/typed-array-byte-length/-/typed-array-byte-length-1.0.3.tgz 0ms (cache hit)
3191 http cache string.prototype.trim@https://registry.npmjs.org/string.prototype.trim/-/string.prototype.trim-1.2.11.tgz 0ms (cache hit)
3192 http cache string.prototype.trimstart@https://registry.npmjs.org/string.prototype.trimstart/-/string.prototype.trimstart-1.0.8.tgz 0ms (cache hit)
3193 http cache stop-iteration-iterator@https://registry.npmjs.org/stop-iteration-iterator/-/stop-iteration-iterator-1.1.0.tgz 0ms (cache hit)
3194 http cache safe-regex-test@https://registry.npmjs.org/safe-regex-test/-/safe-regex-test-1.1.0.tgz 0ms (cache hit)
3195 http cache set-proto@https://registry.npmjs.org/set-proto/-/set-proto-1.0.0.tgz 0ms (cache hit)
3196 http cache safe-array-concat@https://registry.npmjs.org/safe-array-concat/-/safe-array-concat-1.1.4.tgz 0ms (cache hit)
3197 http cache safe-push-apply@https://registry.npmjs.org/safe-push-apply/-/safe-push-apply-1.0.0.tgz 0ms (cache hit)
3198 http cache own-keys@https://registry.npmjs.org/own-keys/-/own-keys-1.0.1.tgz 0ms (cache hit)
3199 http cache regexp.prototype.flags@https://registry.npmjs.org/regexp.prototype.flags/-/regexp.prototype.flags-1.5.4.tgz 0ms (cache hit)
3200 http cache object.assign@https://registry.npmjs.org/object.assign/-/object.assign-4.1.7.tgz 0ms (cache hit)
3201 http cache is-typed-array@https://registry.npmjs.org/is-typed-array/-/is-typed-array-1.1.15.tgz 0ms (cache hit)
3202 http cache object-inspect@https://registry.npmjs.org/object-inspect/-/object-inspect-1.13.4.tgz 0ms (cache hit)
3203 http cache is-negative-zero@https://registry.npmjs.org/is-negative-zero/-/is-negative-zero-2.0.3.tgz 0ms (cache hit)
3204 http cache is-weakref@https://registry.npmjs.org/is-weakref/-/is-weakref-1.1.1.tgz 0ms (cache hit)
3205 http cache is-shared-array-buffer@https://registry.npmjs.org/is-shared-array-buffer/-/is-shared-array-buffer-1.0.4.tgz 0ms (cache hit)
3206 http cache is-set@https://registry.npmjs.org/is-set/-/is-set-2.0.3.tgz 0ms (cache hit)
3207 http cache is-callable@https://registry.npmjs.org/is-callable/-/is-callable-1.2.7.tgz 0ms (cache hit)
3208 http cache is-regex@https://registry.npmjs.org/is-regex/-/is-regex-1.2.1.tgz 0ms (cache hit)
3209 http cache is-data-view@https://registry.npmjs.org/is-data-view/-/is-data-view-1.0.2.tgz 0ms (cache hit)
3210 http cache internal-slot@https://registry.npmjs.org/internal-slot/-/internal-slot-1.1.0.tgz 0ms (cache hit)
3211 http cache is-array-buffer@https://registry.npmjs.org/is-array-buffer/-/is-array-buffer-3.0.5.tgz 0ms (cache hit)
3212 http cache has-proto@https://registry.npmjs.org/has-proto/-/has-proto-1.2.0.tgz 0ms (cache hit)
3213 http cache has-symbols@https://registry.npmjs.org/has-symbols/-/has-symbols-1.1.0.tgz 0ms (cache hit)
3214 http cache get-proto@https://registry.npmjs.org/get-proto/-/get-proto-1.0.1.tgz 0ms (cache hit)
3215 http cache globalthis@https://registry.npmjs.org/globalthis/-/globalthis-1.0.4.tgz 0ms (cache hit)
3216 http cache get-symbol-description@https://registry.npmjs.org/get-symbol-description/-/get-symbol-description-1.1.0.tgz 0ms (cache hit)
3217 http cache es-set-tostringtag@https://registry.npmjs.org/es-set-tostringtag/-/es-set-tostringtag-2.1.0.tgz 0ms (cache hit)
3218 http cache function.prototype.name@https://registry.npmjs.org/function.prototype.name/-/function.prototype.name-1.2.0.tgz 0ms (cache hit)
3219 http cache es-to-primitive@https://registry.npmjs.org/es-to-primitive/-/es-to-primitive-1.3.1.tgz 0ms (cache hit)
3220 http cache data-view-byte-offset@https://registry.npmjs.org/data-view-byte-offset/-/data-view-byte-offset-1.0.1.tgz 0ms (cache hit)
3221 http cache data-view-byte-length@https://registry.npmjs.org/data-view-byte-length/-/data-view-byte-length-1.0.2.tgz 0ms (cache hit)
3222 http cache available-typed-arrays@https://registry.npmjs.org/available-typed-arrays/-/available-typed-arrays-1.0.7.tgz 0ms (cache hit)
3223 http cache data-view-buffer@https://registry.npmjs.org/data-view-buffer/-/data-view-buffer-1.0.2.tgz 0ms (cache hit)
3224 http cache object-keys@https://registry.npmjs.org/object-keys/-/object-keys-1.1.1.tgz 0ms (cache hit)
3225 http cache gopd@https://registry.npmjs.org/gopd/-/gopd-1.2.0.tgz 0ms (cache hit)
3226 http cache array-buffer-byte-length@https://registry.npmjs.org/array-buffer-byte-length/-/array-buffer-byte-length-1.0.2.tgz 0ms (cache hit)
3227 http cache arraybuffer.prototype.slice@https://registry.npmjs.org/arraybuffer.prototype.slice/-/arraybuffer.prototype.slice-1.0.4.tgz 0ms (cache hit)
3228 http cache has-property-descriptors@https://registry.npmjs.org/has-property-descriptors/-/has-property-descriptors-1.0.2.tgz 0ms (cache hit)
3229 http cache define-data-property@https://registry.npmjs.org/define-data-property/-/define-data-property-1.1.4.tgz 0ms (cache hit)
3230 http cache es-define-property@https://registry.npmjs.org/es-define-property/-/es-define-property-1.0.1.tgz 0ms (cache hit)
3231 http cache function-bind@https://registry.npmjs.org/function-bind/-/function-bind-1.1.2.tgz 1ms (cache hit)
3232 http cache set-function-length@https://registry.npmjs.org/set-function-length/-/set-function-length-1.2.2.tgz 0ms (cache hit)
3233 http cache es-shim-unscopables@https://registry.npmjs.org/es-shim-unscopables/-/es-shim-unscopables-1.1.0.tgz 0ms (cache hit)
3234 http cache call-bind-apply-helpers@https://registry.npmjs.org/call-bind-apply-helpers/-/call-bind-apply-helpers-1.0.2.tgz 0ms (cache hit)
3235 http cache es-errors@https://registry.npmjs.org/es-errors/-/es-errors-1.3.0.tgz 0ms (cache hit)
3236 http cache is-string@https://registry.npmjs.org/is-string/-/is-string-1.1.1.tgz 0ms (cache hit)
3237 http cache get-intrinsic@https://registry.npmjs.org/get-intrinsic/-/get-intrinsic-1.3.0.tgz 0ms (cache hit)
3238 http cache math-intrinsics@https://registry.npmjs.org/math-intrinsics/-/math-intrinsics-1.1.0.tgz 0ms (cache hit)
3239 http cache es-object-atoms@https://registry.npmjs.org/es-object-atoms/-/es-object-atoms-1.1.2.tgz 0ms (cache hit)
3240 http cache es-abstract@https://registry.npmjs.org/es-abstract/-/es-abstract-1.24.2.tgz 0ms (cache hit)
3241 http cache call-bound@https://registry.npmjs.org/call-bound/-/call-bound-1.0.4.tgz 0ms (cache hit)
3242 http cache define-properties@https://registry.npmjs.org/define-properties/-/define-properties-1.2.1.tgz 0ms (cache hit)
3243 http cache tsconfig-paths@https://registry.npmjs.org/tsconfig-paths/-/tsconfig-paths-3.15.0.tgz 0ms (cache hit)
3244 http cache call-bind@https://registry.npmjs.org/call-bind/-/call-bind-1.0.9.tgz 0ms (cache hit)
3245 http cache semver@https://registry.npmjs.org/semver/-/semver-6.3.1.tgz 0ms (cache hit)
3246 http cache string.prototype.trimend@https://registry.npmjs.org/string.prototype.trimend/-/string.prototype.trimend-1.0.10.tgz 0ms (cache hit)
3247 http cache object.values@https://registry.npmjs.org/object.values/-/object.values-1.2.1.tgz 0ms (cache hit)
3248 http cache object.fromentries@https://registry.npmjs.org/object.fromentries/-/object.fromentries-2.0.8.tgz 0ms (cache hit)
3249 http cache object.groupby@https://registry.npmjs.org/object.groupby/-/object.groupby-1.0.3.tgz 0ms (cache hit)
3250 http cache hasown@https://registry.npmjs.org/hasown/-/hasown-2.0.4.tgz 0ms (cache hit)
3251 http cache doctrine@https://registry.npmjs.org/doctrine/-/doctrine-2.1.0.tgz 0ms (cache hit)
3252 http cache eslint-module-utils@https://registry.npmjs.org/eslint-module-utils/-/eslint-module-utils-2.13.0.tgz 0ms (cache hit)
3253 http cache array.prototype.flatmap@https://registry.npmjs.org/array.prototype.flatmap/-/array.prototype.flatmap-1.3.3.tgz 0ms (cache hit)
3254 http cache array-includes@https://registry.npmjs.org/array-includes/-/array-includes-3.1.9.tgz 0ms (cache hit)
3255 http cache array.prototype.flat@https://registry.npmjs.org/array.prototype.flat/-/array.prototype.flat-1.3.3.tgz 0ms (cache hit)
3256 http cache @rtsao/scc@https://registry.npmjs.org/@rtsao/scc/-/scc-1.1.0.tgz 0ms (cache hit)
3257 http cache array.prototype.findlastindex@https://registry.npmjs.org/array.prototype.findlastindex/-/array.prototype.findlastindex-1.2.6.tgz 0ms (cache hit)
3258 http cache tinyglobby@https://registry.npmjs.org/tinyglobby/-/tinyglobby-0.2.17.tgz 0ms (cache hit)
3259 http cache unrs-resolver@https://registry.npmjs.org/unrs-resolver/-/unrs-resolver-1.12.2.tgz 0ms (cache hit)
3260 http cache @nolyfill/is-core-module@https://registry.npmjs.org/@nolyfill/is-core-module/-/is-core-module-1.0.39.tgz 0ms (cache hit)
3261 http cache stable-hash@https://registry.npmjs.org/stable-hash/-/stable-hash-0.0.5.tgz 0ms (cache hit)
3262 http cache is-bun-module@https://registry.npmjs.org/is-bun-module/-/is-bun-module-2.0.0.tgz 0ms (cache hit)
3263 http cache get-tsconfig@https://registry.npmjs.org/get-tsconfig/-/get-tsconfig-4.14.0.tgz 0ms (cache hit)
3264 http cache color-convert@https://registry.npmjs.org/color-convert/-/color-convert-2.0.1.tgz 0ms (cache hit)
3265 http cache resolve@https://registry.npmjs.org/resolve/-/resolve-2.0.0-next.7.tgz 0ms (cache hit)
3266 http cache is-core-module@https://registry.npmjs.org/is-core-module/-/is-core-module-2.16.2.tgz 0ms (cache hit)
3267 http cache supports-color@https://registry.npmjs.org/supports-color/-/supports-color-7.2.0.tgz 0ms (cache hit)
3268 http cache color-name@https://registry.npmjs.org/color-name/-/color-name-1.1.4.tgz 0ms (cache hit)
3269 http cache strip-json-comments@https://registry.npmjs.org/strip-json-comments/-/strip-json-comments-3.1.1.tgz 0ms (cache hit)
3270 http cache js-yaml@https://registry.npmjs.org/js-yaml/-/js-yaml-4.2.0.tgz 0ms (cache hit)
3271 http cache ansi-styles@https://registry.npmjs.org/ansi-styles/-/ansi-styles-4.3.0.tgz 0ms (cache hit)
3272 http cache import-fresh@https://registry.npmjs.org/import-fresh/-/import-fresh-3.3.1.tgz 0ms (cache hit)
3273 http cache @types/json-schema@https://registry.npmjs.org/@types/json-schema/-/json-schema-7.0.15.tgz 0ms (cache hit)
3274 http cache @eslint/object-schema@https://registry.npmjs.org/@eslint/object-schema/-/object-schema-2.1.7.tgz 0ms (cache hit)
3275 http cache espree@https://registry.npmjs.org/espree/-/espree-10.4.0.tgz 0ms (cache hit)
3276 http cache minimatch@https://registry.npmjs.org/minimatch/-/minimatch-3.1.5.tgz 0ms (cache hit)
3277 http cache eslint-visitor-keys@https://registry.npmjs.org/eslint-visitor-keys/-/eslint-visitor-keys-4.2.1.tgz 0ms (cache hit)
3278 http cache lodash.merge@https://registry.npmjs.org/lodash.merge/-/lodash.merge-4.6.2.tgz 0ms (cache hit)
3279 http cache chalk@https://registry.npmjs.org/chalk/-/chalk-4.1.2.tgz 0ms (cache hit)
3280 http cache eslint-scope@https://registry.npmjs.org/eslint-scope/-/eslint-scope-8.4.0.tgz 0ms (cache hit)
3281 http cache @types/estree@https://registry.npmjs.org/@types/estree/-/estree-1.0.9.tgz 0ms (cache hit)
3282 http cache @eslint/js@https://registry.npmjs.org/@eslint/js/-/js-9.39.4.tgz 0ms (cache hit)
3283 http cache @eslint/plugin-kit@https://registry.npmjs.org/@eslint/plugin-kit/-/plugin-kit-0.4.1.tgz 0ms (cache hit)
3284 http cache @eslint/eslintrc@https://registry.npmjs.org/@eslint/eslintrc/-/eslintrc-3.3.5.tgz 0ms (cache hit)
3285 http cache @eslint/core@https://registry.npmjs.org/@eslint/core/-/core-0.17.0.tgz 0ms (cache hit)
3286 http cache @eslint/config-helpers@https://registry.npmjs.org/@eslint/config-helpers/-/config-helpers-0.4.2.tgz 0ms (cache hit)
3287 http cache @eslint/config-array@https://registry.npmjs.org/@eslint/config-array/-/config-array-0.21.2.tgz 0ms (cache hit)
3288 http cache fast-glob@https://registry.npmjs.org/fast-glob/-/fast-glob-3.3.1.tgz 0ms (cache hit)
3289 http cache globals@https://registry.npmjs.org/globals/-/globals-16.4.0.tgz 0ms (cache hit)
3290 http cache typescript-eslint@https://registry.npmjs.org/typescript-eslint/-/typescript-eslint-8.61.1.tgz 0ms (cache hit)
3291 http cache eslint-plugin-react-hooks@https://registry.npmjs.org/eslint-plugin-react-hooks/-/eslint-plugin-react-hooks-7.1.1.tgz 0ms (cache hit)
3292 http cache eslint-plugin-react@https://registry.npmjs.org/eslint-plugin-react/-/eslint-plugin-react-7.37.5.tgz 0ms (cache hit)
3293 http cache eslint-plugin-jsx-a11y@https://registry.npmjs.org/eslint-plugin-jsx-a11y/-/eslint-plugin-jsx-a11y-6.10.2.tgz 0ms (cache hit)
3294 http cache eslint@https://registry.npmjs.org/eslint/-/eslint-9.39.4.tgz 0ms (cache hit)
3295 http cache eslint-plugin-import@https://registry.npmjs.org/eslint-plugin-import/-/eslint-plugin-import-2.32.0.tgz 0ms (cache hit)
3296 http cache @next/eslint-plugin-next@https://registry.npmjs.org/@next/eslint-plugin-next/-/eslint-plugin-next-16.2.9.tgz 0ms (cache hit)
3297 http cache eslint-import-resolver-node@https://registry.npmjs.org/eslint-import-resolver-node/-/eslint-import-resolver-node-0.3.10.tgz 0ms (cache hit)
3298 http cache eslint-import-resolver-typescript@https://registry.npmjs.org/eslint-import-resolver-typescript/-/eslint-import-resolver-typescript-3.10.1.tgz 0ms (cache hit)
3299 http cache which@https://registry.npmjs.org/which/-/which-2.0.2.tgz 0ms (cache hit)
3300 http cache ms@https://registry.npmjs.org/ms/-/ms-2.1.3.tgz 0ms (cache hit)
3301 http cache @humanfs/core@https://registry.npmjs.org/@humanfs/core/-/core-0.19.2.tgz 0ms (cache hit)
3302 http cache path-key@https://registry.npmjs.org/path-key/-/path-key-3.1.1.tgz 0ms (cache hit)
3303 http cache shebang-command@https://registry.npmjs.org/shebang-command/-/shebang-command-2.0.0.tgz 0ms (cache hit)
3304 http cache json-schema-traverse@https://registry.npmjs.org/json-schema-traverse/-/json-schema-traverse-0.4.1.tgz 0ms (cache hit)
3305 http cache fast-json-stable-stringify@https://registry.npmjs.org/fast-json-stable-stringify/-/fast-json-stable-stringify-2.1.0.tgz 0ms (cache hit)
3306 http cache uri-js@https://registry.npmjs.org/uri-js/-/uri-js-4.4.1.tgz 0ms (cache hit)
3307 http cache @humanfs/types@https://registry.npmjs.org/@humanfs/types/-/types-0.15.0.tgz 0ms (cache hit)
3308 http cache optionator@https://registry.npmjs.org/optionator/-/optionator-0.9.4.tgz 0ms (cache hit)
3309 http cache natural-compare@https://registry.npmjs.org/natural-compare/-/natural-compare-1.4.0.tgz 0ms (cache hit)
3310 http cache levn@https://registry.npmjs.org/levn/-/levn-0.4.1.tgz 0ms (cache hit)
3311 http cache is-glob@https://registry.npmjs.org/is-glob/-/is-glob-4.0.3.tgz 0ms (cache hit)
3312 http cache json-stable-stringify-without-jsonify@https://registry.npmjs.org/json-stable-stringify-without-jsonify/-/json-stable-stringify-without-jsonify-1.0.1.tgz 0ms (cache hit)
3313 http cache imurmurhash@https://registry.npmjs.org/imurmurhash/-/imurmurhash-0.1.4.tgz 0ms (cache hit)
3314 http cache ignore@https://registry.npmjs.org/ignore/-/ignore-5.3.2.tgz 0ms (cache hit)
3315 http cache glob-parent@https://registry.npmjs.org/glob-parent/-/glob-parent-6.0.2.tgz 0ms (cache hit)
3316 http cache find-up@https://registry.npmjs.org/find-up/-/find-up-5.0.0.tgz 0ms (cache hit)
3317 http cache esutils@https://registry.npmjs.org/esutils/-/esutils-2.0.3.tgz 0ms (cache hit)
3318 http cache file-entry-cache@https://registry.npmjs.org/file-entry-cache/-/file-entry-cache-8.0.0.tgz 0ms (cache hit)
3319 http cache esquery@https://registry.npmjs.org/esquery/-/esquery-1.7.0.tgz 0ms (cache hit)
3320 http cache escape-string-regexp@https://registry.npmjs.org/escape-string-regexp/-/escape-string-regexp-4.0.0.tgz 0ms (cache hit)
3321 http cache fast-deep-equal@https://registry.npmjs.org/fast-deep-equal/-/fast-deep-equal-3.1.3.tgz 0ms (cache hit)
3322 http cache debug@https://registry.npmjs.org/debug/-/debug-4.4.3.tgz 0ms (cache hit)
3323 http cache @humanwhocodes/retry@https://registry.npmjs.org/@humanwhocodes/retry/-/retry-0.4.3.tgz 0ms (cache hit)
3324 http cache cross-spawn@https://registry.npmjs.org/cross-spawn/-/cross-spawn-7.0.6.tgz 0ms (cache hit)
3325 http cache @humanwhocodes/module-importer@https://registry.npmjs.org/@humanwhocodes/module-importer/-/module-importer-1.0.1.tgz 0ms (cache hit)
3326 http cache ajv@https://registry.npmjs.org/ajv/-/ajv-6.15.0.tgz 0ms (cache hit)
3327 http cache @humanfs/node@https://registry.npmjs.org/@humanfs/node/-/node-0.16.8.tgz 0ms (cache hit)
3328 http cache @eslint-community/eslint-utils@https://registry.npmjs.org/@eslint-community/eslint-utils/-/eslint-utils-4.9.1.tgz 0ms (cache hit)
3329 http cache tapable@https://registry.npmjs.org/tapable/-/tapable-2.3.3.tgz 0ms (cache hit)
3330 http cache graceful-fs@https://registry.npmjs.org/graceful-fs/-/graceful-fs-4.2.11.tgz 0ms (cache hit)
3331 http cache htmlparser2@https://registry.npmjs.org/htmlparser2/-/htmlparser2-10.1.0.tgz 0ms (cache hit)
3332 http cache @eslint-community/regexpp@https://registry.npmjs.org/@eslint-community/regexpp/-/regexpp-4.12.2.tgz 0ms (cache hit)
3333 http cache csstype@https://registry.npmjs.org/csstype/-/csstype-3.2.3.tgz 0ms (cache hit)
3334 http cache undici-types@https://registry.npmjs.org/undici-types/-/undici-types-7.24.6.tgz 0ms (cache hit)
3335 http cache @tiptap/extension-underline@https://registry.npmjs.org/@tiptap/extension-underline/-/extension-underline-3.27.1.tgz 0ms (cache hit)
3336 http cache @tiptap/extension-text@https://registry.npmjs.org/@tiptap/extension-text/-/extension-text-3.27.1.tgz 0ms (cache hit)
3337 http cache @tiptap/extension-paragraph@https://registry.npmjs.org/@tiptap/extension-paragraph/-/extension-paragraph-3.27.1.tgz 0ms (cache hit)
3338 http cache @tiptap/extension-strike@https://registry.npmjs.org/@tiptap/extension-strike/-/extension-strike-3.27.1.tgz 0ms (cache hit)
3339 http cache @tiptap/extension-list-keymap@https://registry.npmjs.org/@tiptap/extension-list-keymap/-/extension-list-keymap-3.27.1.tgz 0ms (cache hit)
3340 http cache @tiptap/extension-list-item@https://registry.npmjs.org/@tiptap/extension-list-item/-/extension-list-item-3.27.1.tgz 0ms (cache hit)
3341 http cache @tiptap/extension-ordered-list@https://registry.npmjs.org/@tiptap/extension-ordered-list/-/extension-ordered-list-3.27.1.tgz 0ms (cache hit)
3342 http cache @tiptap/extension-horizontal-rule@https://registry.npmjs.org/@tiptap/extension-horizontal-rule/-/extension-horizontal-rule-3.27.1.tgz 0ms (cache hit)
3343 http cache @tiptap/extension-heading@https://registry.npmjs.org/@tiptap/extension-heading/-/extension-heading-3.27.1.tgz 0ms (cache hit)
3344 http cache @tiptap/extension-hard-break@https://registry.npmjs.org/@tiptap/extension-hard-break/-/extension-hard-break-3.27.1.tgz 0ms (cache hit)
3345 http cache @tiptap/extensions@https://registry.npmjs.org/@tiptap/extensions/-/extensions-3.27.1.tgz 0ms (cache hit)
3346 http cache @tiptap/extension-gapcursor@https://registry.npmjs.org/@tiptap/extension-gapcursor/-/extension-gapcursor-3.27.1.tgz 0ms (cache hit)
3347 http cache @tiptap/extension-italic@https://registry.npmjs.org/@tiptap/extension-italic/-/extension-italic-3.27.1.tgz 0ms (cache hit)
3348 http cache @tiptap/extension-dropcursor@https://registry.npmjs.org/@tiptap/extension-dropcursor/-/extension-dropcursor-3.27.1.tgz 0ms (cache hit)
3349 http cache @tiptap/extension-code-block@https://registry.npmjs.org/@tiptap/extension-code-block/-/extension-code-block-3.27.1.tgz 0ms (cache hit)
3350 http cache @tiptap/extension-document@https://registry.npmjs.org/@tiptap/extension-document/-/extension-document-3.27.1.tgz 0ms (cache hit)
3351 http cache @tiptap/extension-list@https://registry.npmjs.org/@tiptap/extension-list/-/extension-list-3.27.1.tgz 0ms (cache hit)
3352 http cache @tiptap/extension-code@https://registry.npmjs.org/@tiptap/extension-code/-/extension-code-3.27.1.tgz 0ms (cache hit)
3353 http cache @tiptap/extension-bullet-list@https://registry.npmjs.org/@tiptap/extension-bullet-list/-/extension-bullet-list-3.27.1.tgz 0ms (cache hit)
3354 http cache @floating-ui/utils@https://registry.npmjs.org/@floating-ui/utils/-/utils-0.2.11.tgz 0ms (cache hit)
3355 http cache @floating-ui/core@https://registry.npmjs.org/@floating-ui/core/-/core-1.7.5.tgz 0ms (cache hit)
3356 http cache @tiptap/extension-bold@https://registry.npmjs.org/@tiptap/extension-bold/-/extension-bold-3.27.1.tgz 0ms (cache hit)
3357 http cache use-sync-external-store@https://registry.npmjs.org/use-sync-external-store/-/use-sync-external-store-1.6.0.tgz 0ms (cache hit)
3358 http cache @tiptap/extension-blockquote@https://registry.npmjs.org/@tiptap/extension-blockquote/-/extension-blockquote-3.27.1.tgz 0ms (cache hit)
3359 http cache @types/use-sync-external-store@https://registry.npmjs.org/@types/use-sync-external-store/-/use-sync-external-store-0.0.6.tgz 0ms (cache hit)
3360 http cache fast-equals@https://registry.npmjs.org/fast-equals/-/fast-equals-5.4.0.tgz 0ms (cache hit)
3361 http cache @tiptap/extension-floating-menu@https://registry.npmjs.org/@tiptap/extension-floating-menu/-/extension-floating-menu-3.27.1.tgz 0ms (cache hit)
3362 http cache @floating-ui/dom@https://registry.npmjs.org/@floating-ui/dom/-/dom-1.7.6.tgz 0ms (cache hit)
3363 http cache @tiptap/extension-bubble-menu@https://registry.npmjs.org/@tiptap/extension-bubble-menu/-/extension-bubble-menu-3.27.1.tgz 0ms (cache hit)
3364 http cache prosemirror-view@https://registry.npmjs.org/prosemirror-view/-/prosemirror-view-1.41.9.tgz 0ms (cache hit)
3365 http cache prosemirror-transform@https://registry.npmjs.org/prosemirror-transform/-/prosemirror-transform-1.12.0.tgz 0ms (cache hit)
3366 http cache prosemirror-state@https://registry.npmjs.org/prosemirror-state/-/prosemirror-state-1.4.4.tgz 0ms (cache hit)
3367 http cache prosemirror-tables@https://registry.npmjs.org/prosemirror-tables/-/prosemirror-tables-1.8.5.tgz 0ms (cache hit)
3368 http cache prosemirror-schema-list@https://registry.npmjs.org/prosemirror-schema-list/-/prosemirror-schema-list-1.5.1.tgz 0ms (cache hit)
3369 http cache prosemirror-model@https://registry.npmjs.org/prosemirror-model/-/prosemirror-model-1.25.9.tgz 0ms (cache hit)
3370 http cache prosemirror-keymap@https://registry.npmjs.org/prosemirror-keymap/-/prosemirror-keymap-1.2.3.tgz 0ms (cache hit)
3371 http cache prosemirror-inputrules@https://registry.npmjs.org/prosemirror-inputrules/-/prosemirror-inputrules-1.5.1.tgz 0ms (cache hit)
3372 http cache prosemirror-history@https://registry.npmjs.org/prosemirror-history/-/prosemirror-history-1.5.0.tgz 0ms (cache hit)
3373 http cache prosemirror-dropcursor@https://registry.npmjs.org/prosemirror-dropcursor/-/prosemirror-dropcursor-1.8.2.tgz 0ms (cache hit)
3374 http cache prosemirror-gapcursor@https://registry.npmjs.org/prosemirror-gapcursor/-/prosemirror-gapcursor-1.4.1.tgz 0ms (cache hit)
3375 http cache @tailwindcss/oxide-win32-x64-msvc@https://registry.npmjs.org/@tailwindcss/oxide-win32-x64-msvc/-/oxide-win32-x64-msvc-4.3.1.tgz 0ms (cache hit)
3376 http cache prosemirror-changeset@https://registry.npmjs.org/prosemirror-changeset/-/prosemirror-changeset-2.4.1.tgz 0ms (cache hit)
3377 http cache prosemirror-commands@https://registry.npmjs.org/prosemirror-commands/-/prosemirror-commands-1.7.1.tgz 0ms (cache hit)
3378 http cache @jridgewell/resolve-uri@https://registry.npmjs.org/@jridgewell/resolve-uri/-/resolve-uri-3.1.2.tgz 0ms (cache hit)
3379 http cache source-map-js@https://registry.npmjs.org/source-map-js/-/source-map-js-1.2.1.tgz 0ms (cache hit)
3380 http cache linkifyjs@https://registry.npmjs.org/linkifyjs/-/linkifyjs-4.3.3.tgz 0ms (cache hit)
3381 http cache @jridgewell/sourcemap-codec@https://registry.npmjs.org/@jridgewell/sourcemap-codec/-/sourcemap-codec-1.5.5.tgz 0ms (cache hit)
3382 http cache magic-string@https://registry.npmjs.org/magic-string/-/magic-string-0.30.21.tgz 0ms (cache hit)
3383 http cache @jridgewell/trace-mapping@https://registry.npmjs.org/@jridgewell/trace-mapping/-/trace-mapping-0.3.31.tgz 0ms (cache hit)
3384 http cache @jridgewell/gen-mapping@https://registry.npmjs.org/@jridgewell/gen-mapping/-/gen-mapping-0.3.13.tgz 0ms (cache hit)
3385 http cache lightningcss@https://registry.npmjs.org/lightningcss/-/lightningcss-1.32.0.tgz 0ms (cache hit)
3386 http cache @jridgewell/remapping@https://registry.npmjs.org/@jridgewell/remapping/-/remapping-2.3.5.tgz 0ms (cache hit)
3387 http cache @tailwindcss/oxide@https://registry.npmjs.org/@tailwindcss/oxide/-/oxide-4.3.1.tgz 0ms (cache hit)
3388 http cache postcss@https://registry.npmjs.org/postcss/-/postcss-8.5.15.tgz 0ms (cache hit)
3389 http cache enhanced-resolve@https://registry.npmjs.org/enhanced-resolve/-/enhanced-resolve-5.21.6.tgz 0ms (cache hit)
3390 http cache jiti@https://registry.npmjs.org/jiti/-/jiti-2.7.0.tgz 0ms (cache hit)
3391 http cache @alloc/quick-lru@https://registry.npmjs.org/@alloc/quick-lru/-/quick-lru-5.2.0.tgz 0ms (cache hit)
3392 http cache @tailwindcss/node@https://registry.npmjs.org/@tailwindcss/node/-/node-4.3.1.tgz 0ms (cache hit)
3393 http cache @supabase/phoenix@https://registry.npmjs.org/@supabase/phoenix/-/phoenix-0.4.4.tgz 0ms (cache hit)
3394 http cache iceberg-js@https://registry.npmjs.org/iceberg-js/-/iceberg-js-0.8.1.tgz 0ms (cache hit)
3395 http cache @supabase/realtime-js@https://registry.npmjs.org/@supabase/realtime-js/-/realtime-js-2.108.2.tgz 0ms (cache hit)
3396 http cache tslib@https://registry.npmjs.org/tslib/-/tslib-2.8.1.tgz 0ms (cache hit)
3397 http cache @supabase/storage-js@https://registry.npmjs.org/@supabase/storage-js/-/storage-js-2.108.2.tgz 0ms (cache hit)
3398 http cache @supabase/postgrest-js@https://registry.npmjs.org/@supabase/postgrest-js/-/postgrest-js-2.108.2.tgz 0ms (cache hit)
3399 http cache cookie@https://registry.npmjs.org/cookie/-/cookie-1.1.1.tgz 0ms (cache hit)
3400 http cache @supabase/auth-js@https://registry.npmjs.org/@supabase/auth-js/-/auth-js-2.108.2.tgz 0ms (cache hit)
3401 http cache @supabase/functions-js@https://registry.npmjs.org/@supabase/functions-js/-/functions-js-2.108.2.tgz 0ms (cache hit)
3402 http cache typescript@https://registry.npmjs.org/typescript/-/typescript-6.0.3.tgz 0ms (cache hit)
3403 http cache tailwindcss@https://registry.npmjs.org/tailwindcss/-/tailwindcss-4.3.1.tgz 0ms (cache hit)
3404 http cache sanitize-html@https://registry.npmjs.org/sanitize-html/-/sanitize-html-2.17.5.tgz 0ms (cache hit)
3405 http cache clsx@https://registry.npmjs.org/clsx/-/clsx-2.1.1.tgz 0ms (cache hit)
3406 http cache next@https://registry.npmjs.org/next/-/next-16.2.9.tgz 0ms (cache hit)
3407 http cache @types/sanitize-html@https://registry.npmjs.org/@types/sanitize-html/-/sanitize-html-2.16.1.tgz 0ms (cache hit)
3408 http cache @types/node@https://registry.npmjs.org/@types/node/-/node-25.9.3.tgz 0ms (cache hit)
3409 http cache eslint-config-next@https://registry.npmjs.org/eslint-config-next/-/eslint-config-next-16.2.9.tgz 0ms (cache hit)
3410 http cache @tiptap/starter-kit@https://registry.npmjs.org/@tiptap/starter-kit/-/starter-kit-3.27.1.tgz 0ms (cache hit)
3411 http cache @types/react-dom@https://registry.npmjs.org/@types/react-dom/-/react-dom-19.2.3.tgz 0ms (cache hit)
3412 http cache react-dom@https://registry.npmjs.org/react-dom/-/react-dom-19.2.7.tgz 0ms (cache hit)
3413 http cache @types/react@https://registry.npmjs.org/@types/react/-/react-19.2.17.tgz 0ms (cache hit)
3414 http cache @tiptap/extension-text-style@https://registry.npmjs.org/@tiptap/extension-text-style/-/extension-text-style-3.27.1.tgz 0ms (cache hit)
3415 http cache react@https://registry.npmjs.org/react/-/react-19.2.7.tgz 0ms (cache hit)
3416 http cache @tiptap/react@https://registry.npmjs.org/@tiptap/react/-/react-3.27.1.tgz 0ms (cache hit)
3417 http cache @supabase/supabase-js@https://registry.npmjs.org/@supabase/supabase-js/-/supabase-js-2.108.2.tgz 0ms (cache hit)
3418 http cache @tailwindcss/postcss@https://registry.npmjs.org/@tailwindcss/postcss/-/postcss-4.3.1.tgz 0ms (cache hit)
3419 http cache @tiptap/pm@https://registry.npmjs.org/@tiptap/pm/-/pm-3.27.1.tgz 0ms (cache hit)
3420 http cache @tiptap/extension-link@https://registry.npmjs.org/@tiptap/extension-link/-/extension-link-3.27.1.tgz 0ms (cache hit)
3421 http cache @tiptap/core@https://registry.npmjs.org/@tiptap/core/-/core-3.27.1.tgz 0ms (cache hit)
3422 http cache @supabase/ssr@https://registry.npmjs.org/@supabase/ssr/-/ssr-0.12.0.tgz 0ms (cache hit)
3423 http cache eslint-visitor-keys@https://registry.npmjs.org/eslint-visitor-keys/-/eslint-visitor-keys-5.0.1.tgz 0ms (cache hit)
3424 http cache balanced-match@https://registry.npmjs.org/balanced-match/-/balanced-match-4.0.4.tgz 0ms (cache hit)
3425 http cache ignore@https://registry.npmjs.org/ignore/-/ignore-7.0.5.tgz 0ms (cache hit)
3426 http cache semver@https://registry.npmjs.org/semver/-/semver-7.8.4.tgz 0ms (cache hit)
3427 http cache brace-expansion@https://registry.npmjs.org/brace-expansion/-/brace-expansion-5.0.6.tgz 0ms (cache hit)
3428 http cache minimatch@https://registry.npmjs.org/minimatch/-/minimatch-10.2.5.tgz 0ms (cache hit)
3429 http cache entities@https://registry.npmjs.org/entities/-/entities-4.5.0.tgz 0ms (cache hit)
3430 http cache picomatch@https://registry.npmjs.org/picomatch/-/picomatch-4.0.4.tgz 0ms (cache hit)
3431 http cache json5@https://registry.npmjs.org/json5/-/json5-1.0.2.tgz 0ms (cache hit)
3432 http cache semver@https://registry.npmjs.org/semver/-/semver-7.8.4.tgz 0ms (cache hit)
3433 http cache debug@https://registry.npmjs.org/debug/-/debug-3.2.7.tgz 0ms (cache hit)
3434 http cache fdir@https://registry.npmjs.org/fdir/-/fdir-6.5.0.tgz 0ms (cache hit)
3435 http cache debug@https://registry.npmjs.org/debug/-/debug-3.2.7.tgz 0ms (cache hit)
3436 http cache globals@https://registry.npmjs.org/globals/-/globals-14.0.0.tgz 0ms (cache hit)
3437 http cache glob-parent@https://registry.npmjs.org/glob-parent/-/glob-parent-5.1.2.tgz 0ms (cache hit)
3438 http cache semver@https://registry.npmjs.org/semver/-/semver-7.8.4.tgz 0ms (cache hit)
3439 http cache debug@https://registry.npmjs.org/debug/-/debug-3.2.7.tgz 0ms (cache hit)
3440 http cache eslint-visitor-keys@https://registry.npmjs.org/eslint-visitor-keys/-/eslint-visitor-keys-3.4.3.tgz 0ms (cache hit)
3441 silly tarball no local data for is-weakset@https://registry.npmjs.org/is-weakset/-/is-weakset-2.0.4.tgz. Extracting by manifest.
3442 http cache postcss@https://registry.npmjs.org/postcss/-/postcss-8.4.31.tgz 0ms (cache hit)
3443 silly tarball no local data for is-weakmap@https://registry.npmjs.org/is-weakmap/-/is-weakmap-2.0.2.tgz. Extracting by manifest.
3444 silly tarball no local data for async-function@https://registry.npmjs.org/async-function/-/async-function-1.0.0.tgz. Extracting by manifest.
3445 silly tarball no local data for generator-function@https://registry.npmjs.org/generator-function/-/generator-function-2.0.1.tgz. Extracting by manifest.
3446 silly tarball no local data for is-map@https://registry.npmjs.org/is-map/-/is-map-2.0.3.tgz. Extracting by manifest.
3447 silly tarball no local data for which-collection@https://registry.npmjs.org/which-collection/-/which-collection-1.0.2.tgz. Extracting by manifest.
3448 silly tarball no local data for is-finalizationregistry@https://registry.npmjs.org/is-finalizationregistry/-/is-finalizationregistry-1.1.1.tgz. Extracting by manifest.
3449 silly tarball no local data for is-generator-function@https://registry.npmjs.org/is-generator-function/-/is-generator-function-1.1.2.tgz. Extracting by manifest.
3450 silly tarball no local data for is-async-function@https://registry.npmjs.org/is-async-function/-/is-async-function-2.1.1.tgz. Extracting by manifest.
3451 silly tarball no local data for is-number-object@https://registry.npmjs.org/is-number-object/-/is-number-object-1.1.1.tgz. Extracting by manifest.
3452 silly tarball no local data for is-bigint@https://registry.npmjs.org/is-bigint/-/is-bigint-1.1.0.tgz. Extracting by manifest.
3453 silly tarball no local data for is-boolean-object@https://registry.npmjs.org/is-boolean-object/-/is-boolean-object-1.2.2.tgz. Extracting by manifest.
3454 silly tarball no local data for escalade@https://registry.npmjs.org/escalade/-/escalade-3.2.0.tgz. Extracting by manifest.
3455 silly tarball no local data for @emnapi/core@https://registry.npmjs.org/@emnapi/core/-/core-1.10.0.tgz. Extracting by manifest.
3456 silly tarball no local data for isexe@https://registry.npmjs.org/isexe/-/isexe-2.0.0.tgz. Extracting by manifest.
3457 silly tarball no local data for @tybys/wasm-util@https://registry.npmjs.org/@tybys/wasm-util/-/wasm-util-0.10.2.tgz. Extracting by manifest.
3458 silly tarball no local data for punycode@https://registry.npmjs.org/punycode/-/punycode-2.3.1.tgz. Extracting by manifest.
3459 silly tarball no local data for @napi-rs/wasm-runtime@https://registry.npmjs.org/@napi-rs/wasm-runtime/-/wasm-runtime-1.1.5.tgz. Extracting by manifest.
3460 silly tarball no local data for @unrs/resolver-binding-win32-x64-msvc@https://registry.npmjs.org/@unrs/resolver-binding-win32-x64-msvc/-/resolver-binding-win32-x64-msvc-1.12.2.tgz. Extracting by manifest.
3461 silly tarball no local data for @emnapi/wasi-threads@https://registry.npmjs.org/@emnapi/wasi-threads/-/wasi-threads-1.2.1.tgz. Extracting by manifest.
3462 silly tarball no local data for napi-postinstall@https://registry.npmjs.org/napi-postinstall/-/napi-postinstall-0.3.4.tgz. Extracting by manifest.
3463 silly tarball no local data for @typescript-eslint/tsconfig-utils@https://registry.npmjs.org/@typescript-eslint/tsconfig-utils/-/tsconfig-utils-8.61.1.tgz. Extracting by manifest.
3464 silly tarball no local data for which-boxed-primitive@https://registry.npmjs.org/which-boxed-primitive/-/which-boxed-primitive-1.1.1.tgz. Extracting by manifest.
3465 silly tarball no local data for @typescript-eslint/types@https://registry.npmjs.org/@typescript-eslint/types/-/types-8.61.1.tgz. Extracting by manifest.
3466 silly tarball no local data for ts-api-utils@https://registry.npmjs.org/ts-api-utils/-/ts-api-utils-2.5.0.tgz. Extracting by manifest.
3467 silly tarball no local data for has-bigints@https://registry.npmjs.org/has-bigints/-/has-bigints-1.1.0.tgz. Extracting by manifest.
3468 silly tarball no local data for @typescript-eslint/project-service@https://registry.npmjs.org/@typescript-eslint/project-service/-/project-service-8.61.1.tgz. Extracting by manifest.
3469 silly tarball no local data for @typescript-eslint/scope-manager@https://registry.npmjs.org/@typescript-eslint/scope-manager/-/scope-manager-8.61.1.tgz. Extracting by manifest.
3470 silly tarball no local data for @typescript-eslint/visitor-keys@https://registry.npmjs.org/@typescript-eslint/visitor-keys/-/visitor-keys-8.61.1.tgz. Extracting by manifest.
3471 silly tarball no local data for @typescript-eslint/type-utils@https://registry.npmjs.org/@typescript-eslint/type-utils/-/type-utils-8.61.1.tgz. Extracting by manifest.
3472 silly tarball no local data for @typescript-eslint/parser@https://registry.npmjs.org/@typescript-eslint/parser/-/parser-8.61.1.tgz. Extracting by manifest.
3473 silly tarball no local data for @typescript-eslint/utils@https://registry.npmjs.org/@typescript-eslint/utils/-/utils-8.61.1.tgz. Extracting by manifest.
3474 silly tarball no local data for @typescript-eslint/typescript-estree@https://registry.npmjs.org/@typescript-eslint/typescript-estree/-/typescript-estree-8.61.1.tgz. Extracting by manifest.
3475 silly tarball no local data for @typescript-eslint/eslint-plugin@https://registry.npmjs.org/@typescript-eslint/eslint-plugin/-/eslint-plugin-8.61.1.tgz. Extracting by manifest.
3476 silly tarball no local data for which-builtin-type@https://registry.npmjs.org/which-builtin-type/-/which-builtin-type-1.2.1.tgz. Extracting by manifest.
3477 silly tarball no local data for @types/json5@https://registry.npmjs.org/@types/json5/-/json5-0.0.29.tgz. Extracting by manifest.
3478 silly tarball no local data for for-each@https://registry.npmjs.org/for-each/-/for-each-0.3.5.tgz. Extracting by manifest.
3479 silly tarball no local data for strip-bom@https://registry.npmjs.org/strip-bom/-/strip-bom-3.0.0.tgz. Extracting by manifest.
3480 silly tarball no local data for minimist@https://registry.npmjs.org/minimist/-/minimist-1.2.8.tgz. Extracting by manifest.
3481 silly tarball no local data for reflect.getprototypeof@https://registry.npmjs.org/reflect.getprototypeof/-/reflect.getprototypeof-1.0.10.tgz. Extracting by manifest.
3482 silly tarball no local data for is-number@https://registry.npmjs.org/is-number/-/is-number-7.0.0.tgz. Extracting by manifest.
3483 silly tarball no local data for has-flag@https://registry.npmjs.org/has-flag/-/has-flag-4.0.0.tgz. Extracting by manifest.
3484 silly tarball no local data for side-channel-weakmap@https://registry.npmjs.org/side-channel-weakmap/-/side-channel-weakmap-1.0.2.tgz. Extracting by manifest.
3485 silly tarball no local data for client-only@https://registry.npmjs.org/client-only/-/client-only-0.0.1.tgz. Extracting by manifest.
3486 silly tarball no local data for @emnapi/runtime@https://registry.npmjs.org/@emnapi/runtime/-/runtime-1.11.1.tgz. Extracting by manifest.
3487 silly tarball no local data for side-channel-map@https://registry.npmjs.org/side-channel-map/-/side-channel-map-1.0.1.tgz. Extracting by manifest.
3488 silly tarball no local data for @img/colour@https://registry.npmjs.org/@img/colour/-/colour-1.1.0.tgz. Extracting by manifest.
3489 silly tarball no local data for shebang-regex@https://registry.npmjs.org/shebang-regex/-/shebang-regex-3.0.0.tgz. Extracting by manifest.
3490 silly tarball no local data for @img/sharp-win32-x64@https://registry.npmjs.org/@img/sharp-win32-x64/-/sharp-win32-x64-0.34.5.tgz. Extracting by manifest.
3491 silly tarball no local data for dayjs@https://registry.npmjs.org/dayjs/-/dayjs-1.11.21.tgz. Extracting by manifest.
3492 silly tarball no local data for side-channel-list@https://registry.npmjs.org/side-channel-list/-/side-channel-list-1.0.1.tgz. Extracting by manifest.
3493 silly tarball no local data for launder@https://registry.npmjs.org/launder/-/launder-1.7.1.tgz. Extracting by manifest.
3494 silly tarball no local data for is-plain-object@https://registry.npmjs.org/is-plain-object/-/is-plain-object-5.0.0.tgz. Extracting by manifest.
3495 silly tarball no local data for parse-srcset@https://registry.npmjs.org/parse-srcset/-/parse-srcset-1.0.2.tgz. Extracting by manifest.
3496 silly tarball no local data for deepmerge@https://registry.npmjs.org/deepmerge/-/deepmerge-4.3.1.tgz. Extracting by manifest.
3497 silly tarball no local data for queue-microtask@https://registry.npmjs.org/queue-microtask/-/queue-microtask-1.2.3.tgz. Extracting by manifest.
3498 silly tarball no local data for isarray@https://registry.npmjs.org/isarray/-/isarray-2.0.5.tgz. Extracting by manifest.
3499 silly tarball no local data for supports-preserve-symlinks-flag@https://registry.npmjs.org/supports-preserve-symlinks-flag/-/supports-preserve-symlinks-flag-1.0.0.tgz. Extracting by manifest.
3500 silly tarball no local data for path-parse@https://registry.npmjs.org/path-parse/-/path-parse-1.0.7.tgz. Extracting by manifest.
3501 silly tarball no local data for scheduler@https://registry.npmjs.org/scheduler/-/scheduler-0.27.0.tgz. Extracting by manifest.
3502 silly tarball no local data for node-exports-info@https://registry.npmjs.org/node-exports-info/-/node-exports-info-1.6.0.tgz. Extracting by manifest.
3503 silly tarball no local data for orderedmap@https://registry.npmjs.org/orderedmap/-/orderedmap-2.1.1.tgz. Extracting by manifest.
3504 silly tarball no local data for w3c-keyname@https://registry.npmjs.org/w3c-keyname/-/w3c-keyname-2.2.8.tgz. Extracting by manifest.
3505 silly tarball no local data for react-is@https://registry.npmjs.org/react-is/-/react-is-16.13.1.tgz. Extracting by manifest.
3506 silly tarball no local data for rope-sequence@https://registry.npmjs.org/rope-sequence/-/rope-sequence-1.3.4.tgz. Extracting by manifest.
3507 silly tarball no local data for nanoid@https://registry.npmjs.org/nanoid/-/nanoid-3.3.13.tgz. Extracting by manifest.
3508 silly tarball no local data for object-assign@https://registry.npmjs.org/object-assign/-/object-assign-4.1.1.tgz. Extracting by manifest.
3509 silly tarball no local data for loose-envify@https://registry.npmjs.org/loose-envify/-/loose-envify-1.4.0.tgz. Extracting by manifest.
3510 silly tarball no local data for word-wrap@https://registry.npmjs.org/word-wrap/-/word-wrap-1.2.5.tgz. Extracting by manifest.
3511 silly tarball no local data for callsites@https://registry.npmjs.org/callsites/-/callsites-3.1.0.tgz. Extracting by manifest.
3512 silly tarball no local data for yocto-queue@https://registry.npmjs.org/yocto-queue/-/yocto-queue-0.1.0.tgz. Extracting by manifest.
3513 silly tarball no local data for @swc/helpers@https://registry.npmjs.org/@swc/helpers/-/helpers-0.5.15.tgz. Extracting by manifest.
3514 silly tarball no local data for styled-jsx@https://registry.npmjs.org/styled-jsx/-/styled-jsx-5.1.6.tgz. Extracting by manifest.
3515 silly tarball no local data for fast-levenshtein@https://registry.npmjs.org/fast-levenshtein/-/fast-levenshtein-2.0.6.tgz. Extracting by manifest.
3516 silly tarball no local data for p-limit@https://registry.npmjs.org/p-limit/-/p-limit-3.1.0.tgz. Extracting by manifest.
3517 silly tarball no local data for deep-is@https://registry.npmjs.org/deep-is/-/deep-is-0.1.4.tgz. Extracting by manifest.
3518 silly tarball no local data for @next/swc-win32-x64-msvc@https://registry.npmjs.org/@next/swc-win32-x64-msvc/-/swc-win32-x64-msvc-16.2.9.tgz. Extracting by manifest.
3519 silly tarball no local data for sharp@https://registry.npmjs.org/sharp/-/sharp-0.34.5.tgz. Extracting by manifest.
3520 silly tarball no local data for concat-map@https://registry.npmjs.org/concat-map/-/concat-map-0.0.1.tgz. Extracting by manifest.
3521 silly tarball no local data for brace-expansion@https://registry.npmjs.org/brace-expansion/-/brace-expansion-1.1.15.tgz. Extracting by manifest.
3522 silly tarball no local data for @next/env@https://registry.npmjs.org/@next/env/-/env-16.2.9.tgz. Extracting by manifest.
3523 silly tarball no local data for balanced-match@https://registry.npmjs.org/balanced-match/-/balanced-match-1.0.2.tgz. Extracting by manifest.
3524 silly tarball no local data for to-regex-range@https://registry.npmjs.org/to-regex-range/-/to-regex-range-5.0.1.tgz. Extracting by manifest.
3525 silly tarball no local data for picomatch@https://registry.npmjs.org/picomatch/-/picomatch-2.3.2.tgz. Extracting by manifest.
3526 silly tarball no local data for braces@https://registry.npmjs.org/braces/-/braces-3.0.3.tgz. Extracting by manifest.
3527 silly tarball no local data for fill-range@https://registry.npmjs.org/fill-range/-/fill-range-7.1.1.tgz. Extracting by manifest.
3528 silly tarball no local data for yallist@https://registry.npmjs.org/yallist/-/yallist-3.1.1.tgz. Extracting by manifest.
3529 silly tarball no local data for p-locate@https://registry.npmjs.org/p-locate/-/p-locate-5.0.0.tgz. Extracting by manifest.
3530 silly tarball no local data for detect-libc@https://registry.npmjs.org/detect-libc/-/detect-libc-2.1.2.tgz. Extracting by manifest.
3531 silly tarball no local data for type-check@https://registry.npmjs.org/type-check/-/type-check-0.4.0.tgz. Extracting by manifest.
3532 silly tarball no local data for prelude-ls@https://registry.npmjs.org/prelude-ls/-/prelude-ls-1.2.1.tgz. Extracting by manifest.
3533 silly tarball no local data for language-subtag-registry@https://registry.npmjs.org/language-subtag-registry/-/language-subtag-registry-0.3.23.tgz. Extracting by manifest.
3534 silly tarball no local data for lightningcss-win32-x64-msvc@https://registry.npmjs.org/lightningcss-win32-x64-msvc/-/lightningcss-win32-x64-msvc-1.32.0.tgz. Extracting by manifest.
3535 silly tarball no local data for argparse@https://registry.npmjs.org/argparse/-/argparse-2.0.1.tgz. Extracting by manifest.
3536 silly tarball no local data for json-buffer@https://registry.npmjs.org/json-buffer/-/json-buffer-3.0.1.tgz. Extracting by manifest.
3537 silly tarball no local data for is-extglob@https://registry.npmjs.org/is-extglob/-/is-extglob-2.1.1.tgz. Extracting by manifest.
3538 silly tarball no local data for set-function-name@https://registry.npmjs.org/set-function-name/-/set-function-name-2.0.2.tgz. Extracting by manifest.
3539 silly tarball no local data for side-channel@https://registry.npmjs.org/side-channel/-/side-channel-1.1.1.tgz. Extracting by manifest.
3540 silly tarball no local data for resolve-from@https://registry.npmjs.org/resolve-from/-/resolve-from-4.0.0.tgz. Extracting by manifest.
3541 silly tarball no local data for parent-module@https://registry.npmjs.org/parent-module/-/parent-module-1.0.1.tgz. Extracting by manifest.
3542 silly tarball no local data for entities@https://registry.npmjs.org/entities/-/entities-7.0.1.tgz. Extracting by manifest.
3543 silly tarball no local data for domhandler@https://registry.npmjs.org/domhandler/-/domhandler-5.0.3.tgz. Extracting by manifest.
3544 silly tarball no local data for dom-serializer@https://registry.npmjs.org/dom-serializer/-/dom-serializer-2.0.0.tgz. Extracting by manifest.
3545 silly tarball no local data for domutils@https://registry.npmjs.org/domutils/-/domutils-3.2.2.tgz. Extracting by manifest.
3546 silly tarball no local data for domelementtype@https://registry.npmjs.org/domelementtype/-/domelementtype-2.3.0.tgz. Extracting by manifest.
3547 silly tarball no local data for hermes-estree@https://registry.npmjs.org/hermes-estree/-/hermes-estree-0.25.1.tgz. Extracting by manifest.
3548 silly tarball no local data for resolve-pkg-maps@https://registry.npmjs.org/resolve-pkg-maps/-/resolve-pkg-maps-1.0.0.tgz. Extracting by manifest.
3549 silly tarball no local data for dunder-proto@https://registry.npmjs.org/dunder-proto/-/dunder-proto-1.0.1.tgz. Extracting by manifest.
3550 silly tarball no local data for is-document.all@https://registry.npmjs.org/is-document.all/-/is-document.all-1.0.0.tgz. Extracting by manifest.
3551 silly tarball no local data for functions-have-names@https://registry.npmjs.org/functions-have-names/-/functions-have-names-1.2.3.tgz. Extracting by manifest.
3552 silly tarball no local data for flatted@https://registry.npmjs.org/flatted/-/flatted-3.4.2.tgz. Extracting by manifest.
3553 silly tarball no local data for path-exists@https://registry.npmjs.org/path-exists/-/path-exists-4.0.0.tgz. Extracting by manifest.
3554 silly tarball no local data for locate-path@https://registry.npmjs.org/locate-path/-/locate-path-6.0.0.tgz. Extracting by manifest.
3555 silly tarball no local data for keyv@https://registry.npmjs.org/keyv/-/keyv-4.5.4.tgz. Extracting by manifest.
3556 silly tarball no local data for flat-cache@https://registry.npmjs.org/flat-cache/-/flat-cache-4.0.1.tgz. Extracting by manifest.
3557 silly tarball no local data for @nodelib/fs.scandir@https://registry.npmjs.org/@nodelib/fs.scandir/-/fs.scandir-2.1.5.tgz. Extracting by manifest.
3558 silly tarball no local data for run-parallel@https://registry.npmjs.org/run-parallel/-/run-parallel-1.2.0.tgz. Extracting by manifest.
3559 silly tarball no local data for fastq@https://registry.npmjs.org/fastq/-/fastq-1.20.1.tgz. Extracting by manifest.
3560 silly tarball no local data for reusify@https://registry.npmjs.org/reusify/-/reusify-1.1.0.tgz. Extracting by manifest.
3561 silly tarball no local data for @nodelib/fs.walk@https://registry.npmjs.org/@nodelib/fs.walk/-/fs.walk-1.2.8.tgz. Extracting by manifest.
3562 silly tarball no local data for micromatch@https://registry.npmjs.org/micromatch/-/micromatch-4.0.8.tgz. Extracting by manifest.
3563 silly tarball no local data for merge2@https://registry.npmjs.org/merge2/-/merge2-1.4.1.tgz. Extracting by manifest.
3564 silly tarball no local data for @nodelib/fs.stat@https://registry.npmjs.org/@nodelib/fs.stat/-/fs.stat-2.0.5.tgz. Extracting by manifest.
3565 silly tarball no local data for acorn-jsx@https://registry.npmjs.org/acorn-jsx/-/acorn-jsx-5.3.2.tgz. Extracting by manifest.
3566 silly tarball no local data for acorn@https://registry.npmjs.org/acorn/-/acorn-8.17.0.tgz. Extracting by manifest.
3567 silly tarball no local data for esrecurse@https://registry.npmjs.org/esrecurse/-/esrecurse-4.3.0.tgz. Extracting by manifest.
3568 silly tarball no local data for update-browserslist-db@https://registry.npmjs.org/update-browserslist-db/-/update-browserslist-db-1.2.3.tgz. Extracting by manifest.
3569 silly tarball no local data for node-releases@https://registry.npmjs.org/node-releases/-/node-releases-2.0.48.tgz. Extracting by manifest.
3570 silly tarball no local data for @babel/helper-string-parser@https://registry.npmjs.org/@babel/helper-string-parser/-/helper-string-parser-7.29.7.tgz. Extracting by manifest.
3571 silly tarball no local data for electron-to-chromium@https://registry.npmjs.org/electron-to-chromium/-/electron-to-chromium-1.5.375.tgz. Extracting by manifest.
3572 silly tarball no local data for baseline-browser-mapping@https://registry.npmjs.org/baseline-browser-mapping/-/baseline-browser-mapping-2.10.38.tgz. Extracting by manifest.
3573 silly tarball no local data for caniuse-lite@https://registry.npmjs.org/caniuse-lite/-/caniuse-lite-1.0.30001799.tgz. Extracting by manifest.
3574 silly tarball no local data for @babel/helper-globals@https://registry.npmjs.org/@babel/helper-globals/-/helper-globals-7.29.7.tgz. Extracting by manifest.
3575 silly tarball no local data for lru-cache@https://registry.npmjs.org/lru-cache/-/lru-cache-5.1.1.tgz. Extracting by manifest.
3576 silly tarball no local data for @babel/helper-module-imports@https://registry.npmjs.org/@babel/helper-module-imports/-/helper-module-imports-7.29.7.tgz. Extracting by manifest.
3577 silly tarball no local data for browserslist@https://registry.npmjs.org/browserslist/-/browserslist-4.28.2.tgz. Extracting by manifest.
3578 silly tarball no local data for @babel/compat-data@https://registry.npmjs.org/@babel/compat-data/-/compat-data-7.29.7.tgz. Extracting by manifest.
3579 silly tarball no local data for @babel/helper-validator-option@https://registry.npmjs.org/@babel/helper-validator-option/-/helper-validator-option-7.29.7.tgz. Extracting by manifest.
3580 silly tarball no local data for jsesc@https://registry.npmjs.org/jsesc/-/jsesc-3.1.0.tgz. Extracting by manifest.
3581 silly tarball no local data for js-tokens@https://registry.npmjs.org/js-tokens/-/js-tokens-4.0.0.tgz. Extracting by manifest.
3582 silly tarball no local data for @babel/helper-validator-identifier@https://registry.npmjs.org/@babel/helper-validator-identifier/-/helper-validator-identifier-7.29.7.tgz. Extracting by manifest.
3583 silly tarball no local data for picocolors@https://registry.npmjs.org/picocolors/-/picocolors-1.1.1.tgz. Extracting by manifest.
3584 silly tarball no local data for json5@https://registry.npmjs.org/json5/-/json5-2.2.3.tgz. Extracting by manifest.
3585 silly tarball no local data for gensync@https://registry.npmjs.org/gensync/-/gensync-1.0.0-beta.2.tgz. Extracting by manifest.
3586 silly tarball no local data for @babel/types@https://registry.npmjs.org/@babel/types/-/types-7.29.7.tgz. Extracting by manifest.
3587 silly tarball no local data for convert-source-map@https://registry.npmjs.org/convert-source-map/-/convert-source-map-2.0.0.tgz. Extracting by manifest.
3588 silly tarball no local data for @babel/helpers@https://registry.npmjs.org/@babel/helpers/-/helpers-7.29.7.tgz. Extracting by manifest.
3589 silly tarball no local data for @babel/helper-compilation-targets@https://registry.npmjs.org/@babel/helper-compilation-targets/-/helper-compilation-targets-7.29.7.tgz. Extracting by manifest.
3590 silly tarball no local data for @babel/template@https://registry.npmjs.org/@babel/template/-/template-7.29.7.tgz. Extracting by manifest.
3591 silly tarball no local data for @babel/traverse@https://registry.npmjs.org/@babel/traverse/-/traverse-7.29.7.tgz. Extracting by manifest.
3592 silly tarball no local data for @babel/generator@https://registry.npmjs.org/@babel/generator/-/generator-7.29.7.tgz. Extracting by manifest.
3593 silly tarball no local data for @babel/helper-module-transforms@https://registry.npmjs.org/@babel/helper-module-transforms/-/helper-module-transforms-7.29.7.tgz. Extracting by manifest.
3594 silly tarball no local data for @babel/code-frame@https://registry.npmjs.org/@babel/code-frame/-/code-frame-7.29.7.tgz. Extracting by manifest.
3595 silly tarball no local data for @babel/parser@https://registry.npmjs.org/@babel/parser/-/parser-7.29.7.tgz. Extracting by manifest.
3596 silly tarball no local data for zod-validation-error@https://registry.npmjs.org/zod-validation-error/-/zod-validation-error-4.0.2.tgz. Extracting by manifest.
3597 silly tarball no local data for zod@https://registry.npmjs.org/zod/-/zod-4.4.3.tgz. Extracting by manifest.
3598 silly tarball no local data for hermes-parser@https://registry.npmjs.org/hermes-parser/-/hermes-parser-0.25.1.tgz. Extracting by manifest.
3599 silly tarball no local data for iterator.prototype@https://registry.npmjs.org/iterator.prototype/-/iterator.prototype-1.1.5.tgz. Extracting by manifest.
3600 silly tarball no local data for @babel/core@https://registry.npmjs.org/@babel/core/-/core-7.29.7.tgz. Extracting by manifest.
3601 silly tarball no local data for string.prototype.repeat@https://registry.npmjs.org/string.prototype.repeat/-/string.prototype.repeat-1.0.0.tgz. Extracting by manifest.
3602 silly tarball no local data for prop-types@https://registry.npmjs.org/prop-types/-/prop-types-15.8.1.tgz. Extracting by manifest.
3603 silly tarball no local data for string.prototype.matchall@https://registry.npmjs.org/string.prototype.matchall/-/string.prototype.matchall-4.0.12.tgz. Extracting by manifest.
3604 silly tarball no local data for estraverse@https://registry.npmjs.org/estraverse/-/estraverse-5.3.0.tgz. Extracting by manifest.
3605 silly tarball no local data for array.prototype.findlast@https://registry.npmjs.org/array.prototype.findlast/-/array.prototype.findlast-1.2.5.tgz. Extracting by manifest.
3606 silly tarball no local data for object.entries@https://registry.npmjs.org/object.entries/-/object.entries-1.1.9.tgz. Extracting by manifest.
3607 silly tarball no local data for es-iterator-helpers@https://registry.npmjs.org/es-iterator-helpers/-/es-iterator-helpers-1.3.3.tgz. Extracting by manifest.
3608 silly tarball no local data for array.prototype.tosorted@https://registry.npmjs.org/array.prototype.tosorted/-/array.prototype.tosorted-1.1.4.tgz. Extracting by manifest.
3609 silly tarball no local data for string.prototype.includes@https://registry.npmjs.org/string.prototype.includes/-/string.prototype.includes-2.0.1.tgz. Extracting by manifest.
3610 silly tarball no local data for jsx-ast-utils@https://registry.npmjs.org/jsx-ast-utils/-/jsx-ast-utils-3.3.5.tgz. Extracting by manifest.
3611 silly tarball no local data for language-tags@https://registry.npmjs.org/language-tags/-/language-tags-1.0.9.tgz. Extracting by manifest.
3612 silly tarball no local data for damerau-levenshtein@https://registry.npmjs.org/damerau-levenshtein/-/damerau-levenshtein-1.0.8.tgz. Extracting by manifest.
3613 silly tarball no local data for emoji-regex@https://registry.npmjs.org/emoji-regex/-/emoji-regex-9.2.2.tgz. Extracting by manifest.
3614 silly tarball no local data for axobject-query@https://registry.npmjs.org/axobject-query/-/axobject-query-4.1.0.tgz. Extracting by manifest.
3615 silly tarball no local data for axe-core@https://registry.npmjs.org/axe-core/-/axe-core-4.12.1.tgz. Extracting by manifest.
3616 silly tarball no local data for ast-types-flow@https://registry.npmjs.org/ast-types-flow/-/ast-types-flow-0.0.8.tgz. Extracting by manifest.
3617 silly tarball no local data for aria-query@https://registry.npmjs.org/aria-query/-/aria-query-5.3.2.tgz. Extracting by manifest.
3618 silly tarball no local data for is-date-object@https://registry.npmjs.org/is-date-object/-/is-date-object-1.1.0.tgz. Extracting by manifest.
3619 silly tarball no local data for es-abstract-get@https://registry.npmjs.org/es-abstract-get/-/es-abstract-get-1.0.0.tgz. Extracting by manifest.
3620 silly tarball no local data for is-symbol@https://registry.npmjs.org/is-symbol/-/is-symbol-1.1.1.tgz. Extracting by manifest.
3621 silly tarball no local data for has-tostringtag@https://registry.npmjs.org/has-tostringtag/-/has-tostringtag-1.0.2.tgz. Extracting by manifest.
3622 silly tarball no local data for possible-typed-array-names@https://registry.npmjs.org/possible-typed-array-names/-/possible-typed-array-names-1.1.0.tgz. Extracting by manifest.
3623 silly tarball no local data for unbox-primitive@https://registry.npmjs.org/unbox-primitive/-/unbox-primitive-1.1.0.tgz. Extracting by manifest.
3624 silly tarball no local data for which-typed-array@https://registry.npmjs.org/which-typed-array/-/which-typed-array-1.1.22.tgz. Extracting by manifest.
3625 silly tarball no local data for typed-array-length@https://registry.npmjs.org/typed-array-length/-/typed-array-length-1.0.8.tgz. Extracting by manifest.
3626 silly tarball no local data for typed-array-buffer@https://registry.npmjs.org/typed-array-buffer/-/typed-array-buffer-1.0.3.tgz. Extracting by manifest.
3627 silly tarball no local data for typed-array-byte-offset@https://registry.npmjs.org/typed-array-byte-offset/-/typed-array-byte-offset-1.0.4.tgz. Extracting by manifest.
3628 silly tarball no local data for typed-array-byte-length@https://registry.npmjs.org/typed-array-byte-length/-/typed-array-byte-length-1.0.3.tgz. Extracting by manifest.
3629 silly tarball no local data for string.prototype.trim@https://registry.npmjs.org/string.prototype.trim/-/string.prototype.trim-1.2.11.tgz. Extracting by manifest.
3630 silly tarball no local data for string.prototype.trimstart@https://registry.npmjs.org/string.prototype.trimstart/-/string.prototype.trimstart-1.0.8.tgz. Extracting by manifest.
3631 silly tarball no local data for stop-iteration-iterator@https://registry.npmjs.org/stop-iteration-iterator/-/stop-iteration-iterator-1.1.0.tgz. Extracting by manifest.
3632 silly tarball no local data for safe-regex-test@https://registry.npmjs.org/safe-regex-test/-/safe-regex-test-1.1.0.tgz. Extracting by manifest.
3633 silly tarball no local data for set-proto@https://registry.npmjs.org/set-proto/-/set-proto-1.0.0.tgz. Extracting by manifest.
3634 silly tarball no local data for safe-array-concat@https://registry.npmjs.org/safe-array-concat/-/safe-array-concat-1.1.4.tgz. Extracting by manifest.
3635 silly tarball no local data for safe-push-apply@https://registry.npmjs.org/safe-push-apply/-/safe-push-apply-1.0.0.tgz. Extracting by manifest.
3636 silly tarball no local data for own-keys@https://registry.npmjs.org/own-keys/-/own-keys-1.0.1.tgz. Extracting by manifest.
3637 silly tarball no local data for regexp.prototype.flags@https://registry.npmjs.org/regexp.prototype.flags/-/regexp.prototype.flags-1.5.4.tgz. Extracting by manifest.
3638 silly tarball no local data for object.assign@https://registry.npmjs.org/object.assign/-/object.assign-4.1.7.tgz. Extracting by manifest.
3639 silly tarball no local data for is-typed-array@https://registry.npmjs.org/is-typed-array/-/is-typed-array-1.1.15.tgz. Extracting by manifest.
3640 silly tarball no local data for object-inspect@https://registry.npmjs.org/object-inspect/-/object-inspect-1.13.4.tgz. Extracting by manifest.
3641 silly tarball no local data for is-negative-zero@https://registry.npmjs.org/is-negative-zero/-/is-negative-zero-2.0.3.tgz. Extracting by manifest.
3642 silly tarball no local data for is-weakref@https://registry.npmjs.org/is-weakref/-/is-weakref-1.1.1.tgz. Extracting by manifest.
3643 silly tarball no local data for is-shared-array-buffer@https://registry.npmjs.org/is-shared-array-buffer/-/is-shared-array-buffer-1.0.4.tgz. Extracting by manifest.
3644 silly tarball no local data for is-set@https://registry.npmjs.org/is-set/-/is-set-2.0.3.tgz. Extracting by manifest.
3645 silly tarball no local data for is-callable@https://registry.npmjs.org/is-callable/-/is-callable-1.2.7.tgz. Extracting by manifest.
3646 silly tarball no local data for is-regex@https://registry.npmjs.org/is-regex/-/is-regex-1.2.1.tgz. Extracting by manifest.
3647 silly tarball no local data for is-data-view@https://registry.npmjs.org/is-data-view/-/is-data-view-1.0.2.tgz. Extracting by manifest.
3648 silly tarball no local data for internal-slot@https://registry.npmjs.org/internal-slot/-/internal-slot-1.1.0.tgz. Extracting by manifest.
3649 silly tarball no local data for is-array-buffer@https://registry.npmjs.org/is-array-buffer/-/is-array-buffer-3.0.5.tgz. Extracting by manifest.
3650 silly tarball no local data for has-proto@https://registry.npmjs.org/has-proto/-/has-proto-1.2.0.tgz. Extracting by manifest.
3651 silly tarball no local data for has-symbols@https://registry.npmjs.org/has-symbols/-/has-symbols-1.1.0.tgz. Extracting by manifest.
3652 silly tarball no local data for get-proto@https://registry.npmjs.org/get-proto/-/get-proto-1.0.1.tgz. Extracting by manifest.
3653 silly tarball no local data for globalthis@https://registry.npmjs.org/globalthis/-/globalthis-1.0.4.tgz. Extracting by manifest.
3654 silly tarball no local data for get-symbol-description@https://registry.npmjs.org/get-symbol-description/-/get-symbol-description-1.1.0.tgz. Extracting by manifest.
3655 silly tarball no local data for es-set-tostringtag@https://registry.npmjs.org/es-set-tostringtag/-/es-set-tostringtag-2.1.0.tgz. Extracting by manifest.
3656 silly tarball no local data for function.prototype.name@https://registry.npmjs.org/function.prototype.name/-/function.prototype.name-1.2.0.tgz. Extracting by manifest.
3657 silly tarball no local data for es-to-primitive@https://registry.npmjs.org/es-to-primitive/-/es-to-primitive-1.3.1.tgz. Extracting by manifest.
3658 silly tarball no local data for data-view-byte-offset@https://registry.npmjs.org/data-view-byte-offset/-/data-view-byte-offset-1.0.1.tgz. Extracting by manifest.
3659 silly tarball no local data for data-view-byte-length@https://registry.npmjs.org/data-view-byte-length/-/data-view-byte-length-1.0.2.tgz. Extracting by manifest.
3660 silly tarball no local data for available-typed-arrays@https://registry.npmjs.org/available-typed-arrays/-/available-typed-arrays-1.0.7.tgz. Extracting by manifest.
3661 silly tarball no local data for data-view-buffer@https://registry.npmjs.org/data-view-buffer/-/data-view-buffer-1.0.2.tgz. Extracting by manifest.
3662 silly tarball no local data for object-keys@https://registry.npmjs.org/object-keys/-/object-keys-1.1.1.tgz. Extracting by manifest.
3663 silly tarball no local data for gopd@https://registry.npmjs.org/gopd/-/gopd-1.2.0.tgz. Extracting by manifest.
3664 silly tarball no local data for array-buffer-byte-length@https://registry.npmjs.org/array-buffer-byte-length/-/array-buffer-byte-length-1.0.2.tgz. Extracting by manifest.
3665 silly tarball no local data for arraybuffer.prototype.slice@https://registry.npmjs.org/arraybuffer.prototype.slice/-/arraybuffer.prototype.slice-1.0.4.tgz. Extracting by manifest.
3666 silly tarball no local data for has-property-descriptors@https://registry.npmjs.org/has-property-descriptors/-/has-property-descriptors-1.0.2.tgz. Extracting by manifest.
3667 silly tarball no local data for define-data-property@https://registry.npmjs.org/define-data-property/-/define-data-property-1.1.4.tgz. Extracting by manifest.
3668 silly tarball no local data for es-define-property@https://registry.npmjs.org/es-define-property/-/es-define-property-1.0.1.tgz. Extracting by manifest.
3669 silly tarball no local data for function-bind@https://registry.npmjs.org/function-bind/-/function-bind-1.1.2.tgz. Extracting by manifest.
3670 silly tarball no local data for set-function-length@https://registry.npmjs.org/set-function-length/-/set-function-length-1.2.2.tgz. Extracting by manifest.
3671 silly tarball no local data for es-shim-unscopables@https://registry.npmjs.org/es-shim-unscopables/-/es-shim-unscopables-1.1.0.tgz. Extracting by manifest.
3672 silly tarball no local data for call-bind-apply-helpers@https://registry.npmjs.org/call-bind-apply-helpers/-/call-bind-apply-helpers-1.0.2.tgz. Extracting by manifest.
3673 silly tarball no local data for es-errors@https://registry.npmjs.org/es-errors/-/es-errors-1.3.0.tgz. Extracting by manifest.
3674 silly tarball no local data for is-string@https://registry.npmjs.org/is-string/-/is-string-1.1.1.tgz. Extracting by manifest.
3675 silly tarball no local data for get-intrinsic@https://registry.npmjs.org/get-intrinsic/-/get-intrinsic-1.3.0.tgz. Extracting by manifest.
3676 silly tarball no local data for math-intrinsics@https://registry.npmjs.org/math-intrinsics/-/math-intrinsics-1.1.0.tgz. Extracting by manifest.
3677 silly tarball no local data for es-object-atoms@https://registry.npmjs.org/es-object-atoms/-/es-object-atoms-1.1.2.tgz. Extracting by manifest.
3678 silly tarball no local data for es-abstract@https://registry.npmjs.org/es-abstract/-/es-abstract-1.24.2.tgz. Extracting by manifest.
3679 silly tarball no local data for call-bound@https://registry.npmjs.org/call-bound/-/call-bound-1.0.4.tgz. Extracting by manifest.
3680 silly tarball no local data for define-properties@https://registry.npmjs.org/define-properties/-/define-properties-1.2.1.tgz. Extracting by manifest.
3681 silly tarball no local data for tsconfig-paths@https://registry.npmjs.org/tsconfig-paths/-/tsconfig-paths-3.15.0.tgz. Extracting by manifest.
3682 silly tarball no local data for call-bind@https://registry.npmjs.org/call-bind/-/call-bind-1.0.9.tgz. Extracting by manifest.
3683 silly tarball no local data for semver@https://registry.npmjs.org/semver/-/semver-6.3.1.tgz. Extracting by manifest.
3684 silly tarball no local data for string.prototype.trimend@https://registry.npmjs.org/string.prototype.trimend/-/string.prototype.trimend-1.0.10.tgz. Extracting by manifest.
3685 silly tarball no local data for object.values@https://registry.npmjs.org/object.values/-/object.values-1.2.1.tgz. Extracting by manifest.
3686 silly tarball no local data for object.fromentries@https://registry.npmjs.org/object.fromentries/-/object.fromentries-2.0.8.tgz. Extracting by manifest.
3687 silly tarball no local data for object.groupby@https://registry.npmjs.org/object.groupby/-/object.groupby-1.0.3.tgz. Extracting by manifest.
3688 silly tarball no local data for hasown@https://registry.npmjs.org/hasown/-/hasown-2.0.4.tgz. Extracting by manifest.
3689 silly tarball no local data for doctrine@https://registry.npmjs.org/doctrine/-/doctrine-2.1.0.tgz. Extracting by manifest.
3690 silly tarball no local data for eslint-module-utils@https://registry.npmjs.org/eslint-module-utils/-/eslint-module-utils-2.13.0.tgz. Extracting by manifest.
3691 silly tarball no local data for array.prototype.flatmap@https://registry.npmjs.org/array.prototype.flatmap/-/array.prototype.flatmap-1.3.3.tgz. Extracting by manifest.
3692 silly tarball no local data for array-includes@https://registry.npmjs.org/array-includes/-/array-includes-3.1.9.tgz. Extracting by manifest.
3693 silly tarball no local data for array.prototype.flat@https://registry.npmjs.org/array.prototype.flat/-/array.prototype.flat-1.3.3.tgz. Extracting by manifest.
3694 silly tarball no local data for @rtsao/scc@https://registry.npmjs.org/@rtsao/scc/-/scc-1.1.0.tgz. Extracting by manifest.
3695 silly tarball no local data for array.prototype.findlastindex@https://registry.npmjs.org/array.prototype.findlastindex/-/array.prototype.findlastindex-1.2.6.tgz. Extracting by manifest.
3696 silly tarball no local data for tinyglobby@https://registry.npmjs.org/tinyglobby/-/tinyglobby-0.2.17.tgz. Extracting by manifest.
3697 silly tarball no local data for unrs-resolver@https://registry.npmjs.org/unrs-resolver/-/unrs-resolver-1.12.2.tgz. Extracting by manifest.
3698 silly tarball no local data for @nolyfill/is-core-module@https://registry.npmjs.org/@nolyfill/is-core-module/-/is-core-module-1.0.39.tgz. Extracting by manifest.
3699 silly tarball no local data for stable-hash@https://registry.npmjs.org/stable-hash/-/stable-hash-0.0.5.tgz. Extracting by manifest.
3700 silly tarball no local data for is-bun-module@https://registry.npmjs.org/is-bun-module/-/is-bun-module-2.0.0.tgz. Extracting by manifest.
3701 silly tarball no local data for get-tsconfig@https://registry.npmjs.org/get-tsconfig/-/get-tsconfig-4.14.0.tgz. Extracting by manifest.
3702 silly tarball no local data for color-convert@https://registry.npmjs.org/color-convert/-/color-convert-2.0.1.tgz. Extracting by manifest.
3703 silly tarball no local data for resolve@https://registry.npmjs.org/resolve/-/resolve-2.0.0-next.7.tgz. Extracting by manifest.
3704 silly tarball no local data for is-core-module@https://registry.npmjs.org/is-core-module/-/is-core-module-2.16.2.tgz. Extracting by manifest.
3705 silly tarball no local data for supports-color@https://registry.npmjs.org/supports-color/-/supports-color-7.2.0.tgz. Extracting by manifest.
3706 silly tarball no local data for color-name@https://registry.npmjs.org/color-name/-/color-name-1.1.4.tgz. Extracting by manifest.
3707 silly tarball no local data for strip-json-comments@https://registry.npmjs.org/strip-json-comments/-/strip-json-comments-3.1.1.tgz. Extracting by manifest.
3708 silly tarball no local data for js-yaml@https://registry.npmjs.org/js-yaml/-/js-yaml-4.2.0.tgz. Extracting by manifest.
3709 silly tarball no local data for ansi-styles@https://registry.npmjs.org/ansi-styles/-/ansi-styles-4.3.0.tgz. Extracting by manifest.
3710 silly tarball no local data for import-fresh@https://registry.npmjs.org/import-fresh/-/import-fresh-3.3.1.tgz. Extracting by manifest.
3711 silly tarball no local data for @types/json-schema@https://registry.npmjs.org/@types/json-schema/-/json-schema-7.0.15.tgz. Extracting by manifest.
3712 silly tarball no local data for @eslint/object-schema@https://registry.npmjs.org/@eslint/object-schema/-/object-schema-2.1.7.tgz. Extracting by manifest.
3713 silly tarball no local data for espree@https://registry.npmjs.org/espree/-/espree-10.4.0.tgz. Extracting by manifest.
3714 silly tarball no local data for minimatch@https://registry.npmjs.org/minimatch/-/minimatch-3.1.5.tgz. Extracting by manifest.
3715 silly tarball no local data for eslint-visitor-keys@https://registry.npmjs.org/eslint-visitor-keys/-/eslint-visitor-keys-4.2.1.tgz. Extracting by manifest.
3716 silly tarball no local data for lodash.merge@https://registry.npmjs.org/lodash.merge/-/lodash.merge-4.6.2.tgz. Extracting by manifest.
3717 silly tarball no local data for chalk@https://registry.npmjs.org/chalk/-/chalk-4.1.2.tgz. Extracting by manifest.
3718 silly tarball no local data for eslint-scope@https://registry.npmjs.org/eslint-scope/-/eslint-scope-8.4.0.tgz. Extracting by manifest.
3719 silly tarball no local data for @types/estree@https://registry.npmjs.org/@types/estree/-/estree-1.0.9.tgz. Extracting by manifest.
3720 silly tarball no local data for @eslint/js@https://registry.npmjs.org/@eslint/js/-/js-9.39.4.tgz. Extracting by manifest.
3721 silly tarball no local data for @eslint/plugin-kit@https://registry.npmjs.org/@eslint/plugin-kit/-/plugin-kit-0.4.1.tgz. Extracting by manifest.
3722 silly tarball no local data for @eslint/eslintrc@https://registry.npmjs.org/@eslint/eslintrc/-/eslintrc-3.3.5.tgz. Extracting by manifest.
3723 silly tarball no local data for @eslint/core@https://registry.npmjs.org/@eslint/core/-/core-0.17.0.tgz. Extracting by manifest.
3724 silly tarball no local data for @eslint/config-helpers@https://registry.npmjs.org/@eslint/config-helpers/-/config-helpers-0.4.2.tgz. Extracting by manifest.
3725 silly tarball no local data for @eslint/config-array@https://registry.npmjs.org/@eslint/config-array/-/config-array-0.21.2.tgz. Extracting by manifest.
3726 silly tarball no local data for fast-glob@https://registry.npmjs.org/fast-glob/-/fast-glob-3.3.1.tgz. Extracting by manifest.
3727 silly tarball no local data for globals@https://registry.npmjs.org/globals/-/globals-16.4.0.tgz. Extracting by manifest.
3728 silly tarball no local data for typescript-eslint@https://registry.npmjs.org/typescript-eslint/-/typescript-eslint-8.61.1.tgz. Extracting by manifest.
3729 silly tarball no local data for eslint-plugin-react-hooks@https://registry.npmjs.org/eslint-plugin-react-hooks/-/eslint-plugin-react-hooks-7.1.1.tgz. Extracting by manifest.
3730 silly tarball no local data for eslint-plugin-react@https://registry.npmjs.org/eslint-plugin-react/-/eslint-plugin-react-7.37.5.tgz. Extracting by manifest.
3731 silly tarball no local data for eslint-plugin-jsx-a11y@https://registry.npmjs.org/eslint-plugin-jsx-a11y/-/eslint-plugin-jsx-a11y-6.10.2.tgz. Extracting by manifest.
3732 silly tarball no local data for eslint@https://registry.npmjs.org/eslint/-/eslint-9.39.4.tgz. Extracting by manifest.
3733 silly tarball no local data for eslint-plugin-import@https://registry.npmjs.org/eslint-plugin-import/-/eslint-plugin-import-2.32.0.tgz. Extracting by manifest.
3734 silly tarball no local data for @next/eslint-plugin-next@https://registry.npmjs.org/@next/eslint-plugin-next/-/eslint-plugin-next-16.2.9.tgz. Extracting by manifest.
3735 silly tarball no local data for eslint-import-resolver-node@https://registry.npmjs.org/eslint-import-resolver-node/-/eslint-import-resolver-node-0.3.10.tgz. Extracting by manifest.
3736 silly tarball no local data for eslint-import-resolver-typescript@https://registry.npmjs.org/eslint-import-resolver-typescript/-/eslint-import-resolver-typescript-3.10.1.tgz. Extracting by manifest.
3737 silly tarball no local data for which@https://registry.npmjs.org/which/-/which-2.0.2.tgz. Extracting by manifest.
3738 silly tarball no local data for ms@https://registry.npmjs.org/ms/-/ms-2.1.3.tgz. Extracting by manifest.
3739 silly tarball no local data for @humanfs/core@https://registry.npmjs.org/@humanfs/core/-/core-0.19.2.tgz. Extracting by manifest.
3740 silly tarball no local data for path-key@https://registry.npmjs.org/path-key/-/path-key-3.1.1.tgz. Extracting by manifest.
3741 silly tarball no local data for shebang-command@https://registry.npmjs.org/shebang-command/-/shebang-command-2.0.0.tgz. Extracting by manifest.
3742 silly tarball no local data for json-schema-traverse@https://registry.npmjs.org/json-schema-traverse/-/json-schema-traverse-0.4.1.tgz. Extracting by manifest.
3743 silly tarball no local data for fast-json-stable-stringify@https://registry.npmjs.org/fast-json-stable-stringify/-/fast-json-stable-stringify-2.1.0.tgz. Extracting by manifest.
3744 silly tarball no local data for uri-js@https://registry.npmjs.org/uri-js/-/uri-js-4.4.1.tgz. Extracting by manifest.
3745 silly tarball no local data for @humanfs/types@https://registry.npmjs.org/@humanfs/types/-/types-0.15.0.tgz. Extracting by manifest.
3746 silly tarball no local data for optionator@https://registry.npmjs.org/optionator/-/optionator-0.9.4.tgz. Extracting by manifest.
3747 silly tarball no local data for natural-compare@https://registry.npmjs.org/natural-compare/-/natural-compare-1.4.0.tgz. Extracting by manifest.
3748 silly tarball no local data for levn@https://registry.npmjs.org/levn/-/levn-0.4.1.tgz. Extracting by manifest.
3749 silly tarball no local data for is-glob@https://registry.npmjs.org/is-glob/-/is-glob-4.0.3.tgz. Extracting by manifest.
3750 silly tarball no local data for json-stable-stringify-without-jsonify@https://registry.npmjs.org/json-stable-stringify-without-jsonify/-/json-stable-stringify-without-jsonify-1.0.1.tgz. Extracting by manifest.
3751 silly tarball no local data for imurmurhash@https://registry.npmjs.org/imurmurhash/-/imurmurhash-0.1.4.tgz. Extracting by manifest.
3752 silly tarball no local data for ignore@https://registry.npmjs.org/ignore/-/ignore-5.3.2.tgz. Extracting by manifest.
3753 silly tarball no local data for glob-parent@https://registry.npmjs.org/glob-parent/-/glob-parent-6.0.2.tgz. Extracting by manifest.
3754 silly tarball no local data for find-up@https://registry.npmjs.org/find-up/-/find-up-5.0.0.tgz. Extracting by manifest.
3755 silly tarball no local data for esutils@https://registry.npmjs.org/esutils/-/esutils-2.0.3.tgz. Extracting by manifest.
3756 silly tarball no local data for file-entry-cache@https://registry.npmjs.org/file-entry-cache/-/file-entry-cache-8.0.0.tgz. Extracting by manifest.
3757 silly tarball no local data for esquery@https://registry.npmjs.org/esquery/-/esquery-1.7.0.tgz. Extracting by manifest.
3758 silly tarball no local data for escape-string-regexp@https://registry.npmjs.org/escape-string-regexp/-/escape-string-regexp-4.0.0.tgz. Extracting by manifest.
3759 silly tarball no local data for fast-deep-equal@https://registry.npmjs.org/fast-deep-equal/-/fast-deep-equal-3.1.3.tgz. Extracting by manifest.
3760 silly tarball no local data for debug@https://registry.npmjs.org/debug/-/debug-4.4.3.tgz. Extracting by manifest.
3761 silly tarball no local data for @humanwhocodes/retry@https://registry.npmjs.org/@humanwhocodes/retry/-/retry-0.4.3.tgz. Extracting by manifest.
3762 silly tarball no local data for cross-spawn@https://registry.npmjs.org/cross-spawn/-/cross-spawn-7.0.6.tgz. Extracting by manifest.
3763 silly tarball no local data for @humanwhocodes/module-importer@https://registry.npmjs.org/@humanwhocodes/module-importer/-/module-importer-1.0.1.tgz. Extracting by manifest.
3764 silly tarball no local data for ajv@https://registry.npmjs.org/ajv/-/ajv-6.15.0.tgz. Extracting by manifest.
3765 silly tarball no local data for @humanfs/node@https://registry.npmjs.org/@humanfs/node/-/node-0.16.8.tgz. Extracting by manifest.
3766 silly tarball no local data for @eslint-community/eslint-utils@https://registry.npmjs.org/@eslint-community/eslint-utils/-/eslint-utils-4.9.1.tgz. Extracting by manifest.
3767 silly tarball no local data for tapable@https://registry.npmjs.org/tapable/-/tapable-2.3.3.tgz. Extracting by manifest.
3768 silly tarball no local data for graceful-fs@https://registry.npmjs.org/graceful-fs/-/graceful-fs-4.2.11.tgz. Extracting by manifest.
3769 silly tarball no local data for htmlparser2@https://registry.npmjs.org/htmlparser2/-/htmlparser2-10.1.0.tgz. Extracting by manifest.
3770 silly tarball no local data for @eslint-community/regexpp@https://registry.npmjs.org/@eslint-community/regexpp/-/regexpp-4.12.2.tgz. Extracting by manifest.
3771 silly tarball no local data for csstype@https://registry.npmjs.org/csstype/-/csstype-3.2.3.tgz. Extracting by manifest.
3772 silly tarball no local data for undici-types@https://registry.npmjs.org/undici-types/-/undici-types-7.24.6.tgz. Extracting by manifest.
3773 silly tarball no local data for @tiptap/extension-underline@https://registry.npmjs.org/@tiptap/extension-underline/-/extension-underline-3.27.1.tgz. Extracting by manifest.
3774 silly tarball no local data for @tiptap/extension-text@https://registry.npmjs.org/@tiptap/extension-text/-/extension-text-3.27.1.tgz. Extracting by manifest.
3775 silly tarball no local data for @tiptap/extension-paragraph@https://registry.npmjs.org/@tiptap/extension-paragraph/-/extension-paragraph-3.27.1.tgz. Extracting by manifest.
3776 silly tarball no local data for @tiptap/extension-strike@https://registry.npmjs.org/@tiptap/extension-strike/-/extension-strike-3.27.1.tgz. Extracting by manifest.
3777 silly tarball no local data for @tiptap/extension-list-keymap@https://registry.npmjs.org/@tiptap/extension-list-keymap/-/extension-list-keymap-3.27.1.tgz. Extracting by manifest.
3778 silly tarball no local data for @tiptap/extension-list-item@https://registry.npmjs.org/@tiptap/extension-list-item/-/extension-list-item-3.27.1.tgz. Extracting by manifest.
3779 silly tarball no local data for @tiptap/extension-ordered-list@https://registry.npmjs.org/@tiptap/extension-ordered-list/-/extension-ordered-list-3.27.1.tgz. Extracting by manifest.
3780 silly tarball no local data for @tiptap/extension-horizontal-rule@https://registry.npmjs.org/@tiptap/extension-horizontal-rule/-/extension-horizontal-rule-3.27.1.tgz. Extracting by manifest.
3781 silly tarball no local data for @tiptap/extension-heading@https://registry.npmjs.org/@tiptap/extension-heading/-/extension-heading-3.27.1.tgz. Extracting by manifest.
3782 silly tarball no local data for @tiptap/extension-hard-break@https://registry.npmjs.org/@tiptap/extension-hard-break/-/extension-hard-break-3.27.1.tgz. Extracting by manifest.
3783 silly tarball no local data for @tiptap/extensions@https://registry.npmjs.org/@tiptap/extensions/-/extensions-3.27.1.tgz. Extracting by manifest.
3784 silly tarball no local data for @tiptap/extension-gapcursor@https://registry.npmjs.org/@tiptap/extension-gapcursor/-/extension-gapcursor-3.27.1.tgz. Extracting by manifest.
3785 silly tarball no local data for @tiptap/extension-italic@https://registry.npmjs.org/@tiptap/extension-italic/-/extension-italic-3.27.1.tgz. Extracting by manifest.
3786 silly tarball no local data for @tiptap/extension-dropcursor@https://registry.npmjs.org/@tiptap/extension-dropcursor/-/extension-dropcursor-3.27.1.tgz. Extracting by manifest.
3787 silly tarball no local data for @tiptap/extension-code-block@https://registry.npmjs.org/@tiptap/extension-code-block/-/extension-code-block-3.27.1.tgz. Extracting by manifest.
3788 silly tarball no local data for @tiptap/extension-document@https://registry.npmjs.org/@tiptap/extension-document/-/extension-document-3.27.1.tgz. Extracting by manifest.
3789 silly tarball no local data for @tiptap/extension-list@https://registry.npmjs.org/@tiptap/extension-list/-/extension-list-3.27.1.tgz. Extracting by manifest.
3790 silly tarball no local data for @tiptap/extension-code@https://registry.npmjs.org/@tiptap/extension-code/-/extension-code-3.27.1.tgz. Extracting by manifest.
3791 silly tarball no local data for @tiptap/extension-bullet-list@https://registry.npmjs.org/@tiptap/extension-bullet-list/-/extension-bullet-list-3.27.1.tgz. Extracting by manifest.
3792 silly tarball no local data for @floating-ui/utils@https://registry.npmjs.org/@floating-ui/utils/-/utils-0.2.11.tgz. Extracting by manifest.
3793 silly tarball no local data for @floating-ui/core@https://registry.npmjs.org/@floating-ui/core/-/core-1.7.5.tgz. Extracting by manifest.
3794 silly tarball no local data for @tiptap/extension-bold@https://registry.npmjs.org/@tiptap/extension-bold/-/extension-bold-3.27.1.tgz. Extracting by manifest.
3795 silly tarball no local data for use-sync-external-store@https://registry.npmjs.org/use-sync-external-store/-/use-sync-external-store-1.6.0.tgz. Extracting by manifest.
3796 silly tarball no local data for @tiptap/extension-blockquote@https://registry.npmjs.org/@tiptap/extension-blockquote/-/extension-blockquote-3.27.1.tgz. Extracting by manifest.
3797 silly tarball no local data for @types/use-sync-external-store@https://registry.npmjs.org/@types/use-sync-external-store/-/use-sync-external-store-0.0.6.tgz. Extracting by manifest.
3798 silly tarball no local data for fast-equals@https://registry.npmjs.org/fast-equals/-/fast-equals-5.4.0.tgz. Extracting by manifest.
3799 silly tarball no local data for @tiptap/extension-floating-menu@https://registry.npmjs.org/@tiptap/extension-floating-menu/-/extension-floating-menu-3.27.1.tgz. Extracting by manifest.
3800 silly tarball no local data for @floating-ui/dom@https://registry.npmjs.org/@floating-ui/dom/-/dom-1.7.6.tgz. Extracting by manifest.
3801 silly tarball no local data for @tiptap/extension-bubble-menu@https://registry.npmjs.org/@tiptap/extension-bubble-menu/-/extension-bubble-menu-3.27.1.tgz. Extracting by manifest.
3802 silly tarball no local data for prosemirror-view@https://registry.npmjs.org/prosemirror-view/-/prosemirror-view-1.41.9.tgz. Extracting by manifest.
3803 silly tarball no local data for prosemirror-transform@https://registry.npmjs.org/prosemirror-transform/-/prosemirror-transform-1.12.0.tgz. Extracting by manifest.
3804 silly tarball no local data for prosemirror-state@https://registry.npmjs.org/prosemirror-state/-/prosemirror-state-1.4.4.tgz. Extracting by manifest.
3805 silly tarball no local data for prosemirror-tables@https://registry.npmjs.org/prosemirror-tables/-/prosemirror-tables-1.8.5.tgz. Extracting by manifest.
3806 silly tarball no local data for prosemirror-schema-list@https://registry.npmjs.org/prosemirror-schema-list/-/prosemirror-schema-list-1.5.1.tgz. Extracting by manifest.
3807 silly tarball no local data for prosemirror-model@https://registry.npmjs.org/prosemirror-model/-/prosemirror-model-1.25.9.tgz. Extracting by manifest.
3808 silly tarball no local data for prosemirror-keymap@https://registry.npmjs.org/prosemirror-keymap/-/prosemirror-keymap-1.2.3.tgz. Extracting by manifest.
3809 silly tarball no local data for prosemirror-inputrules@https://registry.npmjs.org/prosemirror-inputrules/-/prosemirror-inputrules-1.5.1.tgz. Extracting by manifest.
3810 silly tarball no local data for prosemirror-history@https://registry.npmjs.org/prosemirror-history/-/prosemirror-history-1.5.0.tgz. Extracting by manifest.
3811 silly tarball no local data for prosemirror-dropcursor@https://registry.npmjs.org/prosemirror-dropcursor/-/prosemirror-dropcursor-1.8.2.tgz. Extracting by manifest.
3812 silly tarball no local data for prosemirror-gapcursor@https://registry.npmjs.org/prosemirror-gapcursor/-/prosemirror-gapcursor-1.4.1.tgz. Extracting by manifest.
3813 silly tarball no local data for @tailwindcss/oxide-win32-x64-msvc@https://registry.npmjs.org/@tailwindcss/oxide-win32-x64-msvc/-/oxide-win32-x64-msvc-4.3.1.tgz. Extracting by manifest.
3814 silly tarball no local data for prosemirror-changeset@https://registry.npmjs.org/prosemirror-changeset/-/prosemirror-changeset-2.4.1.tgz. Extracting by manifest.
3815 silly tarball no local data for prosemirror-commands@https://registry.npmjs.org/prosemirror-commands/-/prosemirror-commands-1.7.1.tgz. Extracting by manifest.
3816 silly tarball no local data for @jridgewell/resolve-uri@https://registry.npmjs.org/@jridgewell/resolve-uri/-/resolve-uri-3.1.2.tgz. Extracting by manifest.
3817 silly tarball no local data for source-map-js@https://registry.npmjs.org/source-map-js/-/source-map-js-1.2.1.tgz. Extracting by manifest.
3818 silly tarball no local data for linkifyjs@https://registry.npmjs.org/linkifyjs/-/linkifyjs-4.3.3.tgz. Extracting by manifest.
3819 silly tarball no local data for @jridgewell/sourcemap-codec@https://registry.npmjs.org/@jridgewell/sourcemap-codec/-/sourcemap-codec-1.5.5.tgz. Extracting by manifest.
3820 silly tarball no local data for magic-string@https://registry.npmjs.org/magic-string/-/magic-string-0.30.21.tgz. Extracting by manifest.
3821 silly tarball no local data for @jridgewell/trace-mapping@https://registry.npmjs.org/@jridgewell/trace-mapping/-/trace-mapping-0.3.31.tgz. Extracting by manifest.
3822 silly tarball no local data for @jridgewell/gen-mapping@https://registry.npmjs.org/@jridgewell/gen-mapping/-/gen-mapping-0.3.13.tgz. Extracting by manifest.
3823 silly tarball no local data for lightningcss@https://registry.npmjs.org/lightningcss/-/lightningcss-1.32.0.tgz. Extracting by manifest.
3824 silly tarball no local data for @jridgewell/remapping@https://registry.npmjs.org/@jridgewell/remapping/-/remapping-2.3.5.tgz. Extracting by manifest.
3825 silly tarball no local data for @tailwindcss/oxide@https://registry.npmjs.org/@tailwindcss/oxide/-/oxide-4.3.1.tgz. Extracting by manifest.
3826 silly tarball no local data for postcss@https://registry.npmjs.org/postcss/-/postcss-8.5.15.tgz. Extracting by manifest.
3827 silly tarball no local data for enhanced-resolve@https://registry.npmjs.org/enhanced-resolve/-/enhanced-resolve-5.21.6.tgz. Extracting by manifest.
3828 silly tarball no local data for jiti@https://registry.npmjs.org/jiti/-/jiti-2.7.0.tgz. Extracting by manifest.
3829 silly tarball no local data for @alloc/quick-lru@https://registry.npmjs.org/@alloc/quick-lru/-/quick-lru-5.2.0.tgz. Extracting by manifest.
3830 silly tarball no local data for @tailwindcss/node@https://registry.npmjs.org/@tailwindcss/node/-/node-4.3.1.tgz. Extracting by manifest.
3831 silly tarball no local data for @supabase/phoenix@https://registry.npmjs.org/@supabase/phoenix/-/phoenix-0.4.4.tgz. Extracting by manifest.
3832 silly tarball no local data for iceberg-js@https://registry.npmjs.org/iceberg-js/-/iceberg-js-0.8.1.tgz. Extracting by manifest.
3833 silly tarball no local data for @supabase/realtime-js@https://registry.npmjs.org/@supabase/realtime-js/-/realtime-js-2.108.2.tgz. Extracting by manifest.
3834 silly tarball no local data for tslib@https://registry.npmjs.org/tslib/-/tslib-2.8.1.tgz. Extracting by manifest.
3835 silly tarball no local data for @supabase/storage-js@https://registry.npmjs.org/@supabase/storage-js/-/storage-js-2.108.2.tgz. Extracting by manifest.
3836 silly tarball no local data for @supabase/postgrest-js@https://registry.npmjs.org/@supabase/postgrest-js/-/postgrest-js-2.108.2.tgz. Extracting by manifest.
3837 silly tarball no local data for cookie@https://registry.npmjs.org/cookie/-/cookie-1.1.1.tgz. Extracting by manifest.
3838 silly tarball no local data for @supabase/auth-js@https://registry.npmjs.org/@supabase/auth-js/-/auth-js-2.108.2.tgz. Extracting by manifest.
3839 silly tarball no local data for @supabase/functions-js@https://registry.npmjs.org/@supabase/functions-js/-/functions-js-2.108.2.tgz. Extracting by manifest.
3840 silly tarball no local data for typescript@https://registry.npmjs.org/typescript/-/typescript-6.0.3.tgz. Extracting by manifest.
3841 silly tarball no local data for tailwindcss@https://registry.npmjs.org/tailwindcss/-/tailwindcss-4.3.1.tgz. Extracting by manifest.
3842 silly tarball no local data for sanitize-html@https://registry.npmjs.org/sanitize-html/-/sanitize-html-2.17.5.tgz. Extracting by manifest.
3843 silly tarball no local data for clsx@https://registry.npmjs.org/clsx/-/clsx-2.1.1.tgz. Extracting by manifest.
3844 silly tarball no local data for next@https://registry.npmjs.org/next/-/next-16.2.9.tgz. Extracting by manifest.
3845 silly tarball no local data for @types/sanitize-html@https://registry.npmjs.org/@types/sanitize-html/-/sanitize-html-2.16.1.tgz. Extracting by manifest.
3846 silly tarball no local data for @types/node@https://registry.npmjs.org/@types/node/-/node-25.9.3.tgz. Extracting by manifest.
3847 silly tarball no local data for eslint-config-next@https://registry.npmjs.org/eslint-config-next/-/eslint-config-next-16.2.9.tgz. Extracting by manifest.
3848 silly tarball no local data for @tiptap/starter-kit@https://registry.npmjs.org/@tiptap/starter-kit/-/starter-kit-3.27.1.tgz. Extracting by manifest.
3849 silly tarball no local data for @types/react-dom@https://registry.npmjs.org/@types/react-dom/-/react-dom-19.2.3.tgz. Extracting by manifest.
3850 silly tarball no local data for react-dom@https://registry.npmjs.org/react-dom/-/react-dom-19.2.7.tgz. Extracting by manifest.
3851 silly tarball no local data for @types/react@https://registry.npmjs.org/@types/react/-/react-19.2.17.tgz. Extracting by manifest.
3852 silly tarball no local data for @tiptap/extension-text-style@https://registry.npmjs.org/@tiptap/extension-text-style/-/extension-text-style-3.27.1.tgz. Extracting by manifest.
3853 silly tarball no local data for react@https://registry.npmjs.org/react/-/react-19.2.7.tgz. Extracting by manifest.
3854 silly tarball no local data for @tiptap/react@https://registry.npmjs.org/@tiptap/react/-/react-3.27.1.tgz. Extracting by manifest.
3855 silly tarball no local data for @supabase/supabase-js@https://registry.npmjs.org/@supabase/supabase-js/-/supabase-js-2.108.2.tgz. Extracting by manifest.
3856 silly tarball no local data for @tailwindcss/postcss@https://registry.npmjs.org/@tailwindcss/postcss/-/postcss-4.3.1.tgz. Extracting by manifest.
3857 silly tarball no local data for @tiptap/pm@https://registry.npmjs.org/@tiptap/pm/-/pm-3.27.1.tgz. Extracting by manifest.
3858 silly tarball no local data for @tiptap/extension-link@https://registry.npmjs.org/@tiptap/extension-link/-/extension-link-3.27.1.tgz. Extracting by manifest.
3859 silly tarball no local data for @tiptap/core@https://registry.npmjs.org/@tiptap/core/-/core-3.27.1.tgz. Extracting by manifest.
3860 silly tarball no local data for @supabase/ssr@https://registry.npmjs.org/@supabase/ssr/-/ssr-0.12.0.tgz. Extracting by manifest.
3861 silly tarball no local data for eslint-visitor-keys@https://registry.npmjs.org/eslint-visitor-keys/-/eslint-visitor-keys-5.0.1.tgz. Extracting by manifest.
3862 silly tarball no local data for balanced-match@https://registry.npmjs.org/balanced-match/-/balanced-match-4.0.4.tgz. Extracting by manifest.
3863 silly tarball no local data for ignore@https://registry.npmjs.org/ignore/-/ignore-7.0.5.tgz. Extracting by manifest.
3864 silly tarball no local data for semver@https://registry.npmjs.org/semver/-/semver-7.8.4.tgz. Extracting by manifest.
3865 silly tarball no local data for brace-expansion@https://registry.npmjs.org/brace-expansion/-/brace-expansion-5.0.6.tgz. Extracting by manifest.
3866 silly tarball no local data for minimatch@https://registry.npmjs.org/minimatch/-/minimatch-10.2.5.tgz. Extracting by manifest.
3867 silly tarball no local data for entities@https://registry.npmjs.org/entities/-/entities-4.5.0.tgz. Extracting by manifest.
3868 silly tarball no local data for picomatch@https://registry.npmjs.org/picomatch/-/picomatch-4.0.4.tgz. Extracting by manifest.
3869 silly tarball no local data for json5@https://registry.npmjs.org/json5/-/json5-1.0.2.tgz. Extracting by manifest.
3870 silly tarball no local data for semver@https://registry.npmjs.org/semver/-/semver-7.8.4.tgz. Extracting by manifest.
3871 silly tarball no local data for debug@https://registry.npmjs.org/debug/-/debug-3.2.7.tgz. Extracting by manifest.
3872 silly tarball no local data for fdir@https://registry.npmjs.org/fdir/-/fdir-6.5.0.tgz. Extracting by manifest.
3873 silly tarball no local data for debug@https://registry.npmjs.org/debug/-/debug-3.2.7.tgz. Extracting by manifest.
3874 silly tarball no local data for globals@https://registry.npmjs.org/globals/-/globals-14.0.0.tgz. Extracting by manifest.
3875 silly tarball no local data for glob-parent@https://registry.npmjs.org/glob-parent/-/glob-parent-5.1.2.tgz. Extracting by manifest.
3876 silly tarball no local data for semver@https://registry.npmjs.org/semver/-/semver-7.8.4.tgz. Extracting by manifest.
3877 silly tarball no local data for debug@https://registry.npmjs.org/debug/-/debug-3.2.7.tgz. Extracting by manifest.
3878 silly tarball no local data for eslint-visitor-keys@https://registry.npmjs.org/eslint-visitor-keys/-/eslint-visitor-keys-3.4.3.tgz. Extracting by manifest.
3879 silly tarball no local data for postcss@https://registry.npmjs.org/postcss/-/postcss-8.4.31.tgz. Extracting by manifest.
3880 http fetch GET 200 https://registry.npmjs.org/is-weakmap/-/is-weakmap-2.0.2.tgz 424ms (cache miss)
3881 http fetch GET 200 https://registry.npmjs.org/which-collection/-/which-collection-1.0.2.tgz 428ms (cache miss)
3882 http fetch GET 200 https://registry.npmjs.org/async-function/-/async-function-1.0.0.tgz 431ms (cache miss)
3883 http fetch GET 200 https://registry.npmjs.org/is-finalizationregistry/-/is-finalizationregistry-1.1.1.tgz 436ms (cache miss)
3884 http fetch GET 200 https://registry.npmjs.org/is-weakset/-/is-weakset-2.0.4.tgz 442ms (cache miss)
3885 http fetch GET 200 https://registry.npmjs.org/generator-function/-/generator-function-2.0.1.tgz 441ms (cache miss)
3886 http fetch GET 200 https://registry.npmjs.org/punycode/-/punycode-2.3.1.tgz 498ms (cache miss)
3887 http fetch GET 200 https://registry.npmjs.org/@typescript-eslint/tsconfig-utils/-/tsconfig-utils-8.61.1.tgz 520ms (cache miss)
3888 http fetch GET 200 https://registry.npmjs.org/napi-postinstall/-/napi-postinstall-0.3.4.tgz 570ms (cache miss)
3889 http fetch GET 200 https://registry.npmjs.org/which-boxed-primitive/-/which-boxed-primitive-1.1.1.tgz 587ms (cache miss)
3890 http fetch GET 200 https://registry.npmjs.org/is-map/-/is-map-2.0.3.tgz 640ms (cache miss)
3891 http fetch GET 200 https://registry.npmjs.org/isexe/-/isexe-2.0.0.tgz 721ms (cache miss)
3892 http fetch GET 200 https://registry.npmjs.org/which-builtin-type/-/which-builtin-type-1.2.1.tgz 816ms (cache miss)
3893 http fetch GET 200 https://registry.npmjs.org/is-bigint/-/is-bigint-1.1.0.tgz 897ms (cache miss)
3894 http fetch GET 200 https://registry.npmjs.org/@types/json5/-/json5-0.0.29.tgz 899ms (cache miss)
3895 http fetch GET 200 https://registry.npmjs.org/is-boolean-object/-/is-boolean-object-1.2.2.tgz 927ms (cache miss)
3896 http fetch GET 200 https://registry.npmjs.org/strip-bom/-/strip-bom-3.0.0.tgz 917ms (cache miss)
3897 http fetch GET 200 https://registry.npmjs.org/for-each/-/for-each-0.3.5.tgz 926ms (cache miss)
3898 http fetch GET 200 https://registry.npmjs.org/reflect.getprototypeof/-/reflect.getprototypeof-1.0.10.tgz 931ms (cache miss)
3899 http fetch GET 200 https://registry.npmjs.org/has-flag/-/has-flag-4.0.0.tgz 931ms (cache miss)
3900 http fetch GET 200 https://registry.npmjs.org/escalade/-/escalade-3.2.0.tgz 977ms (cache miss)
3901 http fetch GET 200 https://registry.npmjs.org/is-number/-/is-number-7.0.0.tgz 964ms (cache miss)
3902 http fetch GET 200 https://registry.npmjs.org/is-number-object/-/is-number-object-1.1.1.tgz 1000ms (cache miss)
3903 http fetch GET 200 https://registry.npmjs.org/client-only/-/client-only-0.0.1.tgz 998ms (cache miss)
3904 http fetch GET 200 https://registry.npmjs.org/has-bigints/-/has-bigints-1.1.0.tgz 1009ms (cache miss)
3905 http fetch GET 200 https://registry.npmjs.org/is-async-function/-/is-async-function-2.1.1.tgz 1023ms (cache miss)
3906 http fetch GET 200 https://registry.npmjs.org/shebang-regex/-/shebang-regex-3.0.0.tgz 1049ms (cache miss)
3907 http fetch GET 200 https://registry.npmjs.org/is-plain-object/-/is-plain-object-5.0.0.tgz 1256ms (cache miss)
3908 http fetch GET 200 https://registry.npmjs.org/isarray/-/isarray-2.0.5.tgz 1300ms (cache miss)
3909 http fetch GET 200 https://registry.npmjs.org/path-parse/-/path-parse-1.0.7.tgz 1300ms (cache miss)
3910 http fetch GET 200 https://registry.npmjs.org/@typescript-eslint/parser/-/parser-8.61.1.tgz 1327ms (cache miss)
3911 http fetch GET 200 https://registry.npmjs.org/supports-preserve-symlinks-flag/-/supports-preserve-symlinks-flag-1.0.0.tgz 1364ms (cache miss)
3912 http fetch GET 200 https://registry.npmjs.org/@img/colour/-/colour-1.1.0.tgz 1389ms (cache miss)
3913 http fetch GET 200 https://registry.npmjs.org/@typescript-eslint/project-service/-/project-service-8.61.1.tgz 1423ms (cache miss)
3914 http fetch GET 200 https://registry.npmjs.org/queue-microtask/-/queue-microtask-1.2.3.tgz 1409ms (cache miss)
3915 http fetch GET 200 https://registry.npmjs.org/loose-envify/-/loose-envify-1.4.0.tgz 1406ms (cache miss)
3916 http fetch GET 200 https://registry.npmjs.org/@typescript-eslint/visitor-keys/-/visitor-keys-8.61.1.tgz 1443ms (cache miss)
3917 http fetch GET 200 https://registry.npmjs.org/object-assign/-/object-assign-4.1.1.tgz 1424ms (cache miss)
3918 http fetch GET 200 https://registry.npmjs.org/callsites/-/callsites-3.1.0.tgz 1433ms (cache miss)
3919 http fetch GET 200 https://registry.npmjs.org/ts-api-utils/-/ts-api-utils-2.5.0.tgz 1465ms (cache miss)
3920 http fetch GET 200 https://registry.npmjs.org/nanoid/-/nanoid-3.3.13.tgz 1447ms (cache miss)
3921 http fetch GET 200 https://registry.npmjs.org/w3c-keyname/-/w3c-keyname-2.2.8.tgz 1450ms (cache miss)
3922 http fetch GET 200 https://registry.npmjs.org/is-generator-function/-/is-generator-function-1.1.2.tgz 1481ms (cache miss)
3923 http fetch GET 200 https://registry.npmjs.org/word-wrap/-/word-wrap-1.2.5.tgz 1462ms (cache miss)
3924 http fetch GET 200 https://registry.npmjs.org/yocto-queue/-/yocto-queue-0.1.0.tgz 1475ms (cache miss)
3925 http fetch GET 200 https://registry.npmjs.org/fast-levenshtein/-/fast-levenshtein-2.0.6.tgz 1502ms (cache miss)
3926 http fetch GET 200 https://registry.npmjs.org/concat-map/-/concat-map-0.0.1.tgz 1537ms (cache miss)
3927 http fetch GET 200 https://registry.npmjs.org/braces/-/braces-3.0.3.tgz 1536ms (cache miss)
3928 http fetch GET 200 https://registry.npmjs.org/p-limit/-/p-limit-3.1.0.tgz 1558ms (cache miss)
3929 http fetch GET 200 https://registry.npmjs.org/brace-expansion/-/brace-expansion-1.1.15.tgz 1559ms (cache miss)
3930 http fetch GET 200 https://registry.npmjs.org/@next/env/-/env-16.2.9.tgz 1586ms (cache miss)
3931 http fetch GET 200 https://registry.npmjs.org/yallist/-/yallist-3.1.1.tgz 1588ms (cache miss)
3932 http fetch GET 200 https://registry.npmjs.org/fill-range/-/fill-range-7.1.1.tgz 1589ms (cache miss)
3933 http fetch GET 200 https://registry.npmjs.org/p-locate/-/p-locate-5.0.0.tgz 1590ms (cache miss)
3934 http fetch GET 200 https://registry.npmjs.org/to-regex-range/-/to-regex-range-5.0.1.tgz 1595ms (cache miss)
3935 http fetch GET 200 https://registry.npmjs.org/balanced-match/-/balanced-match-1.0.2.tgz 1613ms (cache miss)
3936 http fetch GET 200 https://registry.npmjs.org/@typescript-eslint/types/-/types-8.61.1.tgz 1644ms (cache miss)
3937 http fetch GET 200 https://registry.npmjs.org/json-buffer/-/json-buffer-3.0.1.tgz 1653ms (cache miss)
3938 http fetch GET 200 https://registry.npmjs.org/@emnapi/wasi-threads/-/wasi-threads-1.2.1.tgz 1712ms (cache miss)
3939 http fetch GET 200 https://registry.npmjs.org/launder/-/launder-1.7.1.tgz 1698ms (cache miss)
3940 http fetch GET 200 https://registry.npmjs.org/orderedmap/-/orderedmap-2.1.1.tgz 1704ms (cache miss)
3941 http fetch GET 200 https://registry.npmjs.org/is-extglob/-/is-extglob-2.1.1.tgz 1701ms (cache miss)
3942 http fetch GET 200 https://registry.npmjs.org/set-function-name/-/set-function-name-2.0.2.tgz 1706ms (cache miss)
3943 http fetch GET 200 https://registry.npmjs.org/parent-module/-/parent-module-1.0.1.tgz 1718ms (cache miss)
3944 http fetch GET 200 https://registry.npmjs.org/resolve-from/-/resolve-from-4.0.0.tgz 1722ms (cache miss)
3945 http fetch GET 200 https://registry.npmjs.org/side-channel-map/-/side-channel-map-1.0.1.tgz 1754ms (cache miss)
3946 http fetch GET 200 https://registry.npmjs.org/side-channel-weakmap/-/side-channel-weakmap-1.0.2.tgz 1791ms (cache miss)
3947 http fetch GET 200 https://registry.npmjs.org/react-is/-/react-is-16.13.1.tgz 1795ms (cache miss)
3948 http fetch GET 200 https://registry.npmjs.org/type-check/-/type-check-0.4.0.tgz 1784ms (cache miss)
3949 http fetch GET 200 https://registry.npmjs.org/side-channel-list/-/side-channel-list-1.0.1.tgz 1842ms (cache miss)
3950 http fetch GET 200 https://registry.npmjs.org/domelementtype/-/domelementtype-2.3.0.tgz 1826ms (cache miss)
3951 http fetch GET 200 https://registry.npmjs.org/rope-sequence/-/rope-sequence-1.3.4.tgz 1845ms (cache miss)
3952 http fetch GET 200 https://registry.npmjs.org/is-document.all/-/is-document.all-1.0.0.tgz 1836ms (cache miss)
3953 http fetch GET 200 https://registry.npmjs.org/deep-is/-/deep-is-0.1.4.tgz 1853ms (cache miss)
3954 http fetch GET 200 https://registry.npmjs.org/deepmerge/-/deepmerge-4.3.1.tgz 1866ms (cache miss)
3955 http fetch GET 200 https://registry.npmjs.org/functions-have-names/-/functions-have-names-1.2.3.tgz 1858ms (cache miss)
3956 http fetch GET 200 https://registry.npmjs.org/path-exists/-/path-exists-4.0.0.tgz 1860ms (cache miss)
3957 http fetch GET 200 https://registry.npmjs.org/locate-path/-/locate-path-6.0.0.tgz 1889ms (cache miss)
3958 http fetch GET 200 https://registry.npmjs.org/parse-srcset/-/parse-srcset-1.0.2.tgz 1923ms (cache miss)
3959 http fetch GET 200 https://registry.npmjs.org/detect-libc/-/detect-libc-2.1.2.tgz 1909ms (cache miss)
3960 http fetch GET 200 https://registry.npmjs.org/run-parallel/-/run-parallel-1.2.0.tgz 1898ms (cache miss)
3961 http fetch GET 200 https://registry.npmjs.org/argparse/-/argparse-2.0.1.tgz 1919ms (cache miss)
3962 http fetch GET 200 https://registry.npmjs.org/@nodelib/fs.scandir/-/fs.scandir-2.1.5.tgz 1917ms (cache miss)
3963 http fetch GET 200 https://registry.npmjs.org/reusify/-/reusify-1.1.0.tgz 1933ms (cache miss)
3964 http fetch GET 200 https://registry.npmjs.org/flat-cache/-/flat-cache-4.0.1.tgz 1948ms (cache miss)
3965 http fetch GET 200 https://registry.npmjs.org/keyv/-/keyv-4.5.4.tgz 1950ms (cache miss)
3966 http fetch GET 200 https://registry.npmjs.org/picomatch/-/picomatch-2.3.2.tgz 1973ms (cache miss)
3967 http fetch GET 200 https://registry.npmjs.org/merge2/-/merge2-1.4.1.tgz 1960ms (cache miss)
3968 http fetch GET 200 https://registry.npmjs.org/micromatch/-/micromatch-4.0.8.tgz 1967ms (cache miss)
3969 http fetch GET 200 https://registry.npmjs.org/resolve-pkg-maps/-/resolve-pkg-maps-1.0.0.tgz 1995ms (cache miss)
3970 http fetch GET 200 https://registry.npmjs.org/acorn-jsx/-/acorn-jsx-5.3.2.tgz 1984ms (cache miss)
3971 http fetch GET 200 https://registry.npmjs.org/update-browserslist-db/-/update-browserslist-db-1.2.3.tgz 1983ms (cache miss)
3972 http fetch GET 200 https://registry.npmjs.org/prelude-ls/-/prelude-ls-1.2.1.tgz 2035ms (cache miss)
3973 http fetch GET 200 https://registry.npmjs.org/esrecurse/-/esrecurse-4.3.0.tgz 2030ms (cache miss)
3974 http fetch GET 200 https://registry.npmjs.org/node-releases/-/node-releases-2.0.48.tgz 2036ms (cache miss)
3975 http fetch GET 200 https://registry.npmjs.org/side-channel/-/side-channel-1.1.1.tgz 2082ms (cache miss)
3976 http fetch GET 200 https://registry.npmjs.org/scheduler/-/scheduler-0.27.0.tgz 2125ms (cache miss)
3977 http fetch GET 200 https://registry.npmjs.org/@babel/helper-string-parser/-/helper-string-parser-7.29.7.tgz 2107ms (cache miss)
3978 http fetch GET 200 https://registry.npmjs.org/lru-cache/-/lru-cache-5.1.1.tgz 2109ms (cache miss)
3979 http fetch GET 200 https://registry.npmjs.org/@babel/compat-data/-/compat-data-7.29.7.tgz 2135ms (cache miss)
3980 http fetch GET 200 https://registry.npmjs.org/@babel/helper-globals/-/helper-globals-7.29.7.tgz 2220ms (cache miss)
3981 http fetch GET 200 https://registry.npmjs.org/picocolors/-/picocolors-1.1.1.tgz 2223ms (cache miss)
3982 http fetch GET 200 https://registry.npmjs.org/gensync/-/gensync-1.0.0-beta.2.tgz 2227ms (cache miss)
3983 http fetch GET 200 https://registry.npmjs.org/convert-source-map/-/convert-source-map-2.0.0.tgz 2242ms (cache miss)
3984 http fetch GET 200 https://registry.npmjs.org/@babel/helper-module-imports/-/helper-module-imports-7.29.7.tgz 2255ms (cache miss)
3985 http fetch GET 200 https://registry.npmjs.org/js-tokens/-/js-tokens-4.0.0.tgz 2264ms (cache miss)
3986 http fetch GET 200 https://registry.npmjs.org/dunder-proto/-/dunder-proto-1.0.1.tgz 2297ms (cache miss)
3987 http fetch GET 200 https://registry.npmjs.org/@unrs/resolver-binding-win32-x64-msvc/-/resolver-binding-win32-x64-msvc-1.12.2.tgz 2379ms (cache miss)
3988 http fetch GET 200 https://registry.npmjs.org/jsesc/-/jsesc-3.1.0.tgz 2321ms (cache miss)
3989 http fetch GET 200 https://registry.npmjs.org/fastq/-/fastq-1.20.1.tgz 2350ms (cache miss)
3990 http fetch GET 200 https://registry.npmjs.org/flatted/-/flatted-3.4.2.tgz 2360ms (cache miss)
3991 http fetch GET 200 https://registry.npmjs.org/baseline-browser-mapping/-/baseline-browser-mapping-2.10.38.tgz 2376ms (cache miss)
3992 http fetch GET 200 https://registry.npmjs.org/browserslist/-/browserslist-4.28.2.tgz 2400ms (cache miss)
3993 http fetch GET 200 https://registry.npmjs.org/electron-to-chromium/-/electron-to-chromium-1.5.375.tgz 2405ms (cache miss)
3994 http fetch GET 200 https://registry.npmjs.org/minimist/-/minimist-1.2.8.tgz 2511ms (cache miss)
3995 http fetch GET 200 https://registry.npmjs.org/@babel/helper-validator-option/-/helper-validator-option-7.29.7.tgz 2462ms (cache miss)
3996 http fetch GET 200 https://registry.npmjs.org/@babel/helper-validator-identifier/-/helper-validator-identifier-7.29.7.tgz 2474ms (cache miss)
3997 http fetch GET 200 https://registry.npmjs.org/domhandler/-/domhandler-5.0.3.tgz 2498ms (cache miss)
3998 http fetch GET 200 https://registry.npmjs.org/dom-serializer/-/dom-serializer-2.0.0.tgz 2502ms (cache miss)
3999 http fetch GET 200 https://registry.npmjs.org/@babel/code-frame/-/code-frame-7.29.7.tgz 2489ms (cache miss)
4000 http fetch GET 200 https://registry.npmjs.org/@emnapi/runtime/-/runtime-1.11.1.tgz 2561ms (cache miss)
4001 http fetch GET 200 https://registry.npmjs.org/hermes-estree/-/hermes-estree-0.25.1.tgz 2643ms (cache miss)
4002 http fetch GET 200 https://registry.npmjs.org/acorn/-/acorn-8.17.0.tgz 2648ms (cache miss)
4003 http fetch GET 200 https://registry.npmjs.org/@nodelib/fs.stat/-/fs.stat-2.0.5.tgz 2681ms (cache miss)
4004 http fetch GET 200 https://registry.npmjs.org/iterator.prototype/-/iterator.prototype-1.1.5.tgz 2690ms (cache miss)
4005 http fetch GET 200 https://registry.npmjs.org/string.prototype.repeat/-/string.prototype.repeat-1.0.0.tgz 2742ms (cache miss)
4006 http fetch GET 200 https://registry.npmjs.org/styled-jsx/-/styled-jsx-5.1.6.tgz 2806ms (cache miss)
4007 http fetch GET 200 https://registry.npmjs.org/node-exports-info/-/node-exports-info-1.6.0.tgz 2848ms (cache miss)
4008 http fetch GET 200 https://registry.npmjs.org/string.prototype.matchall/-/string.prototype.matchall-4.0.12.tgz 2882ms (cache miss)
4009 http fetch GET 200 https://registry.npmjs.org/array.prototype.findlast/-/array.prototype.findlast-1.2.5.tgz 2886ms (cache miss)
4010 http fetch GET 200 https://registry.npmjs.org/estraverse/-/estraverse-5.3.0.tgz 2950ms (cache miss)
4011 http fetch GET 200 https://registry.npmjs.org/@emnapi/core/-/core-1.10.0.tgz 3034ms (cache miss)
4012 http fetch GET 200 https://registry.npmjs.org/array.prototype.tosorted/-/array.prototype.tosorted-1.1.4.tgz 2972ms (cache miss)
4013 http fetch GET 200 https://registry.npmjs.org/@babel/helper-compilation-targets/-/helper-compilation-targets-7.29.7.tgz 2989ms (cache miss)
4014 http fetch GET 200 https://registry.npmjs.org/zod-validation-error/-/zod-validation-error-4.0.2.tgz 2998ms (cache miss)
4015 http fetch GET 200 https://registry.npmjs.org/prop-types/-/prop-types-15.8.1.tgz 3003ms (cache miss)
4016 http fetch GET 200 https://registry.npmjs.org/json5/-/json5-2.2.3.tgz 3019ms (cache miss)
4017 http fetch GET 200 https://registry.npmjs.org/string.prototype.includes/-/string.prototype.includes-2.0.1.tgz 3028ms (cache miss)
4018 http fetch GET 200 https://registry.npmjs.org/@babel/helper-module-transforms/-/helper-module-transforms-7.29.7.tgz 3037ms (cache miss)
4019 http fetch GET 200 https://registry.npmjs.org/@babel/template/-/template-7.29.7.tgz 3098ms (cache miss)
4020 http fetch GET 200 https://registry.npmjs.org/@nodelib/fs.walk/-/fs.walk-1.2.8.tgz 3145ms (cache miss)
4021 http fetch GET 200 https://registry.npmjs.org/language-subtag-registry/-/language-subtag-registry-0.3.23.tgz 3332ms (cache miss)
4022 http fetch GET 200 https://registry.npmjs.org/damerau-levenshtein/-/damerau-levenshtein-1.0.8.tgz 3316ms (cache miss)
4023 http fetch GET 200 https://registry.npmjs.org/language-tags/-/language-tags-1.0.9.tgz 3327ms (cache miss)
4024 http fetch GET 200 https://registry.npmjs.org/has-tostringtag/-/has-tostringtag-1.0.2.tgz 3617ms (cache miss)
4025 http fetch GET 200 https://registry.npmjs.org/es-abstract-get/-/es-abstract-get-1.0.0.tgz 3633ms (cache miss)
4026 http fetch GET 200 https://registry.npmjs.org/is-symbol/-/is-symbol-1.1.1.tgz 3708ms (cache miss)
4027 http fetch GET 200 https://registry.npmjs.org/is-date-object/-/is-date-object-1.1.0.tgz 3716ms (cache miss)
4028 http fetch GET 200 https://registry.npmjs.org/possible-typed-array-names/-/possible-typed-array-names-1.1.0.tgz 3851ms (cache miss)
4029 http fetch GET 200 https://registry.npmjs.org/unbox-primitive/-/unbox-primitive-1.1.0.tgz 3904ms (cache miss)
4030 http fetch GET 200 https://registry.npmjs.org/typed-array-length/-/typed-array-length-1.0.8.tgz 3909ms (cache miss)
4031 http fetch GET 200 https://registry.npmjs.org/typed-array-byte-length/-/typed-array-byte-length-1.0.3.tgz 3908ms (cache miss)
4032 http fetch GET 200 https://registry.npmjs.org/typed-array-byte-offset/-/typed-array-byte-offset-1.0.4.tgz 3912ms (cache miss)
4033 http fetch GET 200 https://registry.npmjs.org/which-typed-array/-/which-typed-array-1.1.22.tgz 3914ms (cache miss)
4034 http fetch GET 200 https://registry.npmjs.org/ast-types-flow/-/ast-types-flow-0.0.8.tgz 4039ms (cache miss)
4035 http fetch GET 200 https://registry.npmjs.org/safe-push-apply/-/safe-push-apply-1.0.0.tgz 4045ms (cache miss)
4036 http fetch GET 200 https://registry.npmjs.org/set-proto/-/set-proto-1.0.0.tgz 4061ms (cache miss)
4037 http fetch GET 200 https://registry.npmjs.org/stop-iteration-iterator/-/stop-iteration-iterator-1.1.0.tgz 4063ms (cache miss)
4038 http fetch GET 200 https://registry.npmjs.org/own-keys/-/own-keys-1.0.1.tgz 4062ms (cache miss)
4039 http fetch GET 200 https://registry.npmjs.org/string.prototype.trimstart/-/string.prototype.trimstart-1.0.8.tgz 4066ms (cache miss)
4040 http fetch GET 200 https://registry.npmjs.org/safe-array-concat/-/safe-array-concat-1.1.4.tgz 4064ms (cache miss)
4041 http fetch GET 200 https://registry.npmjs.org/safe-regex-test/-/safe-regex-test-1.1.0.tgz 4079ms (cache miss)
4042 http fetch GET 200 https://registry.npmjs.org/regexp.prototype.flags/-/regexp.prototype.flags-1.5.4.tgz 4082ms (cache miss)
4043 http fetch GET 200 https://registry.npmjs.org/sharp/-/sharp-0.34.5.tgz 4181ms (cache miss)
4044 http fetch GET 200 https://registry.npmjs.org/is-typed-array/-/is-typed-array-1.1.15.tgz 4159ms (cache miss)
4045 http fetch GET 200 https://registry.npmjs.org/is-shared-array-buffer/-/is-shared-array-buffer-1.0.4.tgz 4158ms (cache miss)
4046 http fetch GET 200 https://registry.npmjs.org/is-set/-/is-set-2.0.3.tgz 4160ms (cache miss)
4047 http fetch GET 200 https://registry.npmjs.org/internal-slot/-/internal-slot-1.1.0.tgz 4170ms (cache miss)
4048 http fetch GET 200 https://registry.npmjs.org/is-array-buffer/-/is-array-buffer-3.0.5.tgz 4193ms (cache miss)
4049 http fetch GET 200 https://registry.npmjs.org/object.entries/-/object.entries-1.1.9.tgz 4219ms (cache miss)
4050 http fetch GET 200 https://registry.npmjs.org/has-proto/-/has-proto-1.2.0.tgz 4205ms (cache miss)
4051 http fetch GET 200 https://registry.npmjs.org/has-symbols/-/has-symbols-1.1.0.tgz 4205ms (cache miss)
4052 http fetch GET 200 https://registry.npmjs.org/data-view-byte-offset/-/data-view-byte-offset-1.0.1.tgz 4238ms (cache miss)
4053 http fetch GET 200 https://registry.npmjs.org/es-set-tostringtag/-/es-set-tostringtag-2.1.0.tgz 4244ms (cache miss)
4054 http fetch GET 200 https://registry.npmjs.org/function.prototype.name/-/function.prototype.name-1.2.0.tgz 4260ms (cache miss)
4055 http fetch GET 200 https://registry.npmjs.org/get-proto/-/get-proto-1.0.1.tgz 4318ms (cache miss)
4056 http fetch GET 200 https://registry.npmjs.org/es-to-primitive/-/es-to-primitive-1.3.1.tgz 4321ms (cache miss)
4057 http fetch GET 200 https://registry.npmjs.org/get-symbol-description/-/get-symbol-description-1.1.0.tgz 4325ms (cache miss)
4058 http fetch GET 200 https://registry.npmjs.org/@typescript-eslint/type-utils/-/type-utils-8.61.1.tgz 4692ms (cache miss)
4059 http fetch GET 200 https://registry.npmjs.org/typed-array-buffer/-/typed-array-buffer-1.0.3.tgz 4673ms (cache miss)
4060 http fetch GET 200 https://registry.npmjs.org/data-view-byte-length/-/data-view-byte-length-1.0.2.tgz 4669ms (cache miss)
4061 http fetch GET 200 https://registry.npmjs.org/available-typed-arrays/-/available-typed-arrays-1.0.7.tgz 4673ms (cache miss)
4062 http fetch GET 200 https://registry.npmjs.org/has-property-descriptors/-/has-property-descriptors-1.0.2.tgz 4707ms (cache miss)
4063 http fetch GET 200 https://registry.npmjs.org/gopd/-/gopd-1.2.0.tgz 4713ms (cache miss)
4064 http fetch GET 200 https://registry.npmjs.org/data-view-buffer/-/data-view-buffer-1.0.2.tgz 4716ms (cache miss)
4065 http fetch GET 200 https://registry.npmjs.org/define-data-property/-/define-data-property-1.1.4.tgz 4715ms (cache miss)
4066 http fetch GET 200 https://registry.npmjs.org/object-keys/-/object-keys-1.1.1.tgz 4798ms (cache miss)
4067 http fetch GET 200 https://registry.npmjs.org/arraybuffer.prototype.slice/-/arraybuffer.prototype.slice-1.0.4.tgz 4798ms (cache miss)
4068 http fetch GET 200 https://registry.npmjs.org/es-define-property/-/es-define-property-1.0.1.tgz 4798ms (cache miss)
4069 http fetch GET 200 https://registry.npmjs.org/array-buffer-byte-length/-/array-buffer-byte-length-1.0.2.tgz 4804ms (cache miss)
4070 http fetch GET 200 https://registry.npmjs.org/es-shim-unscopables/-/es-shim-unscopables-1.1.0.tgz 5096ms (cache miss)
4071 http fetch GET 200 https://registry.npmjs.org/set-function-length/-/set-function-length-1.2.2.tgz 5112ms (cache miss)
4072 http fetch GET 200 https://registry.npmjs.org/is-string/-/is-string-1.1.1.tgz 5192ms (cache miss)
4073 http fetch GET 200 https://registry.npmjs.org/call-bind-apply-helpers/-/call-bind-apply-helpers-1.0.2.tgz 5195ms (cache miss)
4074 http fetch GET 200 https://registry.npmjs.org/es-errors/-/es-errors-1.3.0.tgz 5195ms (cache miss)
4075 http fetch GET 200 https://registry.npmjs.org/math-intrinsics/-/math-intrinsics-1.1.0.tgz 5208ms (cache miss)
4076 http fetch GET 200 https://registry.npmjs.org/is-callable/-/is-callable-1.2.7.tgz 5226ms (cache miss)
4077 http fetch GET 200 https://registry.npmjs.org/is-weakref/-/is-weakref-1.1.1.tgz 5274ms (cache miss)
4078 http fetch GET 200 https://registry.npmjs.org/call-bound/-/call-bound-1.0.4.tgz 5263ms (cache miss)
4079 http fetch GET 200 https://registry.npmjs.org/es-object-atoms/-/es-object-atoms-1.1.2.tgz 5266ms (cache miss)
4080 http fetch GET 200 https://registry.npmjs.org/is-regex/-/is-regex-1.2.1.tgz 5292ms (cache miss)
4081 http fetch GET 200 https://registry.npmjs.org/define-properties/-/define-properties-1.2.1.tgz 5316ms (cache miss)
4082 http fetch GET 200 https://registry.npmjs.org/is-data-view/-/is-data-view-1.0.2.tgz 5517ms (cache miss)
4083 http fetch GET 200 https://registry.npmjs.org/hasown/-/hasown-2.0.4.tgz 5538ms (cache miss)
4084 http fetch GET 200 https://registry.npmjs.org/object.fromentries/-/object.fromentries-2.0.8.tgz 5545ms (cache miss)
4085 http fetch GET 200 https://registry.npmjs.org/is-negative-zero/-/is-negative-zero-2.0.3.tgz 5570ms (cache miss)
4086 http fetch GET 200 https://registry.npmjs.org/string.prototype.trimend/-/string.prototype.trimend-1.0.10.tgz 5594ms (cache miss)
4087 http fetch GET 200 https://registry.npmjs.org/object.values/-/object.values-1.2.1.tgz 5595ms (cache miss)
4088 http fetch GET 200 https://registry.npmjs.org/call-bind/-/call-bind-1.0.9.tgz 5598ms (cache miss)
4089 http fetch GET 200 https://registry.npmjs.org/object.groupby/-/object.groupby-1.0.3.tgz 5595ms (cache miss)
4090 http fetch GET 200 https://registry.npmjs.org/@rtsao/scc/-/scc-1.1.0.tgz 5823ms (cache miss)
4091 http fetch GET 200 https://registry.npmjs.org/array.prototype.flatmap/-/array.prototype.flatmap-1.3.3.tgz 5825ms (cache miss)
4092 http fetch GET 200 https://registry.npmjs.org/array-includes/-/array-includes-3.1.9.tgz 5832ms (cache miss)
4093 http fetch GET 200 https://registry.npmjs.org/@nolyfill/is-core-module/-/is-core-module-1.0.39.tgz 5835ms (cache miss)
4094 http fetch GET 200 https://registry.npmjs.org/emoji-regex/-/emoji-regex-9.2.2.tgz 5887ms (cache miss)
4095 http fetch GET 200 https://registry.npmjs.org/stable-hash/-/stable-hash-0.0.5.tgz 5867ms (cache miss)
4096 http fetch GET 200 https://registry.npmjs.org/tinyglobby/-/tinyglobby-0.2.17.tgz 5922ms (cache miss)
4097 http fetch GET 200 https://registry.npmjs.org/strip-json-comments/-/strip-json-comments-3.1.1.tgz 5922ms (cache miss)
4098 http fetch GET 200 https://registry.npmjs.org/array.prototype.flat/-/array.prototype.flat-1.3.3.tgz 5962ms (cache miss)
4099 http fetch GET 200 https://registry.npmjs.org/color-name/-/color-name-1.1.4.tgz 5962ms (cache miss)
4100 http fetch GET 200 https://registry.npmjs.org/is-bun-module/-/is-bun-module-2.0.0.tgz 5966ms (cache miss)
4101 http fetch GET 200 https://registry.npmjs.org/supports-color/-/supports-color-7.2.0.tgz 5965ms (cache miss)
4102 http fetch GET 200 https://registry.npmjs.org/is-core-module/-/is-core-module-2.16.2.tgz 5966ms (cache miss)
4103 http fetch GET 200 https://registry.npmjs.org/@babel/parser/-/parser-7.29.7.tgz 6037ms (cache miss)
4104 http fetch GET 200 https://registry.npmjs.org/import-fresh/-/import-fresh-3.3.1.tgz 6073ms (cache miss)
4105 http fetch GET 200 https://registry.npmjs.org/ansi-styles/-/ansi-styles-4.3.0.tgz 6079ms (cache miss)
4106 http fetch GET 200 https://registry.npmjs.org/@types/json-schema/-/json-schema-7.0.15.tgz 6100ms (cache miss)
4107 http fetch GET 200 https://registry.npmjs.org/@eslint/js/-/js-9.39.4.tgz 6171ms (cache miss)
4108 http fetch GET 200 https://registry.npmjs.org/chalk/-/chalk-4.1.2.tgz 6173ms (cache miss)
4109 http fetch GET 200 https://registry.npmjs.org/@types/estree/-/estree-1.0.9.tgz 6173ms (cache miss)
4110 http fetch GET 200 https://registry.npmjs.org/minimatch/-/minimatch-3.1.5.tgz 6214ms (cache miss)
4111 http fetch GET 200 https://registry.npmjs.org/string.prototype.trim/-/string.prototype.trim-1.2.11.tgz 6352ms (cache miss)
4112 http fetch GET 200 https://registry.npmjs.org/@eslint/config-helpers/-/config-helpers-0.4.2.tgz 6322ms (cache miss)
4113 http fetch GET 200 https://registry.npmjs.org/typescript-eslint/-/typescript-eslint-8.61.1.tgz 6323ms (cache miss)
4114 http fetch GET 200 https://registry.npmjs.org/lodash.merge/-/lodash.merge-4.6.2.tgz 6330ms (cache miss)
4115 http fetch GET 200 https://registry.npmjs.org/semver/-/semver-6.3.1.tgz 6352ms (cache miss)
4116 http fetch GET 200 https://registry.npmjs.org/@tybys/wasm-util/-/wasm-util-0.10.2.tgz 6505ms (cache miss)
4117 http fetch GET 200 https://registry.npmjs.org/unrs-resolver/-/unrs-resolver-1.12.2.tgz 6400ms (cache miss)
4118 http fetch GET 200 https://registry.npmjs.org/get-intrinsic/-/get-intrinsic-1.3.0.tgz 6596ms (cache miss)
4119 http fetch GET 200 https://registry.npmjs.org/color-convert/-/color-convert-2.0.1.tgz 6596ms (cache miss)
4120 http fetch GET 200 https://registry.npmjs.org/eslint-import-resolver-node/-/eslint-import-resolver-node-0.3.10.tgz 6690ms (cache miss)
4121 http fetch GET 200 https://registry.npmjs.org/ms/-/ms-2.1.3.tgz 6689ms (cache miss)
4122 http fetch GET 200 https://registry.npmjs.org/which/-/which-2.0.2.tgz 6691ms (cache miss)
4123 http fetch GET 200 https://registry.npmjs.org/path-key/-/path-key-3.1.1.tgz 6889ms (cache miss)
4124 http fetch GET 200 https://registry.npmjs.org/shebang-command/-/shebang-command-2.0.0.tgz 6893ms (cache miss)
4125 http fetch GET 200 https://registry.npmjs.org/fast-json-stable-stringify/-/fast-json-stable-stringify-2.1.0.tgz 6893ms (cache miss)
4126 http fetch GET 200 https://registry.npmjs.org/json-schema-traverse/-/json-schema-traverse-0.4.1.tgz 7051ms (cache miss)
4127 http fetch GET 200 https://registry.npmjs.org/optionator/-/optionator-0.9.4.tgz 7171ms (cache miss)
4128 http fetch GET 200 https://registry.npmjs.org/is-glob/-/is-glob-4.0.3.tgz 7171ms (cache miss)
4129 http fetch GET 200 https://registry.npmjs.org/levn/-/levn-0.4.1.tgz 7173ms (cache miss)
4130 http fetch GET 200 https://registry.npmjs.org/json-stable-stringify-without-jsonify/-/json-stable-stringify-without-jsonify-1.0.1.tgz 7179ms (cache miss)
4131 http fetch GET 200 https://registry.npmjs.org/@eslint/core/-/core-0.17.0.tgz 7193ms (cache miss)
4132 http fetch GET 200 https://registry.npmjs.org/glob-parent/-/glob-parent-6.0.2.tgz 7193ms (cache miss)
4133 http fetch GET 200 https://registry.npmjs.org/ignore/-/ignore-5.3.2.tgz 7201ms (cache miss)
4134 http fetch GET 200 https://registry.npmjs.org/imurmurhash/-/imurmurhash-0.1.4.tgz 7213ms (cache miss)
4135 http fetch GET 200 https://registry.npmjs.org/find-up/-/find-up-5.0.0.tgz 7228ms (cache miss)
4136 http fetch GET 200 https://registry.npmjs.org/natural-compare/-/natural-compare-1.4.0.tgz 7235ms (cache miss)
4137 http fetch GET 200 https://registry.npmjs.org/doctrine/-/doctrine-2.1.0.tgz 7290ms (cache miss)
4138 http fetch GET 200 https://registry.npmjs.org/function-bind/-/function-bind-1.1.2.tgz 7306ms (cache miss)
4139 http fetch GET 200 https://registry.npmjs.org/esutils/-/esutils-2.0.3.tgz 7295ms (cache miss)
4140 http fetch GET 200 https://registry.npmjs.org/globalthis/-/globalthis-1.0.4.tgz 7353ms (cache miss)
4141 http fetch GET 200 https://registry.npmjs.org/get-tsconfig/-/get-tsconfig-4.14.0.tgz 7334ms (cache miss)
4142 http fetch GET 200 https://registry.npmjs.org/@humanfs/types/-/types-0.15.0.tgz 7315ms (cache miss)
4143 http fetch GET 200 https://registry.npmjs.org/file-entry-cache/-/file-entry-cache-8.0.0.tgz 7316ms (cache miss)
4144 http fetch GET 200 https://registry.npmjs.org/globals/-/globals-16.4.0.tgz 7365ms (cache miss)
4145 http fetch GET 200 https://registry.npmjs.org/escape-string-regexp/-/escape-string-regexp-4.0.0.tgz 7363ms (cache miss)
4146 http fetch GET 200 https://registry.npmjs.org/fast-deep-equal/-/fast-deep-equal-3.1.3.tgz 7373ms (cache miss)
4147 http fetch GET 200 https://registry.npmjs.org/cross-spawn/-/cross-spawn-7.0.6.tgz 7478ms (cache miss)
4148 http fetch GET 200 https://registry.npmjs.org/@humanwhocodes/module-importer/-/module-importer-1.0.1.tgz 7557ms (cache miss)
4149 http fetch GET 200 https://registry.npmjs.org/@humanfs/node/-/node-0.16.8.tgz 7621ms (cache miss)
4150 http fetch GET 200 https://registry.npmjs.org/eslint-visitor-keys/-/eslint-visitor-keys-4.2.1.tgz 7708ms (cache miss)
4151 http fetch GET 200 https://registry.npmjs.org/@tiptap/extension-underline/-/extension-underline-3.27.1.tgz 7772ms (cache miss)
4152 http fetch GET 200 https://registry.npmjs.org/@tiptap/extension-text/-/extension-text-3.27.1.tgz 7779ms (cache miss)
4153 http fetch GET 200 https://registry.npmjs.org/eslint-import-resolver-typescript/-/eslint-import-resolver-typescript-3.10.1.tgz 8077ms (cache miss)
4154 http fetch GET 200 https://registry.npmjs.org/espree/-/espree-10.4.0.tgz 8092ms (cache miss)
4155 http fetch GET 200 https://registry.npmjs.org/object.assign/-/object.assign-4.1.7.tgz 8149ms (cache miss)
4156 http fetch GET 200 https://registry.npmjs.org/@tiptap/extension-list-keymap/-/extension-list-keymap-3.27.1.tgz 8088ms (cache miss)
4157 http fetch GET 200 https://registry.npmjs.org/@tiptap/extension-ordered-list/-/extension-ordered-list-3.27.1.tgz 8088ms (cache miss)
4158 http fetch GET 200 https://registry.npmjs.org/@tiptap/extension-strike/-/extension-strike-3.27.1.tgz 8109ms (cache miss)
4159 http fetch GET 200 https://registry.npmjs.org/@tiptap/extension-horizontal-rule/-/extension-horizontal-rule-3.27.1.tgz 8109ms (cache miss)
4160 http fetch GET 200 https://registry.npmjs.org/@tiptap/extension-heading/-/extension-heading-3.27.1.tgz 8109ms (cache miss)
4161 http fetch GET 200 https://registry.npmjs.org/graceful-fs/-/graceful-fs-4.2.11.tgz 8127ms (cache miss)
4162 http fetch GET 200 https://registry.npmjs.org/@tiptap/extension-list-item/-/extension-list-item-3.27.1.tgz 8125ms (cache miss)
4163 http fetch GET 200 https://registry.npmjs.org/@tiptap/extension-hard-break/-/extension-hard-break-3.27.1.tgz 8125ms (cache miss)
4164 http fetch GET 200 https://registry.npmjs.org/@tiptap/extension-paragraph/-/extension-paragraph-3.27.1.tgz 8129ms (cache miss)
4165 http fetch GET 200 https://registry.npmjs.org/debug/-/debug-4.4.3.tgz 8154ms (cache miss)
4166 http fetch GET 200 https://registry.npmjs.org/use-sync-external-store/-/use-sync-external-store-1.6.0.tgz 8253ms (cache miss)
4167 http fetch GET 200 https://registry.npmjs.org/@napi-rs/wasm-runtime/-/wasm-runtime-1.1.5.tgz 8424ms (cache miss)
4168 http fetch GET 200 https://registry.npmjs.org/@tiptap/extension-italic/-/extension-italic-3.27.1.tgz 8276ms (cache miss)
4169 http fetch GET 200 https://registry.npmjs.org/@tiptap/extension-gapcursor/-/extension-gapcursor-3.27.1.tgz 8278ms (cache miss)
4170 http fetch GET 200 https://registry.npmjs.org/@tiptap/extension-document/-/extension-document-3.27.1.tgz 8278ms (cache miss)
4171 http fetch GET 200 https://registry.npmjs.org/@tiptap/extension-code-block/-/extension-code-block-3.27.1.tgz 8303ms (cache miss)
4172 http fetch GET 200 https://registry.npmjs.org/@tiptap/extension-bullet-list/-/extension-bullet-list-3.27.1.tgz 8302ms (cache miss)
4173 http fetch GET 200 https://registry.npmjs.org/@tiptap/extension-dropcursor/-/extension-dropcursor-3.27.1.tgz 8341ms (cache miss)
4174 http fetch GET 200 https://registry.npmjs.org/@types/use-sync-external-store/-/use-sync-external-store-0.0.6.tgz 8342ms (cache miss)
4175 http fetch GET 200 https://registry.npmjs.org/@tiptap/extension-bold/-/extension-bold-3.27.1.tgz 8359ms (cache miss)
4176 http fetch GET 200 https://registry.npmjs.org/@eslint/object-schema/-/object-schema-2.1.7.tgz 8477ms (cache miss)
4177 http fetch GET 200 https://registry.npmjs.org/array.prototype.findlastindex/-/array.prototype.findlastindex-1.2.6.tgz 8492ms (cache miss)
4178 http fetch GET 200 https://registry.npmjs.org/@tiptap/extension-floating-menu/-/extension-floating-menu-3.27.1.tgz 8459ms (cache miss)
4179 http fetch GET 200 https://registry.npmjs.org/prosemirror-keymap/-/prosemirror-keymap-1.2.3.tgz 8484ms (cache miss)
4180 http fetch GET 200 https://registry.npmjs.org/prosemirror-dropcursor/-/prosemirror-dropcursor-1.8.2.tgz 8587ms (cache miss)
4181 http fetch GET 200 https://registry.npmjs.org/@jridgewell/resolve-uri/-/resolve-uri-3.1.2.tgz 8723ms (cache miss)
4182 http fetch GET 200 https://registry.npmjs.org/@humanwhocodes/retry/-/retry-0.4.3.tgz 8803ms (cache miss)
4183 http fetch GET 200 https://registry.npmjs.org/@eslint/plugin-kit/-/plugin-kit-0.4.1.tgz 8908ms (cache miss)
4184 http fetch GET 200 https://registry.npmjs.org/@humanfs/core/-/core-0.19.2.tgz 9022ms (cache miss)
4185 http fetch GET 200 https://registry.npmjs.org/@tailwindcss/oxide/-/oxide-4.3.1.tgz 8992ms (cache miss)
4186 http fetch GET 200 https://registry.npmjs.org/eslint-scope/-/eslint-scope-8.4.0.tgz 9232ms (cache miss)
4187 http fetch GET 200 https://registry.npmjs.org/@alloc/quick-lru/-/quick-lru-5.2.0.tgz 9205ms (cache miss)
4188 http fetch GET 200 https://registry.npmjs.org/@eslint-community/regexpp/-/regexpp-4.12.2.tgz 9447ms (cache miss)
4189 http fetch GET 200 https://registry.npmjs.org/clsx/-/clsx-2.1.1.tgz 9426ms (cache miss)
4190 http fetch GET 200 https://registry.npmjs.org/sanitize-html/-/sanitize-html-2.17.5.tgz 9435ms (cache miss)
4191 http fetch GET 200 https://registry.npmjs.org/@types/sanitize-html/-/sanitize-html-2.16.1.tgz 9477ms (cache miss)
4192 http fetch GET 200 https://registry.npmjs.org/@eslint-community/eslint-utils/-/eslint-utils-4.9.1.tgz 9587ms (cache miss)
4193 http fetch GET 200 https://registry.npmjs.org/eslint-config-next/-/eslint-config-next-16.2.9.tgz 9578ms (cache miss)
4194 http fetch GET 200 https://registry.npmjs.org/cookie/-/cookie-1.1.1.tgz 9837ms (cache miss)
4195 http fetch GET 200 https://registry.npmjs.org/@tiptap/starter-kit/-/starter-kit-3.27.1.tgz 9860ms (cache miss)
4196 http fetch GET 200 https://registry.npmjs.org/@tiptap/extension-code/-/extension-code-3.27.1.tgz 10136ms (cache miss)
4197 http fetch GET 200 https://registry.npmjs.org/@tiptap/pm/-/pm-3.27.1.tgz 10446ms (cache miss)
4198 http fetch GET 200 https://registry.npmjs.org/prosemirror-schema-list/-/prosemirror-schema-list-1.5.1.tgz 10473ms (cache miss)
4199 http fetch GET 200 https://registry.npmjs.org/eslint-visitor-keys/-/eslint-visitor-keys-5.0.1.tgz 10500ms (cache miss)
4200 http fetch GET 200 https://registry.npmjs.org/prosemirror-history/-/prosemirror-history-1.5.0.tgz 10535ms (cache miss)
4201 http fetch GET 200 https://registry.npmjs.org/balanced-match/-/balanced-match-4.0.4.tgz 10548ms (cache miss)
4202 http fetch GET 200 https://registry.npmjs.org/linkifyjs/-/linkifyjs-4.3.3.tgz 10669ms (cache miss)
4203 http fetch GET 200 https://registry.npmjs.org/@floating-ui/dom/-/dom-1.7.6.tgz 10738ms (cache miss)
4204 http fetch GET 200 https://registry.npmjs.org/prosemirror-gapcursor/-/prosemirror-gapcursor-1.4.1.tgz 10784ms (cache miss)
4205 http fetch GET 200 https://registry.npmjs.org/@floating-ui/core/-/core-1.7.5.tgz 10814ms (cache miss)
4206 http fetch GET 200 https://registry.npmjs.org/brace-expansion/-/brace-expansion-5.0.6.tgz 10797ms (cache miss)
4207 http fetch GET 200 https://registry.npmjs.org/glob-parent/-/glob-parent-5.1.2.tgz 10826ms (cache miss)
4208 http fetch GET 200 https://registry.npmjs.org/@tiptap/extension-bubble-menu/-/extension-bubble-menu-3.27.1.tgz 10862ms (cache miss)
4209 http fetch GET 200 https://registry.npmjs.org/fdir/-/fdir-6.5.0.tgz 10855ms (cache miss)
4210 http fetch GET 200 https://registry.npmjs.org/eslint-visitor-keys/-/eslint-visitor-keys-3.4.3.tgz 10886ms (cache miss)
4211 http fetch GET 200 https://registry.npmjs.org/prosemirror-commands/-/prosemirror-commands-1.7.1.tgz 10989ms (cache miss)
4212 http fetch GET 200 https://registry.npmjs.org/iceberg-js/-/iceberg-js-0.8.1.tgz 10990ms (cache miss)
4213 http fetch GET 200 https://registry.npmjs.org/ignore/-/ignore-7.0.5.tgz 10978ms (cache miss)
4214 http fetch GET 200 https://registry.npmjs.org/csstype/-/csstype-3.2.3.tgz 11094ms (cache miss)
4215 http fetch GET 200 https://registry.npmjs.org/eslint-module-utils/-/eslint-module-utils-2.13.0.tgz 11135ms (cache miss)
4216 http fetch GET 200 https://registry.npmjs.org/@tailwindcss/postcss/-/postcss-4.3.1.tgz 11106ms (cache miss)
4217 http fetch GET 200 https://registry.npmjs.org/@eslint/config-array/-/config-array-0.21.2.tgz 11173ms (cache miss)
4218 http fetch GET 200 https://registry.npmjs.org/prosemirror-inputrules/-/prosemirror-inputrules-1.5.1.tgz 11139ms (cache miss)
4219 http fetch GET 200 https://registry.npmjs.org/tslib/-/tslib-2.8.1.tgz 11245ms (cache miss)
4220 http fetch GET 200 https://registry.npmjs.org/@tailwindcss/node/-/node-4.3.1.tgz 11256ms (cache miss)
4221 http fetch GET 200 https://registry.npmjs.org/globals/-/globals-14.0.0.tgz 11288ms (cache miss)
4222 http fetch GET 200 https://registry.npmjs.org/tapable/-/tapable-2.3.3.tgz 11363ms (cache miss)
4223 http fetch GET 200 https://registry.npmjs.org/prosemirror-tables/-/prosemirror-tables-1.8.5.tgz 11354ms (cache miss)
4224 http fetch GET 200 https://registry.npmjs.org/prosemirror-state/-/prosemirror-state-1.4.4.tgz 11373ms (cache miss)
4225 http fetch GET 200 https://registry.npmjs.org/object-inspect/-/object-inspect-1.13.4.tgz 11460ms (cache miss)
4226 http fetch GET 200 https://registry.npmjs.org/magic-string/-/magic-string-0.30.21.tgz 11513ms (cache miss)
4227 http fetch GET 200 https://registry.npmjs.org/@types/react-dom/-/react-dom-19.2.3.tgz 11549ms (cache miss)
4228 http fetch GET 200 https://registry.npmjs.org/debug/-/debug-3.2.7.tgz 11541ms (cache miss)
4229 http fetch GET 200 https://registry.npmjs.org/debug/-/debug-3.2.7.tgz 11560ms (cache miss)
4230 http fetch GET 200 https://registry.npmjs.org/debug/-/debug-3.2.7.tgz 11601ms (cache miss)
4231 http fetch GET 200 https://registry.npmjs.org/@floating-ui/utils/-/utils-0.2.11.tgz 11648ms (cache miss)
4232 http fetch GET 200 https://registry.npmjs.org/prosemirror-changeset/-/prosemirror-changeset-2.4.1.tgz 11747ms (cache miss)
4233 http fetch GET 200 https://registry.npmjs.org/picomatch/-/picomatch-4.0.4.tgz 11821ms (cache miss)
4234 http fetch GET 200 https://registry.npmjs.org/esquery/-/esquery-1.7.0.tgz 11881ms (cache miss)
4235 http fetch GET 200 https://registry.npmjs.org/source-map-js/-/source-map-js-1.2.1.tgz 11859ms (cache miss)
4236 http fetch GET 200 https://registry.npmjs.org/lightningcss/-/lightningcss-1.32.0.tgz 11969ms (cache miss)
4237 http fetch GET 200 https://registry.npmjs.org/@babel/generator/-/generator-7.29.7.tgz 12157ms (cache miss)
4238 http fetch GET 200 https://registry.npmjs.org/json5/-/json5-1.0.2.tgz 12040ms (cache miss)
4239 http fetch GET 200 https://registry.npmjs.org/@tiptap/extension-blockquote/-/extension-blockquote-3.27.1.tgz 12132ms (cache miss)
4240 http fetch GET 200 https://registry.npmjs.org/prosemirror-transform/-/prosemirror-transform-1.12.0.tgz 12188ms (cache miss)
4241 http fetch GET 200 https://registry.npmjs.org/@types/react/-/react-19.2.17.tgz 12225ms (cache miss)
4242 http fetch GET 200 https://registry.npmjs.org/@tiptap/extension-link/-/extension-link-3.27.1.tgz 12332ms (cache miss)
4243 http fetch GET 200 https://registry.npmjs.org/domutils/-/domutils-3.2.2.tgz 12655ms (cache miss)
4244 http fetch GET 200 https://registry.npmjs.org/prosemirror-model/-/prosemirror-model-1.25.9.tgz 12570ms (cache miss)
4245 http fetch GET 200 https://registry.npmjs.org/undici-types/-/undici-types-7.24.6.tgz 12904ms (cache miss)
4246 http fetch GET 200 https://registry.npmjs.org/@jridgewell/sourcemap-codec/-/sourcemap-codec-1.5.5.tgz 12918ms (cache miss)
4247 http fetch GET 200 https://registry.npmjs.org/react/-/react-19.2.7.tgz 13203ms (cache miss)
4248 http fetch GET 200 https://registry.npmjs.org/prosemirror-view/-/prosemirror-view-1.41.9.tgz 13288ms (cache miss)
4249 http fetch GET 200 https://registry.npmjs.org/@jridgewell/remapping/-/remapping-2.3.5.tgz 13309ms (cache miss)
4250 http fetch GET 200 https://registry.npmjs.org/fast-equals/-/fast-equals-5.4.0.tgz 13355ms (cache miss)
4251 http fetch GET 200 https://registry.npmjs.org/@jridgewell/gen-mapping/-/gen-mapping-0.3.13.tgz 13382ms (cache miss)
4252 http fetch GET 200 https://registry.npmjs.org/hermes-parser/-/hermes-parser-0.25.1.tgz 13483ms (cache miss)
4253 http fetch GET 200 https://registry.npmjs.org/@eslint/eslintrc/-/eslintrc-3.3.5.tgz 13451ms (cache miss)
4254 http fetch GET 200 https://registry.npmjs.org/jiti/-/jiti-2.7.0.tgz 13581ms (cache miss)
4255 http fetch GET 200 https://registry.npmjs.org/js-yaml/-/js-yaml-4.2.0.tgz 13935ms (cache miss)
4256 http fetch GET 200 https://registry.npmjs.org/axe-core/-/axe-core-4.12.1.tgz 13993ms (cache miss)
4257 http fetch GET 200 https://registry.npmjs.org/@tailwindcss/oxide-win32-x64-msvc/-/oxide-win32-x64-msvc-4.3.1.tgz 13909ms (cache miss)
4258 http fetch GET 200 https://registry.npmjs.org/eslint-plugin-react-hooks/-/eslint-plugin-react-hooks-7.1.1.tgz 13954ms (cache miss)
4259 http fetch GET 200 https://registry.npmjs.org/tailwindcss/-/tailwindcss-4.3.1.tgz 14013ms (cache miss)
4260 http fetch GET 200 https://registry.npmjs.org/@supabase/supabase-js/-/supabase-js-2.108.2.tgz 14288ms (cache miss)
4261 http fetch GET 200 https://registry.npmjs.org/@typescript-eslint/typescript-estree/-/typescript-estree-8.61.1.tgz 14469ms (cache miss)
4262 http fetch GET 200 https://registry.npmjs.org/htmlparser2/-/htmlparser2-10.1.0.tgz 14397ms (cache miss)
4263 http fetch GET 200 https://registry.npmjs.org/@tiptap/react/-/react-3.27.1.tgz 14389ms (cache miss)
4264 http fetch GET 200 https://registry.npmjs.org/@supabase/postgrest-js/-/postgrest-js-2.108.2.tgz 14417ms (cache miss)
4265 http fetch GET 200 https://registry.npmjs.org/@supabase/storage-js/-/storage-js-2.108.2.tgz 14495ms (cache miss)
4266 http fetch GET 200 https://registry.npmjs.org/@typescript-eslint/utils/-/utils-8.61.1.tgz 14681ms (cache miss)
4267 http fetch GET 200 https://registry.npmjs.org/@jridgewell/trace-mapping/-/trace-mapping-0.3.31.tgz 14536ms (cache miss)
4268 http fetch GET 200 https://registry.npmjs.org/@babel/traverse/-/traverse-7.29.7.tgz 14649ms (cache miss)
4269 http fetch GET 200 https://registry.npmjs.org/postcss/-/postcss-8.5.15.tgz 14816ms (cache miss)
4270 http fetch GET 200 https://registry.npmjs.org/semver/-/semver-7.8.4.tgz 14877ms (cache miss)
4271 http fetch GET 200 https://registry.npmjs.org/semver/-/semver-7.8.4.tgz 14877ms (cache miss)
4272 http fetch GET 200 https://registry.npmjs.org/semver/-/semver-7.8.4.tgz 14897ms (cache miss)
4273 http fetch GET 200 https://registry.npmjs.org/enhanced-resolve/-/enhanced-resolve-5.21.6.tgz 14963ms (cache miss)
4274 http fetch GET 200 https://registry.npmjs.org/@next/eslint-plugin-next/-/eslint-plugin-next-16.2.9.tgz 15040ms (cache miss)
4275 http fetch GET 200 https://registry.npmjs.org/uri-js/-/uri-js-4.4.1.tgz 15050ms (cache miss)
4276 http fetch GET 200 https://registry.npmjs.org/fast-glob/-/fast-glob-3.3.1.tgz 15208ms (cache miss)
4277 http fetch GET 200 https://registry.npmjs.org/postcss/-/postcss-8.4.31.tgz 15187ms (cache miss)
4278 http fetch GET 200 https://registry.npmjs.org/lightningcss-win32-x64-msvc/-/lightningcss-win32-x64-msvc-1.32.0.tgz 15426ms (cache miss)
4279 http fetch GET 200 https://registry.npmjs.org/@supabase/functions-js/-/functions-js-2.108.2.tgz 15430ms (cache miss)
4280 http fetch GET 200 https://registry.npmjs.org/tsconfig-paths/-/tsconfig-paths-3.15.0.tgz 16287ms (cache miss)
4281 http fetch GET 200 https://registry.npmjs.org/@supabase/phoenix/-/phoenix-0.4.4.tgz 16341ms (cache miss)
4282 http fetch GET 200 https://registry.npmjs.org/minimatch/-/minimatch-10.2.5.tgz 16333ms (cache miss)
4283 http fetch GET 200 https://registry.npmjs.org/@tiptap/extension-text-style/-/extension-text-style-3.27.1.tgz 16550ms (cache miss)
4284 http fetch GET 200 https://registry.npmjs.org/entities/-/entities-4.5.0.tgz 16951ms (cache miss)
4285 http fetch GET 200 https://registry.npmjs.org/@types/node/-/node-25.9.3.tgz 17198ms (cache miss)
4286 http fetch GET 200 https://registry.npmjs.org/entities/-/entities-7.0.1.tgz 17455ms (cache miss)
4287 http fetch GET 200 https://registry.npmjs.org/es-iterator-helpers/-/es-iterator-helpers-1.3.3.tgz 17429ms (cache miss)
4288 http fetch GET 200 https://registry.npmjs.org/@tiptap/extensions/-/extensions-3.27.1.tgz 17475ms (cache miss)
4289 http fetch GET 200 https://registry.npmjs.org/jsx-ast-utils/-/jsx-ast-utils-3.3.5.tgz 17663ms (cache miss)
4290 http fetch GET 200 https://registry.npmjs.org/@tiptap/extension-list/-/extension-list-3.27.1.tgz 17614ms (cache miss)
4291 http fetch GET 200 https://registry.npmjs.org/ajv/-/ajv-6.15.0.tgz 17635ms (cache miss)
4292 http fetch GET 200 https://registry.npmjs.org/react-dom/-/react-dom-19.2.7.tgz 17737ms (cache miss)
4293 http fetch GET 200 https://registry.npmjs.org/resolve/-/resolve-2.0.0-next.7.tgz 18121ms (cache miss)
4294 http fetch GET 200 https://registry.npmjs.org/@babel/core/-/core-7.29.7.tgz 18285ms (cache miss)
4295 http fetch GET 200 https://registry.npmjs.org/@supabase/ssr/-/ssr-0.12.0.tgz 18786ms (cache miss)
4296 http fetch GET 200 https://registry.npmjs.org/eslint-plugin-import/-/eslint-plugin-import-2.32.0.tgz 18898ms (cache miss)
4297 http fetch GET 200 https://registry.npmjs.org/@img/sharp-win32-x64/-/sharp-win32-x64-0.34.5.tgz 19233ms (cache miss)
4298 http fetch GET 200 https://registry.npmjs.org/axobject-query/-/axobject-query-4.1.0.tgz 19490ms (cache miss)
4299 http fetch GET 200 https://registry.npmjs.org/@supabase/realtime-js/-/realtime-js-2.108.2.tgz 19750ms (cache miss)
4300 http fetch GET 200 https://registry.npmjs.org/@babel/types/-/types-7.29.7.tgz 20236ms (cache miss)
4301 http fetch GET 200 https://registry.npmjs.org/aria-query/-/aria-query-5.3.2.tgz 21338ms (cache miss)
4302 http fetch GET 200 https://registry.npmjs.org/@babel/helpers/-/helpers-7.29.7.tgz 21678ms (cache miss)
4303 http fetch GET 200 https://registry.npmjs.org/@tiptap/core/-/core-3.27.1.tgz 21770ms (cache miss)
4304 http fetch GET 200 https://registry.npmjs.org/eslint-plugin-jsx-a11y/-/eslint-plugin-jsx-a11y-6.10.2.tgz 22035ms (cache miss)
4305 http fetch GET 200 https://registry.npmjs.org/@supabase/auth-js/-/auth-js-2.108.2.tgz 22018ms (cache miss)
4306 http fetch GET 200 https://registry.npmjs.org/@swc/helpers/-/helpers-0.5.15.tgz 22631ms (cache miss)
4307 http fetch GET 200 https://registry.npmjs.org/@typescript-eslint/scope-manager/-/scope-manager-8.61.1.tgz 23009ms (cache miss)
4308 http fetch GET 200 https://registry.npmjs.org/typescript/-/typescript-6.0.3.tgz 22884ms (cache miss)
4309 http fetch GET 200 https://registry.npmjs.org/dayjs/-/dayjs-1.11.21.tgz 23846ms (cache miss)
4310 http fetch GET 200 https://registry.npmjs.org/eslint-plugin-react/-/eslint-plugin-react-7.37.5.tgz 24116ms (cache miss)
4311 http fetch GET 200 https://registry.npmjs.org/@typescript-eslint/eslint-plugin/-/eslint-plugin-8.61.1.tgz 24731ms (cache miss)
4312 http fetch GET 200 https://registry.npmjs.org/eslint/-/eslint-9.39.4.tgz 24658ms (cache miss)
4313 http fetch GET 200 https://registry.npmjs.org/@next/swc-win32-x64-msvc/-/swc-win32-x64-msvc-16.2.9.tgz 27304ms (cache miss)
4314 http fetch GET 200 https://registry.npmjs.org/zod/-/zod-4.4.3.tgz 27471ms (cache miss)
4315 http fetch GET 200 https://registry.npmjs.org/caniuse-lite/-/caniuse-lite-1.0.30001799.tgz 27612ms (cache miss)
4316 http fetch GET 200 https://registry.npmjs.org/es-abstract/-/es-abstract-1.24.2.tgz 32146ms (cache miss)
4317 http fetch GET 200 https://registry.npmjs.org/next/-/next-16.2.9.tgz 61470ms (cache miss)
4318 info run sharp@0.34.5 install node_modules/sharp node install/check.js || npm run build
4319 info run sharp@0.34.5 install { code: 0, signal: null }
4320 info run unrs-resolver@1.12.2 postinstall node_modules/unrs-resolver node postinstall.js
4321 info run unrs-resolver@1.12.2 postinstall { code: 0, signal: null }
4322 silly ADD node_modules/is-weakset
4323 silly ADD node_modules/is-weakmap
4324 silly ADD node_modules/is-map
4325 silly ADD node_modules/generator-function
4326 silly ADD node_modules/async-function
4327 silly ADD node_modules/which-collection
4328 silly ADD node_modules/is-generator-function
4329 silly ADD node_modules/is-finalizationregistry
4330 silly ADD node_modules/is-async-function
4331 silly ADD node_modules/is-number-object
4332 silly ADD node_modules/is-boolean-object
4333 silly ADD node_modules/is-bigint
4334 silly ADD node_modules/isexe
4335 silly ADD node_modules/punycode
4336 silly ADD node_modules/escalade
4337 silly ADD node_modules/@tybys/wasm-util
4338 silly ADD node_modules/@emnapi/wasi-threads
4339 silly ADD node_modules/@napi-rs/wasm-runtime
4340 silly ADD node_modules/@emnapi/core
4341 silly ADD node_modules/napi-postinstall
4342 silly ADD node_modules/@unrs/resolver-binding-win32-x64-msvc
4343 silly ADD node_modules/which-boxed-primitive
4344 silly ADD node_modules/has-bigints
4345 silly ADD node_modules/@typescript-eslint/tsconfig-utils
4346 silly ADD node_modules/@typescript-eslint/project-service
4347 silly ADD node_modules/@typescript-eslint/types
4348 silly ADD node_modules/ts-api-utils
4349 silly ADD node_modules/@typescript-eslint/visitor-keys
4350 silly ADD node_modules/@typescript-eslint/visitor-keys/node_modules/eslint-visitor-keys
4351 silly ADD node_modules/@typescript-eslint/type-utils
4352 silly ADD node_modules/@typescript-eslint/scope-manager
4353 silly ADD node_modules/@typescript-eslint/utils
4354 silly ADD node_modules/@typescript-eslint/typescript-estree
4355 silly ADD node_modules/@typescript-eslint/typescript-estree/node_modules/balanced-match
4356 silly ADD node_modules/@typescript-eslint/typescript-estree/node_modules/brace-expansion
4357 silly ADD node_modules/@typescript-eslint/typescript-estree/node_modules/semver
4358 silly ADD node_modules/@typescript-eslint/typescript-estree/node_modules/minimatch
4359 silly ADD node_modules/@typescript-eslint/parser
4360 silly ADD node_modules/@typescript-eslint/eslint-plugin
4361 silly ADD node_modules/@typescript-eslint/eslint-plugin/node_modules/ignore
4362 silly ADD node_modules/which-builtin-type
4363 silly ADD node_modules/reflect.getprototypeof
4364 silly ADD node_modules/for-each
4365 silly ADD node_modules/strip-bom
4366 silly ADD node_modules/minimist
4367 silly ADD node_modules/@types/json5
4368 silly ADD node_modules/is-number
4369 silly ADD node_modules/has-flag
4370 silly ADD node_modules/client-only
4371 silly ADD node_modules/side-channel-weakmap
4372 silly ADD node_modules/side-channel-map
4373 silly ADD node_modules/side-channel-list
4374 silly ADD node_modules/shebang-regex
4375 silly ADD node_modules/@emnapi/runtime
4376 silly ADD node_modules/@img/sharp-win32-x64
4377 silly ADD node_modules/@img/colour
4378 silly ADD node_modules/dayjs
4379 silly ADD node_modules/parse-srcset
4380 silly ADD node_modules/launder
4381 silly ADD node_modules/is-plain-object
4382 silly ADD node_modules/deepmerge
4383 silly ADD node_modules/isarray
4384 silly ADD node_modules/queue-microtask
4385 silly ADD node_modules/supports-preserve-symlinks-flag
4386 silly ADD node_modules/path-parse
4387 silly ADD node_modules/node-exports-info
4388 silly ADD node_modules/scheduler
4389 silly ADD node_modules/orderedmap
4390 silly ADD node_modules/w3c-keyname
4391 silly ADD node_modules/rope-sequence
4392 silly ADD node_modules/react-is
4393 silly ADD node_modules/object-assign
4394 silly ADD node_modules/loose-envify
4395 silly ADD node_modules/nanoid
4396 silly ADD node_modules/callsites
4397 silly ADD node_modules/yocto-queue
4398 silly ADD node_modules/p-limit
4399 silly ADD node_modules/word-wrap
4400 silly ADD node_modules/fast-levenshtein
4401 silly ADD node_modules/deep-is
4402 silly ADD node_modules/styled-jsx
4403 silly ADD node_modules/sharp
4404 silly ADD node_modules/sharp/node_modules/semver
4405 silly ADD node_modules/@swc/helpers
4406 silly ADD node_modules/@next/swc-win32-x64-msvc
4407 silly ADD node_modules/@next/env
4408 silly ADD node_modules/concat-map
4409 silly ADD node_modules/balanced-match
4410 silly ADD node_modules/brace-expansion
4411 silly ADD node_modules/to-regex-range
4412 silly ADD node_modules/fill-range
4413 silly ADD node_modules/picomatch
4414 silly ADD node_modules/braces
4415 silly ADD node_modules/yallist
4416 silly ADD node_modules/p-locate
4417 silly ADD node_modules/lightningcss-win32-x64-msvc
4418 silly ADD node_modules/detect-libc
4419 silly ADD node_modules/type-check
4420 silly ADD node_modules/prelude-ls
4421 silly ADD node_modules/language-subtag-registry
4422 silly ADD node_modules/json-buffer
4423 silly ADD node_modules/argparse
4424 silly ADD node_modules/set-function-name
4425 silly ADD node_modules/is-extglob
4426 silly ADD node_modules/side-channel
4427 silly ADD node_modules/resolve-from
4428 silly ADD node_modules/parent-module
4429 silly ADD node_modules/dom-serializer
4430 silly ADD node_modules/dom-serializer/node_modules/entities
4431 silly ADD node_modules/entities
4432 silly ADD node_modules/domutils
4433 silly ADD node_modules/domhandler
4434 silly ADD node_modules/domelementtype
4435 silly ADD node_modules/hermes-estree
4436 silly ADD node_modules/resolve-pkg-maps
4437 silly ADD node_modules/dunder-proto
4438 silly ADD node_modules/is-document.all
4439 silly ADD node_modules/functions-have-names
4440 silly ADD node_modules/keyv
4441 silly ADD node_modules/flatted
4442 silly ADD node_modules/path-exists
4443 silly ADD node_modules/locate-path
4444 silly ADD node_modules/flat-cache
4445 silly ADD node_modules/reusify
4446 silly ADD node_modules/run-parallel
4447 silly ADD node_modules/fastq
4448 silly ADD node_modules/@nodelib/fs.scandir
4449 silly ADD node_modules/micromatch
4450 silly ADD node_modules/merge2
4451 silly ADD node_modules/@nodelib/fs.walk
4452 silly ADD node_modules/@nodelib/fs.stat
4453 silly ADD node_modules/acorn-jsx
4454 silly ADD node_modules/acorn
4455 silly ADD node_modules/esrecurse
4456 silly ADD node_modules/update-browserslist-db
4457 silly ADD node_modules/node-releases
4458 silly ADD node_modules/electron-to-chromium
4459 silly ADD node_modules/caniuse-lite
4460 silly ADD node_modules/baseline-browser-mapping
4461 silly ADD node_modules/@babel/helper-string-parser
4462 silly ADD node_modules/@babel/helper-globals
4463 silly ADD node_modules/@babel/helper-module-imports
4464 silly ADD node_modules/lru-cache
4465 silly ADD node_modules/browserslist
4466 silly ADD node_modules/@babel/helper-validator-option
4467 silly ADD node_modules/@babel/compat-data
4468 silly ADD node_modules/jsesc
4469 silly ADD node_modules/picocolors
4470 silly ADD node_modules/js-tokens
4471 silly ADD node_modules/@babel/helper-validator-identifier
4472 silly ADD node_modules/json5
4473 silly ADD node_modules/gensync
4474 silly ADD node_modules/convert-source-map
4475 silly ADD node_modules/@babel/types
4476 silly ADD node_modules/@babel/traverse
4477 silly ADD node_modules/@babel/template
4478 silly ADD node_modules/@babel/helpers
4479 silly ADD node_modules/@babel/helper-module-transforms
4480 silly ADD node_modules/@babel/helper-compilation-targets
4481 silly ADD node_modules/@babel/generator
4482 silly ADD node_modules/@babel/code-frame
4483 silly ADD node_modules/zod-validation-error
4484 silly ADD node_modules/zod
4485 silly ADD node_modules/hermes-parser
4486 silly ADD node_modules/@babel/parser
4487 silly ADD node_modules/@babel/core
4488 silly ADD node_modules/iterator.prototype
4489 silly ADD node_modules/string.prototype.repeat
4490 silly ADD node_modules/string.prototype.matchall
4491 silly ADD node_modules/prop-types
4492 silly ADD node_modules/object.entries
4493 silly ADD node_modules/estraverse
4494 silly ADD node_modules/es-iterator-helpers
4495 silly ADD node_modules/array.prototype.tosorted
4496 silly ADD node_modules/array.prototype.findlast
4497 silly ADD node_modules/string.prototype.includes
4498 silly ADD node_modules/language-tags
4499 silly ADD node_modules/jsx-ast-utils
4500 silly ADD node_modules/emoji-regex
4501 silly ADD node_modules/damerau-levenshtein
4502 silly ADD node_modules/axobject-query
4503 silly ADD node_modules/axe-core
4504 silly ADD node_modules/ast-types-flow
4505 silly ADD node_modules/aria-query
4506 silly ADD node_modules/is-symbol
4507 silly ADD node_modules/is-date-object
4508 silly ADD node_modules/es-abstract-get
4509 silly ADD node_modules/has-tostringtag
4510 silly ADD node_modules/possible-typed-array-names
4511 silly ADD node_modules/which-typed-array
4512 silly ADD node_modules/unbox-primitive
4513 silly ADD node_modules/typed-array-length
4514 silly ADD node_modules/typed-array-byte-offset
4515 silly ADD node_modules/typed-array-byte-length
4516 silly ADD node_modules/typed-array-buffer
4517 silly ADD node_modules/string.prototype.trimstart
4518 silly ADD node_modules/string.prototype.trim
4519 silly ADD node_modules/stop-iteration-iterator
4520 silly ADD node_modules/set-proto
4521 silly ADD node_modules/safe-regex-test
4522 silly ADD node_modules/safe-push-apply
4523 silly ADD node_modules/safe-array-concat
4524 silly ADD node_modules/regexp.prototype.flags
4525 silly ADD node_modules/own-keys
4526 silly ADD node_modules/object.assign
4527 silly ADD node_modules/object-inspect
4528 silly ADD node_modules/is-weakref
4529 silly ADD node_modules/is-typed-array
4530 silly ADD node_modules/is-shared-array-buffer
4531 silly ADD node_modules/is-set
4532 silly ADD node_modules/is-regex
4533 silly ADD node_modules/is-negative-zero
4534 silly ADD node_modules/is-data-view
4535 silly ADD node_modules/is-callable
4536 silly ADD node_modules/is-array-buffer
4537 silly ADD node_modules/internal-slot
4538 silly ADD node_modules/has-symbols
4539 silly ADD node_modules/has-proto
4540 silly ADD node_modules/globalthis
4541 silly ADD node_modules/get-symbol-description
4542 silly ADD node_modules/get-proto
4543 silly ADD node_modules/function.prototype.name
4544 silly ADD node_modules/es-to-primitive
4545 silly ADD node_modules/es-set-tostringtag
4546 silly ADD node_modules/data-view-byte-offset
4547 silly ADD node_modules/data-view-byte-length
4548 silly ADD node_modules/data-view-buffer
4549 silly ADD node_modules/available-typed-arrays
4550 silly ADD node_modules/arraybuffer.prototype.slice
4551 silly ADD node_modules/array-buffer-byte-length
4552 silly ADD node_modules/gopd
4553 silly ADD node_modules/object-keys
4554 silly ADD node_modules/has-property-descriptors
4555 silly ADD node_modules/define-data-property
4556 silly ADD node_modules/function-bind
4557 silly ADD node_modules/set-function-length
4558 silly ADD node_modules/es-define-property
4559 silly ADD node_modules/call-bind-apply-helpers
4560 silly ADD node_modules/es-shim-unscopables
4561 silly ADD node_modules/es-errors
4562 silly ADD node_modules/math-intrinsics
4563 silly ADD node_modules/is-string
4564 silly ADD node_modules/get-intrinsic
4565 silly ADD node_modules/es-object-atoms
4566 silly ADD node_modules/es-abstract
4567 silly ADD node_modules/define-properties
4568 silly ADD node_modules/call-bound
4569 silly ADD node_modules/call-bind
4570 silly ADD node_modules/tsconfig-paths
4571 silly ADD node_modules/tsconfig-paths/node_modules/json5
4572 silly ADD node_modules/string.prototype.trimend
4573 silly ADD node_modules/semver
4574 silly ADD node_modules/object.values
4575 silly ADD node_modules/object.groupby
4576 silly ADD node_modules/object.fromentries
4577 silly ADD node_modules/hasown
4578 silly ADD node_modules/eslint-module-utils
4579 silly ADD node_modules/eslint-module-utils/node_modules/debug
4580 silly ADD node_modules/doctrine
4581 silly ADD node_modules/array.prototype.flatmap
4582 silly ADD node_modules/array.prototype.flat
4583 silly ADD node_modules/array.prototype.findlastindex
4584 silly ADD node_modules/array-includes
4585 silly ADD node_modules/@rtsao/scc
4586 silly ADD node_modules/unrs-resolver
4587 silly ADD node_modules/tinyglobby
4588 silly ADD node_modules/tinyglobby/node_modules/picomatch
4589 silly ADD node_modules/tinyglobby/node_modules/fdir
4590 silly ADD node_modules/stable-hash
4591 silly ADD node_modules/is-bun-module
4592 silly ADD node_modules/is-bun-module/node_modules/semver
4593 silly ADD node_modules/get-tsconfig
4594 silly ADD node_modules/@nolyfill/is-core-module
4595 silly ADD node_modules/resolve
4596 silly ADD node_modules/is-core-module
4597 silly ADD node_modules/color-name
4598 silly ADD node_modules/color-convert
4599 silly ADD node_modules/supports-color
4600 silly ADD node_modules/ansi-styles
4601 silly ADD node_modules/strip-json-comments
4602 silly ADD node_modules/js-yaml
4603 silly ADD node_modules/import-fresh
4604 silly ADD node_modules/@types/json-schema
4605 silly ADD node_modules/@eslint/object-schema
4606 silly ADD node_modules/minimatch
4607 silly ADD node_modules/lodash.merge
4608 silly ADD node_modules/espree
4609 silly ADD node_modules/eslint-visitor-keys
4610 silly ADD node_modules/eslint-scope
4611 silly ADD node_modules/chalk
4612 silly ADD node_modules/@types/estree
4613 silly ADD node_modules/@eslint/plugin-kit
4614 silly ADD node_modules/@eslint/js
4615 silly ADD node_modules/@eslint/eslintrc
4616 silly ADD node_modules/@eslint/eslintrc/node_modules/globals
4617 silly ADD node_modules/@eslint/core
4618 silly ADD node_modules/@eslint/config-helpers
4619 silly ADD node_modules/@eslint/config-array
4620 silly ADD node_modules/fast-glob
4621 silly ADD node_modules/fast-glob/node_modules/glob-parent
4622 silly ADD node_modules/typescript-eslint
4623 silly ADD node_modules/globals
4624 silly ADD node_modules/eslint-plugin-react-hooks
4625 silly ADD node_modules/eslint-plugin-react
4626 silly ADD node_modules/eslint-plugin-jsx-a11y
4627 silly ADD node_modules/eslint
4628 silly ADD node_modules/eslint-plugin-import
4629 silly ADD node_modules/eslint-plugin-import/node_modules/debug
4630 silly ADD node_modules/eslint-import-resolver-typescript
4631 silly ADD node_modules/eslint-import-resolver-node
4632 silly ADD node_modules/eslint-import-resolver-node/node_modules/debug
4633 silly ADD node_modules/@next/eslint-plugin-next
4634 silly ADD node_modules/ms
4635 silly ADD node_modules/which
4636 silly ADD node_modules/shebang-command
4637 silly ADD node_modules/path-key
4638 silly ADD node_modules/uri-js
4639 silly ADD node_modules/json-schema-traverse
4640 silly ADD node_modules/fast-json-stable-stringify
4641 silly ADD node_modules/@humanfs/types
4642 silly ADD node_modules/@humanfs/core
4643 silly ADD node_modules/levn
4644 silly ADD node_modules/optionator
4645 silly ADD node_modules/natural-compare
4646 silly ADD node_modules/json-stable-stringify-without-jsonify
4647 silly ADD node_modules/is-glob
4648 silly ADD node_modules/imurmurhash
4649 silly ADD node_modules/ignore
4650 silly ADD node_modules/glob-parent
4651 silly ADD node_modules/find-up
4652 silly ADD node_modules/file-entry-cache
4653 silly ADD node_modules/fast-deep-equal
4654 silly ADD node_modules/esutils
4655 silly ADD node_modules/esquery
4656 silly ADD node_modules/escape-string-regexp
4657 silly ADD node_modules/debug
4658 silly ADD node_modules/cross-spawn
4659 silly ADD node_modules/ajv
4660 silly ADD node_modules/@humanwhocodes/retry
4661 silly ADD node_modules/@humanwhocodes/module-importer
4662 silly ADD node_modules/@humanfs/node
4663 silly ADD node_modules/@eslint-community/regexpp
4664 silly ADD node_modules/@eslint-community/eslint-utils
4665 silly ADD node_modules/@eslint-community/eslint-utils/node_modules/eslint-visitor-keys
4666 silly ADD node_modules/tapable
4667 silly ADD node_modules/graceful-fs
4668 silly ADD node_modules/htmlparser2
4669 silly ADD node_modules/csstype
4670 silly ADD node_modules/undici-types
4671 silly ADD node_modules/@tiptap/extension-underline
4672 silly ADD node_modules/@tiptap/extension-text
4673 silly ADD node_modules/@tiptap/extension-strike
4674 silly ADD node_modules/@tiptap/extension-paragraph
4675 silly ADD node_modules/@tiptap/extension-ordered-list
4676 silly ADD node_modules/@tiptap/extension-list-keymap
4677 silly ADD node_modules/@tiptap/extension-list-item
4678 silly ADD node_modules/@tiptap/extension-italic
4679 silly ADD node_modules/@tiptap/extension-horizontal-rule
4680 silly ADD node_modules/@tiptap/extension-heading
4681 silly ADD node_modules/@tiptap/extension-hard-break
4682 silly ADD node_modules/@tiptap/extension-gapcursor
4683 silly ADD node_modules/@tiptap/extensions
4684 silly ADD node_modules/@tiptap/extension-dropcursor
4685 silly ADD node_modules/@tiptap/extension-document
4686 silly ADD node_modules/@tiptap/extension-code-block
4687 silly ADD node_modules/@tiptap/extension-code
4688 silly ADD node_modules/@tiptap/extension-list
4689 silly ADD node_modules/@tiptap/extension-bullet-list
4690 silly ADD node_modules/@tiptap/extension-bold
4691 silly ADD node_modules/@tiptap/extension-blockquote
4692 silly ADD node_modules/@floating-ui/utils
4693 silly ADD node_modules/@floating-ui/core
4694 silly ADD node_modules/use-sync-external-store
4695 silly ADD node_modules/fast-equals
4696 silly ADD node_modules/@types/use-sync-external-store
4697 silly ADD node_modules/@floating-ui/dom
4698 silly ADD node_modules/@tiptap/extension-floating-menu
4699 silly ADD node_modules/@tiptap/extension-bubble-menu
4700 silly ADD node_modules/prosemirror-view
4701 silly ADD node_modules/prosemirror-transform
4702 silly ADD node_modules/prosemirror-tables
4703 silly ADD node_modules/prosemirror-state
4704 silly ADD node_modules/prosemirror-schema-list
4705 silly ADD node_modules/prosemirror-model
4706 silly ADD node_modules/prosemirror-keymap
4707 silly ADD node_modules/prosemirror-inputrules
4708 silly ADD node_modules/prosemirror-history
4709 silly ADD node_modules/prosemirror-gapcursor
4710 silly ADD node_modules/prosemirror-dropcursor
4711 silly ADD node_modules/prosemirror-commands
4712 silly ADD node_modules/prosemirror-changeset
4713 silly ADD node_modules/linkifyjs
4714 silly ADD node_modules/@tailwindcss/oxide-win32-x64-msvc
4715 silly ADD node_modules/@jridgewell/resolve-uri
4716 silly ADD node_modules/@jridgewell/sourcemap-codec
4717 silly ADD node_modules/@jridgewell/trace-mapping
4718 silly ADD node_modules/@jridgewell/gen-mapping
4719 silly ADD node_modules/source-map-js
4720 silly ADD node_modules/magic-string
4721 silly ADD node_modules/lightningcss
4722 silly ADD node_modules/jiti
4723 silly ADD node_modules/enhanced-resolve
4724 silly ADD node_modules/@jridgewell/remapping
4725 silly ADD node_modules/postcss
4726 silly ADD node_modules/@tailwindcss/oxide
4727 silly ADD node_modules/@tailwindcss/node
4728 silly ADD node_modules/@alloc/quick-lru
4729 silly ADD node_modules/iceberg-js
4730 silly ADD node_modules/@supabase/phoenix
4731 silly ADD node_modules/tslib
4732 silly ADD node_modules/@supabase/storage-js
4733 silly ADD node_modules/@supabase/realtime-js
4734 silly ADD node_modules/@supabase/postgrest-js
4735 silly ADD node_modules/@supabase/functions-js
4736 silly ADD node_modules/@supabase/auth-js
4737 silly ADD node_modules/cookie
4738 silly ADD node_modules/typescript
4739 silly ADD node_modules/tailwindcss
4740 silly ADD node_modules/sanitize-html
4741 silly ADD node_modules/next
4742 silly ADD node_modules/next/node_modules/postcss
4743 silly ADD node_modules/eslint-config-next
4744 silly ADD node_modules/clsx
4745 silly ADD node_modules/@types/sanitize-html
4746 silly ADD node_modules/@types/node
4747 silly ADD node_modules/@tiptap/starter-kit
4748 silly ADD node_modules/react-dom
4749 silly ADD node_modules/react
4750 silly ADD node_modules/@types/react-dom
4751 silly ADD node_modules/@types/react
4752 silly ADD node_modules/@tiptap/react
4753 silly ADD node_modules/@tiptap/extension-text-style
4754 silly ADD node_modules/@tiptap/extension-link
4755 silly ADD node_modules/@tiptap/pm
4756 silly ADD node_modules/@tiptap/core
4757 silly ADD node_modules/@tailwindcss/postcss
4758 silly ADD node_modules/@supabase/supabase-js
4759 silly ADD node_modules/@supabase/ssr
4760 verbose cwd C:\Users\andre\OneDrive - Universidad Pontificia Comillas\TiempoConEnrique
4761 verbose os Windows_NT 10.0.26200
4762 verbose node v24.14.0
4763 verbose npm  v11.9.0
4764 verbose exit 0
4765 info ok
